department,commodity_desc,week_no,weekly_sales_value
DAIRY DELI,EGGS,35,5.7
DAIRY DELI,EGGS,36,29.18
DAIRY DELI,EGGS,37,19.9
DAIRY DELI,EGGS,38,9.29
DAIRY DELI,EGGS,39,3.38
DAIRY DELI,MILK BY-PRODUCTS,18,5.78
DELI,CHEESES,1,53.47
DELI,CHEESES,2,90.63
DELI,CHEESES,3,63.13
DELI,CHEESES,4,120.88
DELI,CHEESES,5,128.94
DELI,CHEESES,6,157.64
DELI,CHEESES,7,158.89
DELI,CHEESES,8,198.22
DELI,CHEESES,9,174.93
DELI,CHEESES,10,274.98
DELI,CHEESES,11,398.93
DELI,CHEESES,12,317.78
DELI,CHEESES,13,364.31
DELI,CHEESES,14,372.87
DELI,CHEESES,15,480.86
DELI,CHEESES,16,500.39
DELI,CHEESES,17,478.23
DELI,CHEESES,18,489.15
DELI,CHEESES,19,431.92
DELI,CHEESES,20,540.45
DELI,CHEESES,21,466.62
DELI,CHEESES,22,419.73
DELI,CHEESES,23,561.19
DELI,CHEESES,24,606.11
DELI,CHEESES,25,507.5
DELI,CHEESES,26,479.23
DELI,CHEESES,27,559.31
DELI,CHEESES,28,540.02
DELI,CHEESES,29,454.14
DELI,CHEESES,30,497.04
DELI,CHEESES,31,432.11
DELI,CHEESES,32,567.9
DELI,CHEESES,33,547.07
DELI,CHEESES,34,507.85
DELI,CHEESES,35,612.35
DELI,CHEESES,36,513.76
DELI,CHEESES,37,604.59
DELI,CHEESES,38,512.55
DELI,CHEESES,39,558.95
DELI,CHEESES,40,837.86
DELI,CHEESES,41,572.36
DELI,CHEESES,42,538.1
DELI,CHEESES,43,589.6
DELI,CHEESES,44,553.46
DELI,CHEESES,45,549.46
DELI,CHEESES,46,631.97
DELI,CHEESES,47,515.96
DELI,CHEESES,48,489.85
DELI,CHEESES,49,514.87
DELI,CHEESES,50,534.43
DELI,CHEESES,51,628.22
DELI,CHEESES,52,483.37
DELI,CHEESES,53,493.05
DELI,CHEESES,54,501.88
DELI,CHEESES,55,474.91
DELI,CHEESES,56,588.31
DELI,CHEESES,57,581.03
DELI,CHEESES,58,515.52
DELI,CHEESES,59,566.7
DELI,CHEESES,60,494.71
DELI,CHEESES,61,566.86
DELI,CHEESES,62,518.32
DELI,CHEESES,63,635.45
DELI,CHEESES,64,497.26
DELI,CHEESES,65,493.4
DELI,CHEESES,66,486.22
DELI,CHEESES,67,647.21
DELI,CHEESES,68,567.29
DELI,CHEESES,69,581.0
DELI,CHEESES,70,619.91
DELI,CHEESES,71,676.15
DELI,CHEESES,72,702.35
DELI,CHEESES,73,551.44
DELI,CHEESES,74,661.95
DELI,CHEESES,75,583.86
DELI,CHEESES,76,598.92
DELI,CHEESES,77,552.0
DELI,CHEESES,78,573.65
DELI,CHEESES,79,569.03
DELI,CHEESES,80,532.64
DELI,CHEESES,81,660.15
DELI,CHEESES,82,430.79
DELI,CHEESES,83,494.21
DELI,CHEESES,84,581.29
DELI,CHEESES,85,647.98
DELI,CHEESES,86,634.87
DELI,CHEESES,87,704.14
DELI,CHEESES,88,465.72
DELI,CHEESES,89,604.25
DELI,CHEESES,90,587.06
DELI,CHEESES,91,603.98
DELI,CHEESES,92,899.02
DELI,CHEESES,93,757.37
DELI,CHEESES,94,577.99
DELI,CHEESES,95,559.28
DELI,CHEESES,96,706.21
DELI,CHEESES,97,613.04
DELI,CHEESES,98,652.45
DELI,CHEESES,99,634.55
DELI,CHEESES,100,605.05
DELI,CHEESES,101,544.15
DELI,CHEESES,102,320.3
DELI,CHICKEN/POULTRY,1,18.17
DELI,CHICKEN/POULTRY,2,44.51
DELI,CHICKEN/POULTRY,3,103.86
DELI,CHICKEN/POULTRY,4,76.08
DELI,CHICKEN/POULTRY,5,109.52
DELI,CHICKEN/POULTRY,6,125.24
DELI,CHICKEN/POULTRY,7,96.54
DELI,CHICKEN/POULTRY,8,141.52
DELI,CHICKEN/POULTRY,9,141.59
DELI,CHICKEN/POULTRY,10,194.55
DELI,CHICKEN/POULTRY,11,241.84
DELI,CHICKEN/POULTRY,12,258.77
DELI,CHICKEN/POULTRY,13,546.49
DELI,CHICKEN/POULTRY,14,338.28
DELI,CHICKEN/POULTRY,15,361.41
DELI,CHICKEN/POULTRY,16,321.44
DELI,CHICKEN/POULTRY,17,292.13
DELI,CHICKEN/POULTRY,18,346.37
DELI,CHICKEN/POULTRY,19,382.86
DELI,CHICKEN/POULTRY,20,348.84
DELI,CHICKEN/POULTRY,21,317.66
DELI,CHICKEN/POULTRY,22,263.76
DELI,CHICKEN/POULTRY,23,330.1
DELI,CHICKEN/POULTRY,24,382.74
DELI,CHICKEN/POULTRY,25,383.37
DELI,CHICKEN/POULTRY,26,311.85
DELI,CHICKEN/POULTRY,27,382.57
DELI,CHICKEN/POULTRY,28,167.67
DELI,CHICKEN/POULTRY,29,327.22
DELI,CHICKEN/POULTRY,30,408.4
DELI,CHICKEN/POULTRY,31,333.78
DELI,CHICKEN/POULTRY,32,275.43
DELI,CHICKEN/POULTRY,33,285.5
DELI,CHICKEN/POULTRY,34,329.77
DELI,CHICKEN/POULTRY,35,312.94
DELI,CHICKEN/POULTRY,36,196.95
DELI,CHICKEN/POULTRY,37,257.06
DELI,CHICKEN/POULTRY,38,326.79
DELI,CHICKEN/POULTRY,39,303.08
DELI,CHICKEN/POULTRY,40,265.7
DELI,CHICKEN/POULTRY,41,327.06
DELI,CHICKEN/POULTRY,42,339.96
DELI,CHICKEN/POULTRY,43,289.52
DELI,CHICKEN/POULTRY,44,321.93
DELI,CHICKEN/POULTRY,45,303.44
DELI,CHICKEN/POULTRY,46,420.37
DELI,CHICKEN/POULTRY,47,280.59
DELI,CHICKEN/POULTRY,48,311.54
DELI,CHICKEN/POULTRY,49,326.14
DELI,CHICKEN/POULTRY,50,334.69
DELI,CHICKEN/POULTRY,51,288.3
DELI,CHICKEN/POULTRY,52,318.13
DELI,CHICKEN/POULTRY,53,280.64
DELI,CHICKEN/POULTRY,54,378.81
DELI,CHICKEN/POULTRY,55,432.54
DELI,CHICKEN/POULTRY,56,235.43
DELI,CHICKEN/POULTRY,57,317.35
DELI,CHICKEN/POULTRY,58,241.15
DELI,CHICKEN/POULTRY,59,453.12
DELI,CHICKEN/POULTRY,60,346.51
DELI,CHICKEN/POULTRY,61,324.13
DELI,CHICKEN/POULTRY,62,327.73
DELI,CHICKEN/POULTRY,63,356.39
DELI,CHICKEN/POULTRY,64,333.44
DELI,CHICKEN/POULTRY,65,327.58
DELI,CHICKEN/POULTRY,66,467.11
DELI,CHICKEN/POULTRY,67,545.79
DELI,CHICKEN/POULTRY,68,407.43
DELI,CHICKEN/POULTRY,69,594.54
DELI,CHICKEN/POULTRY,70,420.1
DELI,CHICKEN/POULTRY,71,293.89
DELI,CHICKEN/POULTRY,72,533.11
DELI,CHICKEN/POULTRY,73,394.45
DELI,CHICKEN/POULTRY,74,442.88
DELI,CHICKEN/POULTRY,75,373.39
DELI,CHICKEN/POULTRY,76,345.57
DELI,CHICKEN/POULTRY,77,274.86
DELI,CHICKEN/POULTRY,78,289.21
DELI,CHICKEN/POULTRY,79,302.36
DELI,CHICKEN/POULTRY,80,375.94
DELI,CHICKEN/POULTRY,81,290.74
DELI,CHICKEN/POULTRY,82,257.91
DELI,CHICKEN/POULTRY,83,230.94
DELI,CHICKEN/POULTRY,84,382.07
DELI,CHICKEN/POULTRY,85,379.22
DELI,CHICKEN/POULTRY,86,353.01
DELI,CHICKEN/POULTRY,87,298.77
DELI,CHICKEN/POULTRY,88,350.54
DELI,CHICKEN/POULTRY,89,288.77
DELI,CHICKEN/POULTRY,90,352.42
DELI,CHICKEN/POULTRY,91,302.63
DELI,CHICKEN/POULTRY,92,347.76
DELI,CHICKEN/POULTRY,93,345.09
DELI,CHICKEN/POULTRY,94,351.08
DELI,CHICKEN/POULTRY,95,331.6
DELI,CHICKEN/POULTRY,96,309.7
DELI,CHICKEN/POULTRY,97,299.65
DELI,CHICKEN/POULTRY,98,562.14
DELI,CHICKEN/POULTRY,99,405.74
DELI,CHICKEN/POULTRY,100,437.08
DELI,CHICKEN/POULTRY,101,270.92
DELI,CHICKEN/POULTRY,102,218.73
DELI,COFFEE SHOP,16,0.99
DELI,COFFEE SHOP,17,0.99
DELI,COFFEE SHOP,32,0.99
DELI,DELI MEATS,1,88.39
DELI,DELI MEATS,2,182.44
DELI,DELI MEATS,3,223.94
DELI,DELI MEATS,4,237.23
DELI,DELI MEATS,5,325.79
DELI,DELI MEATS,6,346.23
DELI,DELI MEATS,7,310.58
DELI,DELI MEATS,8,538.33
DELI,DELI MEATS,9,520.67
DELI,DELI MEATS,10,534.8
DELI,DELI MEATS,11,940.81
DELI,DELI MEATS,12,874.22
DELI,DELI MEATS,13,749.51
DELI,DELI MEATS,14,849.32
DELI,DELI MEATS,15,1008.02
DELI,DELI MEATS,16,1134.42
DELI,DELI MEATS,17,1198.22
DELI,DELI MEATS,18,1222.24
DELI,DELI MEATS,19,1102.96
DELI,DELI MEATS,20,1209.42
DELI,DELI MEATS,21,1149.45
DELI,DELI MEATS,22,1078.9
DELI,DELI MEATS,23,1100.14
DELI,DELI MEATS,24,1224.48
DELI,DELI MEATS,25,1303.27
DELI,DELI MEATS,26,1180.47
DELI,DELI MEATS,27,1041.11
DELI,DELI MEATS,28,1192.73
DELI,DELI MEATS,29,1023.79
DELI,DELI MEATS,30,1091.6
DELI,DELI MEATS,31,988.52
DELI,DELI MEATS,32,1077.56
DELI,DELI MEATS,33,1184.83
DELI,DELI MEATS,34,1163.68
DELI,DELI MEATS,35,981.49
DELI,DELI MEATS,36,918.89
DELI,DELI MEATS,37,1037.25
DELI,DELI MEATS,38,1029.34
DELI,DELI MEATS,39,989.4
DELI,DELI MEATS,40,1228.73
DELI,DELI MEATS,41,1018.83
DELI,DELI MEATS,42,1220.01
DELI,DELI MEATS,43,1137.35
DELI,DELI MEATS,44,1037.66
DELI,DELI MEATS,45,1009.86
DELI,DELI MEATS,46,1154.21
DELI,DELI MEATS,47,1055.93
DELI,DELI MEATS,48,987.81
DELI,DELI MEATS,49,1068.69
DELI,DELI MEATS,50,1183.45
DELI,DELI MEATS,51,1129.71
DELI,DELI MEATS,52,1162.55
DELI,DELI MEATS,53,1077.07
DELI,DELI MEATS,54,1017.21
DELI,DELI MEATS,55,1144.29
DELI,DELI MEATS,56,1157.6
DELI,DELI MEATS,57,1150.49
DELI,DELI MEATS,58,987.19
DELI,DELI MEATS,59,1220.26
DELI,DELI MEATS,60,1183.87
DELI,DELI MEATS,61,1083.47
DELI,DELI MEATS,62,1056.28
DELI,DELI MEATS,63,1408.94
DELI,DELI MEATS,64,1156.13
DELI,DELI MEATS,65,997.46
DELI,DELI MEATS,66,1018.18
DELI,DELI MEATS,67,1373.05
DELI,DELI MEATS,68,1243.28
DELI,DELI MEATS,69,1454.26
DELI,DELI MEATS,70,1394.81
DELI,DELI MEATS,71,1094.3
DELI,DELI MEATS,72,1348.98
DELI,DELI MEATS,73,1421.26
DELI,DELI MEATS,74,1236.39
DELI,DELI MEATS,75,1186.18
DELI,DELI MEATS,76,1130.37
DELI,DELI MEATS,77,1145.33
DELI,DELI MEATS,78,1132.33
DELI,DELI MEATS,79,1033.1
DELI,DELI MEATS,80,1003.14
DELI,DELI MEATS,81,1253.22
DELI,DELI MEATS,82,1035.75
DELI,DELI MEATS,83,1164.45
DELI,DELI MEATS,84,1089.69
DELI,DELI MEATS,85,1290.15
DELI,DELI MEATS,86,1069.65
DELI,DELI MEATS,87,1065.59
DELI,DELI MEATS,88,1024.59
DELI,DELI MEATS,89,1278.92
DELI,DELI MEATS,90,1256.52
DELI,DELI MEATS,91,1123.03
DELI,DELI MEATS,92,1330.65
DELI,DELI MEATS,93,1000.24
DELI,DELI MEATS,94,1153.44
DELI,DELI MEATS,95,1109.21
DELI,DELI MEATS,96,1201.7
DELI,DELI MEATS,97,1160.1
DELI,DELI MEATS,98,1334.16
DELI,DELI MEATS,99,1271.28
DELI,DELI MEATS,100,1025.66
DELI,DELI MEATS,101,1116.3
DELI,DELI MEATS,102,581.19
DELI,DELI SPECIALTIES (RETAIL PK),3,11.97
DELI,DELI SPECIALTIES (RETAIL PK),4,9.87
DELI,DELI SPECIALTIES (RETAIL PK),5,8.75
DELI,DELI SPECIALTIES (RETAIL PK),6,13.38
DELI,DELI SPECIALTIES (RETAIL PK),7,8.04
DELI,DELI SPECIALTIES (RETAIL PK),8,20.55
DELI,DELI SPECIALTIES (RETAIL PK),9,7.99
DELI,DELI SPECIALTIES (RETAIL PK),10,16.9
DELI,DELI SPECIALTIES (RETAIL PK),11,15.48
DELI,DELI SPECIALTIES (RETAIL PK),12,11.87
DELI,DELI SPECIALTIES (RETAIL PK),13,13.14
DELI,DELI SPECIALTIES (RETAIL PK),14,11.56
DELI,DELI SPECIALTIES (RETAIL PK),15,15.05
DELI,DELI SPECIALTIES (RETAIL PK),16,20.9
DELI,DELI SPECIALTIES (RETAIL PK),17,23.15
DELI,DELI SPECIALTIES (RETAIL PK),18,28.18
DELI,DELI SPECIALTIES (RETAIL PK),19,8.76
DELI,DELI SPECIALTIES (RETAIL PK),20,21.27
DELI,DELI SPECIALTIES (RETAIL PK),21,12.21
DELI,DELI SPECIALTIES (RETAIL PK),22,15.48
DELI,DELI SPECIALTIES (RETAIL PK),23,31.32
DELI,DELI SPECIALTIES (RETAIL PK),24,5.59
DELI,DELI SPECIALTIES (RETAIL PK),25,39.98
DELI,DELI SPECIALTIES (RETAIL PK),26,32.46
DELI,DELI SPECIALTIES (RETAIL PK),27,16.35
DELI,DELI SPECIALTIES (RETAIL PK),28,21.49
DELI,DELI SPECIALTIES (RETAIL PK),29,45.0
DELI,DELI SPECIALTIES (RETAIL PK),30,34.07
DELI,DELI SPECIALTIES (RETAIL PK),31,19.97
DELI,DELI SPECIALTIES (RETAIL PK),32,17.96
DELI,DELI SPECIALTIES (RETAIL PK),33,29.84
DELI,DELI SPECIALTIES (RETAIL PK),34,7.06
DELI,DELI SPECIALTIES (RETAIL PK),35,28.11
DELI,DELI SPECIALTIES (RETAIL PK),36,16.54
DELI,DELI SPECIALTIES (RETAIL PK),37,34.6
DELI,DELI SPECIALTIES (RETAIL PK),38,30.03
DELI,DELI SPECIALTIES (RETAIL PK),39,18.52
DELI,DELI SPECIALTIES (RETAIL PK),40,9.06
DELI,DELI SPECIALTIES (RETAIL PK),41,12.79
DELI,DELI SPECIALTIES (RETAIL PK),42,9.77
DELI,DELI SPECIALTIES (RETAIL PK),43,17.64
DELI,DELI SPECIALTIES (RETAIL PK),44,7.86
DELI,DELI SPECIALTIES (RETAIL PK),45,9.65
DELI,DELI SPECIALTIES (RETAIL PK),46,15.76
DELI,DELI SPECIALTIES (RETAIL PK),47,10.57
DELI,DELI SPECIALTIES (RETAIL PK),48,7.38
DELI,DELI SPECIALTIES (RETAIL PK),49,6.96
DELI,DELI SPECIALTIES (RETAIL PK),50,12.15
DELI,DELI SPECIALTIES (RETAIL PK),51,7.95
DELI,DELI SPECIALTIES (RETAIL PK),52,8.27
DELI,DELI SPECIALTIES (RETAIL PK),53,2.89
DELI,DELI SPECIALTIES (RETAIL PK),54,11.27
DELI,DELI SPECIALTIES (RETAIL PK),55,13.06
DELI,DELI SPECIALTIES (RETAIL PK),56,13.75
DELI,DELI SPECIALTIES (RETAIL PK),57,3.18
DELI,DELI SPECIALTIES (RETAIL PK),58,10.95
DELI,DELI SPECIALTIES (RETAIL PK),59,12.86
DELI,DELI SPECIALTIES (RETAIL PK),60,10.92
DELI,DELI SPECIALTIES (RETAIL PK),61,15.95
DELI,DELI SPECIALTIES (RETAIL PK),62,9.67
DELI,DELI SPECIALTIES (RETAIL PK),63,12.25
DELI,DELI SPECIALTIES (RETAIL PK),64,2.89
DELI,DELI SPECIALTIES (RETAIL PK),65,14.81
DELI,DELI SPECIALTIES (RETAIL PK),66,1.18
DELI,DELI SPECIALTIES (RETAIL PK),67,0.59
DELI,DELI SPECIALTIES (RETAIL PK),68,9.77
DELI,DELI SPECIALTIES (RETAIL PK),69,9.57
DELI,DELI SPECIALTIES (RETAIL PK),70,15.45
DELI,DELI SPECIALTIES (RETAIL PK),71,13.66
DELI,DELI SPECIALTIES (RETAIL PK),72,3.48
DELI,DELI SPECIALTIES (RETAIL PK),73,15.26
DELI,DELI SPECIALTIES (RETAIL PK),74,5.28
DELI,DELI SPECIALTIES (RETAIL PK),75,12.03
DELI,DELI SPECIALTIES (RETAIL PK),76,16.54
DELI,DELI SPECIALTIES (RETAIL PK),77,17.44
DELI,DELI SPECIALTIES (RETAIL PK),78,14.45
DELI,DELI SPECIALTIES (RETAIL PK),79,6.68
DELI,DELI SPECIALTIES (RETAIL PK),80,16.23
DELI,DELI SPECIALTIES (RETAIL PK),81,5.87
DELI,DELI SPECIALTIES (RETAIL PK),82,5.28
DELI,DELI SPECIALTIES (RETAIL PK),83,11.97
DELI,DELI SPECIALTIES (RETAIL PK),84,0.59
DELI,DELI SPECIALTIES (RETAIL PK),85,16.06
DELI,DELI SPECIALTIES (RETAIL PK),86,3.79
DELI,DELI SPECIALTIES (RETAIL PK),87,8.37
DELI,DELI SPECIALTIES (RETAIL PK),88,7.47
DELI,DELI SPECIALTIES (RETAIL PK),89,11.27
DELI,DELI SPECIALTIES (RETAIL PK),90,3.99
DELI,DELI SPECIALTIES (RETAIL PK),91,22.42
DELI,DELI SPECIALTIES (RETAIL PK),92,11.97
DELI,DELI SPECIALTIES (RETAIL PK),93,6.37
DELI,DELI SPECIALTIES (RETAIL PK),94,10.06
DELI,DELI SPECIALTIES (RETAIL PK),95,10.97
DELI,DELI SPECIALTIES (RETAIL PK),96,2.89
DELI,DELI SPECIALTIES (RETAIL PK),97,0.0
DELI,DELI SPECIALTIES (RETAIL PK),98,0.59
DELI,DELI SPECIALTIES (RETAIL PK),99,4.58
DELI,DELI SPECIALTIES (RETAIL PK),100,6.88
DELI,DELI SPECIALTIES (RETAIL PK),101,6.88
DELI,DELI SPECIALTIES (RETAIL PK),102,12.25
DELI,DELI SUPPLIES,1,5.99
DELI,DELI SUPPLIES,2,2.23
DELI,DELI SUPPLIES,4,5.99
DELI,DELI SUPPLIES,6,3.0
DELI,DELI SUPPLIES,7,2.0
DELI,DELI SUPPLIES,9,4.0
DELI,DELI SUPPLIES,10,14.98
DELI,DELI SUPPLIES,12,4.99
DELI,DELI SUPPLIES,13,2.49
DELI,DELI SUPPLIES,14,8.67
DELI,DELI SUPPLIES,15,20.11
DELI,DELI SUPPLIES,16,16.29
DELI,DELI SUPPLIES,17,7.19
DELI,DELI SUPPLIES,18,3.99
DELI,DELI SUPPLIES,19,11.07
DELI,DELI SUPPLIES,21,3.76
DELI,DELI SUPPLIES,22,3.5
DELI,DELI SUPPLIES,23,15.15
DELI,DELI SUPPLIES,24,0.9
DELI,DELI SUPPLIES,25,20.97
DELI,DELI SUPPLIES,26,3.99
DELI,DELI SUPPLIES,27,1.99
DELI,DELI SUPPLIES,28,11.65
DELI,DELI SUPPLIES,29,19.75
DELI,DELI SUPPLIES,30,6.69
DELI,DELI SUPPLIES,31,4.49
DELI,DELI SUPPLIES,32,16.01
DELI,DELI SUPPLIES,33,10.98
DELI,DELI SUPPLIES,34,9.08
DELI,DELI SUPPLIES,35,3.05
DELI,DELI SUPPLIES,36,5.98
DELI,DELI SUPPLIES,37,6.6
DELI,DELI SUPPLIES,38,8.58
DELI,DELI SUPPLIES,39,6.14
DELI,DELI SUPPLIES,40,3.5
DELI,DELI SUPPLIES,41,1.75
DELI,DELI SUPPLIES,42,12.24
DELI,DELI SUPPLIES,43,1.0
DELI,DELI SUPPLIES,44,14.23
DELI,DELI SUPPLIES,46,15.02
DELI,DELI SUPPLIES,47,4.99
DELI,DELI SUPPLIES,49,5.47
DELI,DELI SUPPLIES,50,14.01
DELI,DELI SUPPLIES,51,1.99
DELI,DELI SUPPLIES,52,29.4
DELI,DELI SUPPLIES,53,2.99
DELI,DELI SUPPLIES,54,4.58
DELI,DELI SUPPLIES,55,0.01
DELI,DELI SUPPLIES,56,4.28
DELI,DELI SUPPLIES,57,4.03
DELI,DELI SUPPLIES,58,15.98
DELI,DELI SUPPLIES,59,0.81
DELI,DELI SUPPLIES,60,2.5
DELI,DELI SUPPLIES,61,16.91
DELI,DELI SUPPLIES,62,5.98
DELI,DELI SUPPLIES,63,6.9
DELI,DELI SUPPLIES,64,3.24
DELI,DELI SUPPLIES,66,15.0
DELI,DELI SUPPLIES,67,17.2
DELI,DELI SUPPLIES,68,6.84
DELI,DELI SUPPLIES,69,15.51
DELI,DELI SUPPLIES,70,5.83
DELI,DELI SUPPLIES,71,16.67
DELI,DELI SUPPLIES,72,29.08
DELI,DELI SUPPLIES,73,4.0
DELI,DELI SUPPLIES,74,17.66
DELI,DELI SUPPLIES,75,11.43
DELI,DELI SUPPLIES,76,1.99
DELI,DELI SUPPLIES,78,1.5
DELI,DELI SUPPLIES,79,10.74
DELI,DELI SUPPLIES,80,13.86
DELI,DELI SUPPLIES,81,6.42
DELI,DELI SUPPLIES,82,4.59
DELI,DELI SUPPLIES,83,3.99
DELI,DELI SUPPLIES,84,8.39
DELI,DELI SUPPLIES,86,7.11
DELI,DELI SUPPLIES,88,7.49
DELI,DELI SUPPLIES,89,16.1
DELI,DELI SUPPLIES,90,33.6
DELI,DELI SUPPLIES,91,1.41
DELI,DELI SUPPLIES,92,12.2
DELI,DELI SUPPLIES,93,8.83
DELI,DELI SUPPLIES,94,0.0
DELI,DELI SUPPLIES,96,13.3
DELI,DELI SUPPLIES,97,21.12
DELI,DELI SUPPLIES,98,11.83
DELI,DELI SUPPLIES,99,7.91
DELI,DELI SUPPLIES,100,13.4
DELI,DELI SUPPLIES,101,11.98
DELI,PARTY TRAYS,1,128.97
DELI,PARTY TRAYS,3,22.99
DELI,PARTY TRAYS,6,42.99
DELI,PARTY TRAYS,7,72.96
DELI,PARTY TRAYS,8,9.99
DELI,PARTY TRAYS,9,17.98
DELI,PARTY TRAYS,10,9.99
DELI,PARTY TRAYS,12,9.99
DELI,PARTY TRAYS,13,4.31
DELI,PARTY TRAYS,14,19.98
DELI,PARTY TRAYS,15,23.98
DELI,PARTY TRAYS,16,23.98
DELI,PARTY TRAYS,17,33.97
DELI,PARTY TRAYS,18,14.98
DELI,PARTY TRAYS,19,19.98
DELI,PARTY TRAYS,20,23.98
DELI,PARTY TRAYS,21,19.98
DELI,PARTY TRAYS,22,34.94
DELI,PARTY TRAYS,23,48.96
DELI,PARTY TRAYS,24,44.68
DELI,PARTY TRAYS,25,49.95
DELI,PARTY TRAYS,26,104.94
DELI,PARTY TRAYS,27,34.98
DELI,PARTY TRAYS,28,14.14
DELI,PARTY TRAYS,29,29.98
DELI,PARTY TRAYS,30,39.96
DELI,PARTY TRAYS,32,182.93
DELI,PARTY TRAYS,33,56.94
DELI,PARTY TRAYS,34,33.97
DELI,PARTY TRAYS,35,97.94
DELI,PARTY TRAYS,36,154.91
DELI,PARTY TRAYS,37,86.95
DELI,PARTY TRAYS,38,42.96
DELI,PARTY TRAYS,39,71.95
DELI,PARTY TRAYS,40,374.73
DELI,PARTY TRAYS,41,283.85
DELI,PARTY TRAYS,42,134.93
DELI,PARTY TRAYS,43,81.95
DELI,PARTY TRAYS,45,19.98
DELI,PARTY TRAYS,46,58.95
DELI,PARTY TRAYS,47,73.95
DELI,PARTY TRAYS,48,56.96
DELI,PARTY TRAYS,49,127.28
DELI,PARTY TRAYS,50,28.49
DELI,PARTY TRAYS,51,19.98
DELI,PARTY TRAYS,52,152.93
DELI,PARTY TRAYS,53,64.95
DELI,PARTY TRAYS,54,39.96
DELI,PARTY TRAYS,55,21.98
DELI,PARTY TRAYS,56,68.95
DELI,PARTY TRAYS,57,37.97
DELI,PARTY TRAYS,58,67.94
DELI,PARTY TRAYS,59,74.95
DELI,PARTY TRAYS,60,139.93
DELI,PARTY TRAYS,61,83.92
DELI,PARTY TRAYS,62,190.86
DELI,PARTY TRAYS,63,95.94
DELI,PARTY TRAYS,64,129.61
DELI,PARTY TRAYS,65,69.93
DELI,PARTY TRAYS,66,19.98
DELI,PARTY TRAYS,67,33.97
DELI,PARTY TRAYS,68,47.96
DELI,PARTY TRAYS,69,19.98
DELI,PARTY TRAYS,70,149.93
DELI,PARTY TRAYS,71,54.97
DELI,PARTY TRAYS,72,12.99
DELI,PARTY TRAYS,73,43.96
DELI,PARTY TRAYS,74,43.96
DELI,PARTY TRAYS,75,24.98
DELI,PARTY TRAYS,76,132.94
DELI,PARTY TRAYS,77,69.95
DELI,PARTY TRAYS,78,80.92
DELI,PARTY TRAYS,79,37.97
DELI,PARTY TRAYS,80,83.96
DELI,PARTY TRAYS,82,18.98
DELI,PARTY TRAYS,84,103.9
DELI,PARTY TRAYS,85,75.93
DELI,PARTY TRAYS,86,66.96
DELI,PARTY TRAYS,87,43.96
DELI,PARTY TRAYS,88,76.93
DELI,PARTY TRAYS,89,76.95
DELI,PARTY TRAYS,90,44.96
DELI,PARTY TRAYS,91,128.88
DELI,PARTY TRAYS,92,296.26
DELI,PARTY TRAYS,93,140.36
DELI,PARTY TRAYS,94,6.49
DELI,PARTY TRAYS,95,63.97
DELI,PARTY TRAYS,96,114.92
DELI,PARTY TRAYS,97,128.93
DELI,PARTY TRAYS,98,220.83
DELI,PARTY TRAYS,99,22.98
DELI,PARTY TRAYS,100,26.97
DELI,PARTY TRAYS,101,13.99
DELI,PARTY TRAYS,102,33.97
DELI,PREPARED FOOD,1,20.25
DELI,PREPARED FOOD,2,20.41
DELI,PREPARED FOOD,3,22.11
DELI,PREPARED FOOD,4,74.32
DELI,PREPARED FOOD,5,34.49
DELI,PREPARED FOOD,6,34.04
DELI,PREPARED FOOD,7,130.29
DELI,PREPARED FOOD,8,72.31
DELI,PREPARED FOOD,9,93.91
DELI,PREPARED FOOD,10,117.78
DELI,PREPARED FOOD,11,120.3
DELI,PREPARED FOOD,12,130.36
DELI,PREPARED FOOD,13,144.73
DELI,PREPARED FOOD,14,181.96
DELI,PREPARED FOOD,15,130.07
DELI,PREPARED FOOD,16,180.78
DELI,PREPARED FOOD,17,184.17
DELI,PREPARED FOOD,18,246.29
DELI,PREPARED FOOD,19,231.74
DELI,PREPARED FOOD,20,196.1
DELI,PREPARED FOOD,21,208.67
DELI,PREPARED FOOD,22,190.96
DELI,PREPARED FOOD,23,128.82
DELI,PREPARED FOOD,24,193.81
DELI,PREPARED FOOD,25,176.23
DELI,PREPARED FOOD,26,181.47
DELI,PREPARED FOOD,27,252.8
DELI,PREPARED FOOD,28,222.91
DELI,PREPARED FOOD,29,175.92
DELI,PREPARED FOOD,30,228.84
DELI,PREPARED FOOD,31,211.0
DELI,PREPARED FOOD,32,212.0
DELI,PREPARED FOOD,33,205.68
DELI,PREPARED FOOD,34,300.09
DELI,PREPARED FOOD,35,259.14
DELI,PREPARED FOOD,36,569.81
DELI,PREPARED FOOD,37,258.45
DELI,PREPARED FOOD,38,218.91
DELI,PREPARED FOOD,39,267.64
DELI,PREPARED FOOD,40,443.85
DELI,PREPARED FOOD,41,243.63
DELI,PREPARED FOOD,42,211.92
DELI,PREPARED FOOD,43,258.18
DELI,PREPARED FOOD,44,212.21
DELI,PREPARED FOOD,45,188.68
DELI,PREPARED FOOD,46,235.47
DELI,PREPARED FOOD,47,226.27
DELI,PREPARED FOOD,48,276.03
DELI,PREPARED FOOD,49,167.91
DELI,PREPARED FOOD,50,180.95
DELI,PREPARED FOOD,51,200.11
DELI,PREPARED FOOD,52,177.15
DELI,PREPARED FOOD,53,243.31
DELI,PREPARED FOOD,54,171.53
DELI,PREPARED FOOD,55,155.55
DELI,PREPARED FOOD,56,239.93
DELI,PREPARED FOOD,57,170.95
DELI,PREPARED FOOD,58,203.46
DELI,PREPARED FOOD,59,190.38
DELI,PREPARED FOOD,60,224.06
DELI,PREPARED FOOD,61,188.32
DELI,PREPARED FOOD,62,153.74
DELI,PREPARED FOOD,63,217.44
DELI,PREPARED FOOD,64,174.21
DELI,PREPARED FOOD,65,184.9
DELI,PREPARED FOOD,66,287.34
DELI,PREPARED FOOD,67,346.42
DELI,PREPARED FOOD,68,276.78
DELI,PREPARED FOOD,69,247.97
DELI,PREPARED FOOD,70,261.91
DELI,PREPARED FOOD,71,171.64
DELI,PREPARED FOOD,72,195.53
DELI,PREPARED FOOD,73,213.95
DELI,PREPARED FOOD,74,176.08
DELI,PREPARED FOOD,75,161.75
DELI,PREPARED FOOD,76,226.0
DELI,PREPARED FOOD,77,191.59
DELI,PREPARED FOOD,78,246.26
DELI,PREPARED FOOD,79,200.3
DELI,PREPARED FOOD,80,240.04
DELI,PREPARED FOOD,81,233.16
DELI,PREPARED FOOD,82,240.05
DELI,PREPARED FOOD,83,239.36
DELI,PREPARED FOOD,84,229.33
DELI,PREPARED FOOD,85,254.11
DELI,PREPARED FOOD,86,266.2
DELI,PREPARED FOOD,87,354.99
DELI,PREPARED FOOD,88,639.04
DELI,PREPARED FOOD,89,204.89
DELI,PREPARED FOOD,90,227.18
DELI,PREPARED FOOD,91,240.11
DELI,PREPARED FOOD,92,658.15
DELI,PREPARED FOOD,93,303.43
DELI,PREPARED FOOD,94,204.95
DELI,PREPARED FOOD,95,200.76
DELI,PREPARED FOOD,96,194.61
DELI,PREPARED FOOD,97,167.27
DELI,PREPARED FOOD,98,386.56
DELI,PREPARED FOOD,99,252.25
DELI,PREPARED FOOD,100,219.6
DELI,PREPARED FOOD,101,223.4
DELI,PREPARED FOOD,102,153.78
DELI,SALADS/DIPS,1,32.18
DELI,SALADS/DIPS,2,43.69
DELI,SALADS/DIPS,3,71.93
DELI,SALADS/DIPS,4,58.5
DELI,SALADS/DIPS,5,53.56
DELI,SALADS/DIPS,6,69.42
DELI,SALADS/DIPS,7,119.59
DELI,SALADS/DIPS,8,119.52
DELI,SALADS/DIPS,9,105.1
DELI,SALADS/DIPS,10,251.15
DELI,SALADS/DIPS,11,159.28
DELI,SALADS/DIPS,12,164.24
DELI,SALADS/DIPS,13,199.9
DELI,SALADS/DIPS,14,251.69
DELI,SALADS/DIPS,15,448.56
DELI,SALADS/DIPS,16,207.21
DELI,SALADS/DIPS,17,238.89
DELI,SALADS/DIPS,18,302.1
DELI,SALADS/DIPS,19,250.82
DELI,SALADS/DIPS,20,236.44
DELI,SALADS/DIPS,21,272.16
DELI,SALADS/DIPS,22,232.15
DELI,SALADS/DIPS,23,215.13
DELI,SALADS/DIPS,24,457.17
DELI,SALADS/DIPS,25,330.67
DELI,SALADS/DIPS,26,290.47
DELI,SALADS/DIPS,27,203.19
DELI,SALADS/DIPS,28,214.58
DELI,SALADS/DIPS,29,152.27
DELI,SALADS/DIPS,30,223.91
DELI,SALADS/DIPS,31,204.71
DELI,SALADS/DIPS,32,176.3
DELI,SALADS/DIPS,33,167.96
DELI,SALADS/DIPS,34,250.15
DELI,SALADS/DIPS,35,219.44
DELI,SALADS/DIPS,36,178.44
DELI,SALADS/DIPS,37,188.76
DELI,SALADS/DIPS,38,172.89
DELI,SALADS/DIPS,39,190.32
DELI,SALADS/DIPS,40,281.08
DELI,SALADS/DIPS,41,192.68
DELI,SALADS/DIPS,42,210.37
DELI,SALADS/DIPS,43,232.42
DELI,SALADS/DIPS,44,198.79
DELI,SALADS/DIPS,45,165.42
DELI,SALADS/DIPS,46,330.3
DELI,SALADS/DIPS,47,238.09
DELI,SALADS/DIPS,48,220.47
DELI,SALADS/DIPS,49,181.19
DELI,SALADS/DIPS,50,199.33
DELI,SALADS/DIPS,51,203.92
DELI,SALADS/DIPS,52,246.32
DELI,SALADS/DIPS,53,187.32
DELI,SALADS/DIPS,54,229.96
DELI,SALADS/DIPS,55,276.56
DELI,SALADS/DIPS,56,351.82
DELI,SALADS/DIPS,57,276.52
DELI,SALADS/DIPS,58,261.21
DELI,SALADS/DIPS,59,352.48
DELI,SALADS/DIPS,60,191.34
DELI,SALADS/DIPS,61,317.15
DELI,SALADS/DIPS,62,475.58
DELI,SALADS/DIPS,63,406.53
DELI,SALADS/DIPS,64,249.95
DELI,SALADS/DIPS,65,400.56
DELI,SALADS/DIPS,66,342.83
DELI,SALADS/DIPS,67,472.1
DELI,SALADS/DIPS,68,314.5
DELI,SALADS/DIPS,69,333.1
DELI,SALADS/DIPS,70,255.78
DELI,SALADS/DIPS,71,266.23
DELI,SALADS/DIPS,72,309.19
DELI,SALADS/DIPS,73,290.36
DELI,SALADS/DIPS,74,262.85
DELI,SALADS/DIPS,75,311.57
DELI,SALADS/DIPS,76,444.13
DELI,SALADS/DIPS,77,258.9
DELI,SALADS/DIPS,78,291.66
DELI,SALADS/DIPS,79,295.65
DELI,SALADS/DIPS,80,247.79
DELI,SALADS/DIPS,81,280.5
DELI,SALADS/DIPS,82,209.46
DELI,SALADS/DIPS,83,229.53
DELI,SALADS/DIPS,84,255.49
DELI,SALADS/DIPS,85,227.12
DELI,SALADS/DIPS,86,250.9
DELI,SALADS/DIPS,87,321.43
DELI,SALADS/DIPS,88,268.73
DELI,SALADS/DIPS,89,208.07
DELI,SALADS/DIPS,90,273.94
DELI,SALADS/DIPS,91,205.64
DELI,SALADS/DIPS,92,299.69
DELI,SALADS/DIPS,93,253.48
DELI,SALADS/DIPS,94,280.66
DELI,SALADS/DIPS,95,208.27
DELI,SALADS/DIPS,96,139.69
DELI,SALADS/DIPS,97,244.52
DELI,SALADS/DIPS,98,255.6
DELI,SALADS/DIPS,99,258.36
DELI,SALADS/DIPS,100,200.5
DELI,SALADS/DIPS,101,246.52
DELI,SALADS/DIPS,102,184.45
DELI,SANDWICHES,3,8.97
DELI,SANDWICHES,4,3.99
DELI,SANDWICHES,5,11.02
DELI,SANDWICHES,6,21.44
DELI,SANDWICHES,7,19.92
DELI,SANDWICHES,8,32.42
DELI,SANDWICHES,9,48.38
DELI,SANDWICHES,10,14.95
DELI,SANDWICHES,11,50.63
DELI,SANDWICHES,12,37.53
DELI,SANDWICHES,13,44.4
DELI,SANDWICHES,14,10.97
DELI,SANDWICHES,15,43.87
DELI,SANDWICHES,16,22.11
DELI,SANDWICHES,17,25.68
DELI,SANDWICHES,18,36.52
DELI,SANDWICHES,19,15.96
DELI,SANDWICHES,20,20.25
DELI,SANDWICHES,21,44.87
DELI,SANDWICHES,22,37.4
DELI,SANDWICHES,23,41.87
DELI,SANDWICHES,24,56.85
DELI,SANDWICHES,25,24.82
DELI,SANDWICHES,26,26.43
DELI,SANDWICHES,27,38.88
DELI,SANDWICHES,28,31.91
DELI,SANDWICHES,29,21.94
DELI,SANDWICHES,30,50.36
DELI,SANDWICHES,31,27.03
DELI,SANDWICHES,32,19.7
DELI,SANDWICHES,33,49.9
DELI,SANDWICHES,34,27.23
DELI,SANDWICHES,35,47.04
DELI,SANDWICHES,36,53.15
DELI,SANDWICHES,37,34.71
DELI,SANDWICHES,38,49.87
DELI,SANDWICHES,39,46.88
DELI,SANDWICHES,40,46.85
DELI,SANDWICHES,41,32.42
DELI,SANDWICHES,42,16.46
DELI,SANDWICHES,43,30.33
DELI,SANDWICHES,44,20.47
DELI,SANDWICHES,45,6.79
DELI,SANDWICHES,46,30.92
DELI,SANDWICHES,47,40.92
DELI,SANDWICHES,48,37.41
DELI,SANDWICHES,49,52.08
DELI,SANDWICHES,50,88.26
DELI,SANDWICHES,51,40.9
DELI,SANDWICHES,52,52.74
DELI,SANDWICHES,53,71.94
DELI,SANDWICHES,54,33.62
DELI,SANDWICHES,55,52.88
DELI,SANDWICHES,56,72.87
DELI,SANDWICHES,57,53.89
DELI,SANDWICHES,58,55.55
DELI,SANDWICHES,59,22.2
DELI,SANDWICHES,60,106.22
DELI,SANDWICHES,61,68.14
DELI,SANDWICHES,62,62.04
DELI,SANDWICHES,63,31.12
DELI,SANDWICHES,64,60.84
DELI,SANDWICHES,65,86.82
DELI,SANDWICHES,66,39.95
DELI,SANDWICHES,67,85.84
DELI,SANDWICHES,68,83.85
DELI,SANDWICHES,69,33.94
DELI,SANDWICHES,70,62.03
DELI,SANDWICHES,71,67.83
DELI,SANDWICHES,72,82.39
DELI,SANDWICHES,73,94.66
DELI,SANDWICHES,74,72.93
DELI,SANDWICHES,75,83.87
DELI,SANDWICHES,76,65.83
DELI,SANDWICHES,77,93.74
DELI,SANDWICHES,78,101.77
DELI,SANDWICHES,79,71.82
DELI,SANDWICHES,80,92.77
DELI,SANDWICHES,81,66.83
DELI,SANDWICHES,82,32.51
DELI,SANDWICHES,83,66.13
DELI,SANDWICHES,84,38.9
DELI,SANDWICHES,85,68.6
DELI,SANDWICHES,86,51.06
DELI,SANDWICHES,87,65.89
DELI,SANDWICHES,88,32.22
DELI,SANDWICHES,89,41.41
DELI,SANDWICHES,90,48.89
DELI,SANDWICHES,91,70.4
DELI,SANDWICHES,92,28.23
DELI,SANDWICHES,93,23.94
DELI,SANDWICHES,94,35.9
DELI,SANDWICHES,95,42.12
DELI,SANDWICHES,96,63.69
DELI,SANDWICHES,97,38.5
DELI,SANDWICHES,98,44.51
DELI,SANDWICHES,99,82.58
DELI,SANDWICHES,100,19.95
DELI,SANDWICHES,101,70.31
DELI,SANDWICHES,102,24.93
DELI,SERVICE BEVERAGE,4,0.99
DELI,SERVICE BEVERAGE,6,1.6
DELI,SERVICE BEVERAGE,7,3.2
DELI,SERVICE BEVERAGE,9,4.19
DELI,SERVICE BEVERAGE,10,0.99
DELI,SERVICE BEVERAGE,11,8.91
DELI,SERVICE BEVERAGE,12,8.22
DELI,SERVICE BEVERAGE,13,13.86
DELI,SERVICE BEVERAGE,14,3.96
DELI,SERVICE BEVERAGE,15,2.97
DELI,SERVICE BEVERAGE,16,19.11
DELI,SERVICE BEVERAGE,17,6.93
DELI,SERVICE BEVERAGE,18,11.88
DELI,SERVICE BEVERAGE,19,7.23
DELI,SERVICE BEVERAGE,20,3.96
DELI,SERVICE BEVERAGE,21,8.91
DELI,SERVICE BEVERAGE,22,6.93
DELI,SERVICE BEVERAGE,23,3.96
DELI,SERVICE BEVERAGE,24,0.99
DELI,SERVICE BEVERAGE,25,0.99
DELI,SERVICE BEVERAGE,26,3.96
DELI,SERVICE BEVERAGE,27,3.96
DELI,SERVICE BEVERAGE,28,6.75
DELI,SERVICE BEVERAGE,30,0.99
DELI,SERVICE BEVERAGE,31,3.96
DELI,SERVICE BEVERAGE,32,3.96
DELI,SERVICE BEVERAGE,33,0.99
DELI,SERVICE BEVERAGE,34,1.98
DELI,SERVICE BEVERAGE,35,1.98
DELI,SERVICE BEVERAGE,36,2.97
DELI,SERVICE BEVERAGE,37,3.27
DELI,SERVICE BEVERAGE,38,1.98
DELI,SERVICE BEVERAGE,39,3.96
DELI,SERVICE BEVERAGE,40,0.99
DELI,SERVICE BEVERAGE,42,1.98
DELI,SERVICE BEVERAGE,43,3.27
DELI,SERVICE BEVERAGE,44,0.99
DELI,SERVICE BEVERAGE,45,1.98
DELI,SERVICE BEVERAGE,46,0.99
DELI,SERVICE BEVERAGE,47,4.47
DELI,SERVICE BEVERAGE,48,0.99
DELI,SERVICE BEVERAGE,49,0.99
DELI,SERVICE BEVERAGE,50,10.21
DELI,SERVICE BEVERAGE,51,2.18
DELI,SERVICE BEVERAGE,52,4.36
DELI,SERVICE BEVERAGE,53,5.45
DELI,SERVICE BEVERAGE,54,4.77
DELI,SERVICE BEVERAGE,55,5.6
DELI,SERVICE BEVERAGE,56,5.29
DELI,SERVICE BEVERAGE,57,2.4
DELI,SERVICE BEVERAGE,58,3.27
DELI,SERVICE BEVERAGE,59,5.85
DELI,SERVICE BEVERAGE,60,3.47
DELI,SERVICE BEVERAGE,61,2.18
DELI,SERVICE BEVERAGE,62,3.37
DELI,SERVICE BEVERAGE,63,8.92
DELI,SERVICE BEVERAGE,64,8.92
DELI,SERVICE BEVERAGE,65,8.72
DELI,SERVICE BEVERAGE,66,3.27
DELI,SERVICE BEVERAGE,67,2.18
DELI,SERVICE BEVERAGE,68,5.45
DELI,SERVICE BEVERAGE,69,3.27
DELI,SERVICE BEVERAGE,71,3.27
DELI,SERVICE BEVERAGE,72,6.54
DELI,SERVICE BEVERAGE,73,0.99
DELI,SERVICE BEVERAGE,74,2.18
DELI,SERVICE BEVERAGE,75,4.36
DELI,SERVICE BEVERAGE,76,3.17
DELI,SERVICE BEVERAGE,77,2.18
DELI,SERVICE BEVERAGE,78,5.76
DELI,SERVICE BEVERAGE,79,3.27
DELI,SERVICE BEVERAGE,80,4.36
DELI,SERVICE BEVERAGE,81,9.81
DELI,SERVICE BEVERAGE,82,1.09
DELI,SERVICE BEVERAGE,83,1.09
DELI,SERVICE BEVERAGE,85,1.09
DELI,SERVICE BEVERAGE,86,8.72
DELI,SERVICE BEVERAGE,87,2.18
DELI,SERVICE BEVERAGE,88,1.09
DELI,SERVICE BEVERAGE,89,4.36
DELI,SERVICE BEVERAGE,90,4.36
DELI,SERVICE BEVERAGE,91,8.72
DELI,SERVICE BEVERAGE,92,4.36
DELI,SERVICE BEVERAGE,93,3.58
DELI,SERVICE BEVERAGE,94,7.63
DELI,SERVICE BEVERAGE,95,6.85
DELI,SERVICE BEVERAGE,96,3.27
DELI,SERVICE BEVERAGE,97,1.09
DELI,SERVICE BEVERAGE,98,3.27
DELI,SERVICE BEVERAGE,99,4.36
DELI,SERVICE BEVERAGE,100,2.18
DELI,SERVICE BEVERAGE,101,1.09
DELI,SERVICE BEVERAGE,102,1.09
DELI,SNACKS,1,5.47
DELI,SNACKS,3,2.24
DELI,SNACKS,4,2.49
DELI,SNACKS,5,12.05
DELI,SNACKS,6,6.97
DELI,SNACKS,7,3.98
DELI,SNACKS,8,10.46
DELI,SNACKS,10,35.97
DELI,SNACKS,11,22.05
DELI,SNACKS,12,31.55
DELI,SNACKS,13,31.67
DELI,SNACKS,14,41.99
DELI,SNACKS,15,24.53
DELI,SNACKS,16,18.07
DELI,SNACKS,17,49.82
DELI,SNACKS,18,45.47
DELI,SNACKS,19,40.15
DELI,SNACKS,20,26.61
DELI,SNACKS,21,43.26
DELI,SNACKS,22,44.93
DELI,SNACKS,23,35.61
DELI,SNACKS,24,52.26
DELI,SNACKS,25,54.91
DELI,SNACKS,26,43.9
DELI,SNACKS,27,50.82
DELI,SNACKS,28,29.06
DELI,SNACKS,29,17.55
DELI,SNACKS,30,26.94
DELI,SNACKS,31,37.65
DELI,SNACKS,32,55.43
DELI,SNACKS,33,55.02
DELI,SNACKS,34,39.54
DELI,SNACKS,35,34.24
DELI,SNACKS,36,32.63
DELI,SNACKS,37,47.53
DELI,SNACKS,38,54.99
DELI,SNACKS,39,66.09
DELI,SNACKS,40,32.62
DELI,SNACKS,41,24.84
DELI,SNACKS,42,42.19
DELI,SNACKS,43,36.91
DELI,SNACKS,44,48.41
DELI,SNACKS,45,36.41
DELI,SNACKS,46,54.2
DELI,SNACKS,47,62.78
DELI,SNACKS,48,30.01
DELI,SNACKS,49,65.65
DELI,SNACKS,50,30.88
DELI,SNACKS,51,47.11
DELI,SNACKS,52,41.35
DELI,SNACKS,53,32.48
DELI,SNACKS,54,39.76
DELI,SNACKS,55,72.57
DELI,SNACKS,56,30.0
DELI,SNACKS,57,33.68
DELI,SNACKS,58,41.99
DELI,SNACKS,59,56.13
DELI,SNACKS,60,67.31
DELI,SNACKS,61,25.63
DELI,SNACKS,62,29.0
DELI,SNACKS,63,47.81
DELI,SNACKS,64,19.73
DELI,SNACKS,65,57.25
DELI,SNACKS,66,14.86
DELI,SNACKS,67,35.45
DELI,SNACKS,68,23.04
DELI,SNACKS,69,44.38
DELI,SNACKS,70,26.92
DELI,SNACKS,71,33.12
DELI,SNACKS,72,66.43
DELI,SNACKS,73,25.96
DELI,SNACKS,74,35.97
DELI,SNACKS,75,57.17
DELI,SNACKS,76,65.99
DELI,SNACKS,77,40.77
DELI,SNACKS,78,45.87
DELI,SNACKS,79,74.25
DELI,SNACKS,80,47.68
DELI,SNACKS,81,87.01
DELI,SNACKS,82,30.39
DELI,SNACKS,83,39.69
DELI,SNACKS,84,50.24
DELI,SNACKS,85,66.2
DELI,SNACKS,86,41.46
DELI,SNACKS,87,68.48
DELI,SNACKS,88,60.91
DELI,SNACKS,89,47.38
DELI,SNACKS,90,44.37
DELI,SNACKS,91,62.33
DELI,SNACKS,92,64.6
DELI,SNACKS,93,55.37
DELI,SNACKS,94,47.24
DELI,SNACKS,95,54.8
DELI,SNACKS,96,44.64
DELI,SNACKS,97,81.31
DELI,SNACKS,98,88.49
DELI,SNACKS,99,44.46
DELI,SNACKS,100,43.67
DELI,SNACKS,101,52.23
DELI,SNACKS,102,24.42
DELI,SUSHI,4,5.25
DELI,SUSHI,5,10.0
DELI,SUSHI,6,11.1
DELI,SUSHI,7,42.2
DELI,SUSHI,8,20.0
DELI,SUSHI,9,5.25
DELI,SUSHI,10,40.45
DELI,SUSHI,11,11.7
DELI,SUSHI,12,16.25
DELI,SUSHI,13,21.9
DELI,SUSHI,14,64.6
DELI,SUSHI,15,63.88
DELI,SUSHI,16,97.65
DELI,SUSHI,17,28.3
DELI,SUSHI,18,39.75
DELI,SUSHI,19,85.9
DELI,SUSHI,20,69.0
DELI,SUSHI,21,39.59
DELI,SUSHI,22,34.05
DELI,SUSHI,23,51.95
DELI,SUSHI,24,34.85
DELI,SUSHI,25,20.95
DELI,SUSHI,26,26.1
DELI,SUSHI,27,29.25
DELI,SUSHI,28,87.5
DELI,SUSHI,29,29.25
DELI,SUSHI,30,118.3
DELI,SUSHI,31,66.6
DELI,SUSHI,32,29.9
DELI,SUSHI,33,66.05
DELI,SUSHI,34,32.9
DELI,SUSHI,35,48.75
DELI,SUSHI,36,26.6
DELI,SUSHI,37,76.1
DELI,SUSHI,38,39.2
DELI,SUSHI,39,52.35
DELI,SUSHI,40,31.15
DELI,SUSHI,41,67.55
DELI,SUSHI,42,22.0
DELI,SUSHI,43,37.8
DELI,SUSHI,44,54.7
DELI,SUSHI,45,14.95
DELI,SUSHI,46,60.1
DELI,SUSHI,47,111.15
DELI,SUSHI,48,68.8
DELI,SUSHI,49,39.05
DELI,SUSHI,50,71.65
DELI,SUSHI,51,41.5
DELI,SUSHI,52,62.14
DELI,SUSHI,53,53.65
DELI,SUSHI,54,72.0
DELI,SUSHI,55,47.2
DELI,SUSHI,56,47.9
DELI,SUSHI,57,62.8
DELI,SUSHI,58,5.95
DELI,SUSHI,59,66.2
DELI,SUSHI,60,43.55
DELI,SUSHI,61,37.6
DELI,SUSHI,62,38.15
DELI,SUSHI,63,49.7
DELI,SUSHI,64,35.5
DELI,SUSHI,65,61.9
DELI,SUSHI,66,63.4
DELI,SUSHI,67,67.55
DELI,SUSHI,68,33.45
DELI,SUSHI,69,42.2
DELI,SUSHI,70,58.05
DELI,SUSHI,71,77.95
DELI,SUSHI,72,37.8
DELI,SUSHI,73,87.85
DELI,SUSHI,74,68.0
DELI,SUSHI,75,65.15
DELI,SUSHI,76,48.4
DELI,SUSHI,77,61.5
DELI,SUSHI,78,32.1
DELI,SUSHI,79,63.95
DELI,SUSHI,80,60.9
DELI,SUSHI,81,84.5
DELI,SUSHI,82,75.05
DELI,SUSHI,83,39.7
DELI,SUSHI,84,40.05
DELI,SUSHI,85,39.4
DELI,SUSHI,86,30.45
DELI,SUSHI,87,60.95
DELI,SUSHI,88,58.35
DELI,SUSHI,89,59.1
DELI,SUSHI,90,58.95
DELI,SUSHI,91,137.95
DELI,SUSHI,92,43.3
DELI,SUSHI,93,51.7
DELI,SUSHI,94,63.15
DELI,SUSHI,95,67.85
DELI,SUSHI,96,58.5
DELI,SUSHI,97,89.75
DELI,SUSHI,98,64.2
DELI,SUSHI,99,82.14
DELI,SUSHI,100,92.8
DELI,SUSHI,101,103.95
DELI,SUSHI,102,44.75
DELI/SNACK BAR,DELI SUPPLIES,56,3.31
DELI/SNACK BAR,DELI SUPPLIES,67,1.12
DELI/SNACK BAR,DELI SUPPLIES,70,0.84
DELI/SNACK BAR,DELI SUPPLIES,74,8.02
DELI/SNACK BAR,DELI SUPPLIES,75,4.67
DELI/SNACK BAR,DELI SUPPLIES,78,1.56
DELI/SNACK BAR,DELI SUPPLIES,79,3.95
DELI/SNACK BAR,DELI SUPPLIES,80,3.99
DELI/SNACK BAR,DELI SUPPLIES,86,1.64
DELI/SNACK BAR,DELI SUPPLIES,96,2.99
DELI/SNACK BAR,DELI SUPPLIES,99,3.99
FLORAL,BOUQUET (NON ROSE),82,17.98
FLORAL,BOUQUET (NON ROSE),83,35.95
FLORAL,BOUQUET (NON ROSE),101,26.97
FLORAL,EASTER LILY,56,31.98
FLORAL,FLORAL BALLOONS,3,11.96
FLORAL,FLORAL BALLOONS,5,2.99
FLORAL,FLORAL BALLOONS,6,44.89
FLORAL,FLORAL BALLOONS,8,32.64
FLORAL,FLORAL BALLOONS,9,25.98
FLORAL,FLORAL BALLOONS,10,13.94
FLORAL,FLORAL BALLOONS,11,11.96
FLORAL,FLORAL BALLOONS,12,25.44
FLORAL,FLORAL BALLOONS,13,20.91
FLORAL,FLORAL BALLOONS,15,19.44
FLORAL,FLORAL BALLOONS,16,24.98
FLORAL,FLORAL BALLOONS,17,16.26
FLORAL,FLORAL BALLOONS,18,14.91
FLORAL,FLORAL BALLOONS,19,12.99
FLORAL,FLORAL BALLOONS,20,6.97
FLORAL,FLORAL BALLOONS,21,2.99
FLORAL,FLORAL BALLOONS,22,17.73
FLORAL,FLORAL BALLOONS,23,4.28
FLORAL,FLORAL BALLOONS,24,7.47
FLORAL,FLORAL BALLOONS,25,25.55
FLORAL,FLORAL BALLOONS,26,38.59
FLORAL,FLORAL BALLOONS,27,19.88
FLORAL,FLORAL BALLOONS,28,8.88
FLORAL,FLORAL BALLOONS,29,9.96
FLORAL,FLORAL BALLOONS,30,80.12
FLORAL,FLORAL BALLOONS,31,41.89
FLORAL,FLORAL BALLOONS,32,14.97
FLORAL,FLORAL BALLOONS,33,13.46
FLORAL,FLORAL BALLOONS,34,8.96
FLORAL,FLORAL BALLOONS,35,17.93
FLORAL,FLORAL BALLOONS,36,2.99
FLORAL,FLORAL BALLOONS,37,9.98
FLORAL,FLORAL BALLOONS,38,3.99
FLORAL,FLORAL BALLOONS,39,15.97
FLORAL,FLORAL BALLOONS,40,5.98
FLORAL,FLORAL BALLOONS,41,1.49
FLORAL,FLORAL BALLOONS,42,8.97
FLORAL,FLORAL BALLOONS,43,22.91
FLORAL,FLORAL BALLOONS,44,31.41
FLORAL,FLORAL BALLOONS,45,29.35
FLORAL,FLORAL BALLOONS,46,40.91
FLORAL,FLORAL BALLOONS,47,96.15
FLORAL,FLORAL BALLOONS,48,44.13
FLORAL,FLORAL BALLOONS,49,13.9
FLORAL,FLORAL BALLOONS,50,46.86
FLORAL,FLORAL BALLOONS,51,24.94
FLORAL,FLORAL BALLOONS,52,11.98
FLORAL,FLORAL BALLOONS,53,20.92
FLORAL,FLORAL BALLOONS,54,74.9
FLORAL,FLORAL BALLOONS,55,10.46
FLORAL,FLORAL BALLOONS,56,21.92
FLORAL,FLORAL BALLOONS,57,27.96
FLORAL,FLORAL BALLOONS,58,21.35
FLORAL,FLORAL BALLOONS,59,32.87
FLORAL,FLORAL BALLOONS,60,57.29
FLORAL,FLORAL BALLOONS,61,17.22
FLORAL,FLORAL BALLOONS,62,35.17
FLORAL,FLORAL BALLOONS,63,23.93
FLORAL,FLORAL BALLOONS,64,28.91
FLORAL,FLORAL BALLOONS,65,33.9
FLORAL,FLORAL BALLOONS,66,8.97
FLORAL,FLORAL BALLOONS,67,28.11
FLORAL,FLORAL BALLOONS,69,9.99
FLORAL,FLORAL BALLOONS,70,18.97
FLORAL,FLORAL BALLOONS,71,11.99
FLORAL,FLORAL BALLOONS,72,82.82
FLORAL,FLORAL BALLOONS,73,5.48
FLORAL,FLORAL BALLOONS,74,5.98
FLORAL,FLORAL BALLOONS,75,4.47
FLORAL,FLORAL BALLOONS,76,37.91
FLORAL,FLORAL BALLOONS,78,17.94
FLORAL,FLORAL BALLOONS,79,47.42
FLORAL,FLORAL BALLOONS,80,5.98
FLORAL,FLORAL BALLOONS,81,20.93
FLORAL,FLORAL BALLOONS,82,14.43
FLORAL,FLORAL BALLOONS,83,37.73
FLORAL,FLORAL BALLOONS,84,9.97
FLORAL,FLORAL BALLOONS,85,1.0
FLORAL,FLORAL BALLOONS,86,8.99
FLORAL,FLORAL BALLOONS,87,18.48
FLORAL,FLORAL BALLOONS,88,2.99
FLORAL,FLORAL BALLOONS,89,2.99
FLORAL,FLORAL BALLOONS,90,10.46
FLORAL,FLORAL BALLOONS,91,5.58
FLORAL,FLORAL BALLOONS,92,17.94
FLORAL,FLORAL BALLOONS,93,3.48
FLORAL,FLORAL BALLOONS,94,23.95
FLORAL,FLORAL BALLOONS,95,23.49
FLORAL,FLORAL BALLOONS,96,11.47
FLORAL,FLORAL BALLOONS,97,22.08
FLORAL,FLORAL BALLOONS,98,21.92
FLORAL,FLORAL BALLOONS,99,44.86
FLORAL,FLORAL BALLOONS,100,54.84
FLORAL,FLORAL BALLOONS,101,28.92
FLORAL,FLORAL- HARD GOODS,1,13.98
FLORAL,FLORAL- HARD GOODS,4,6.0
FLORAL,FLORAL- HARD GOODS,7,16.97
FLORAL,FLORAL- HARD GOODS,8,12.99
FLORAL,FLORAL- HARD GOODS,10,9.99
FLORAL,FLORAL- HARD GOODS,12,6.0
FLORAL,FLORAL- HARD GOODS,13,3.0
FLORAL,FLORAL- HARD GOODS,14,3.0
FLORAL,FLORAL- HARD GOODS,15,3.93
FLORAL,FLORAL- HARD GOODS,16,1.99
FLORAL,FLORAL- HARD GOODS,17,0.0
FLORAL,FLORAL- HARD GOODS,20,9.0
FLORAL,FLORAL- HARD GOODS,22,4.68
FLORAL,FLORAL- HARD GOODS,23,9.18
FLORAL,FLORAL- HARD GOODS,24,14.98
FLORAL,FLORAL- HARD GOODS,25,1.99
FLORAL,FLORAL- HARD GOODS,26,4.78
FLORAL,FLORAL- HARD GOODS,27,8.98
FLORAL,FLORAL- HARD GOODS,29,17.98
FLORAL,FLORAL- HARD GOODS,30,30.96
FLORAL,FLORAL- HARD GOODS,31,16.96
FLORAL,FLORAL- HARD GOODS,33,10.98
FLORAL,FLORAL- HARD GOODS,35,10.49
FLORAL,FLORAL- HARD GOODS,36,5.37
FLORAL,FLORAL- HARD GOODS,37,6.98
FLORAL,FLORAL- HARD GOODS,38,4.27
FLORAL,FLORAL- HARD GOODS,39,50.45
FLORAL,FLORAL- HARD GOODS,40,58.65
FLORAL,FLORAL- HARD GOODS,41,38.97
FLORAL,FLORAL- HARD GOODS,42,19.98
FLORAL,FLORAL- HARD GOODS,43,20.96
FLORAL,FLORAL- HARD GOODS,44,1.79
FLORAL,FLORAL- HARD GOODS,45,1.79
FLORAL,FLORAL- HARD GOODS,47,47.94
FLORAL,FLORAL- HARD GOODS,48,7.48
FLORAL,FLORAL- HARD GOODS,49,11.57
FLORAL,FLORAL- HARD GOODS,50,6.99
FLORAL,FLORAL- HARD GOODS,51,21.97
FLORAL,FLORAL- HARD GOODS,52,2.49
FLORAL,FLORAL- HARD GOODS,53,14.98
FLORAL,FLORAL- HARD GOODS,54,35.98
FLORAL,FLORAL- HARD GOODS,55,12.47
FLORAL,FLORAL- HARD GOODS,56,67.73
FLORAL,FLORAL- HARD GOODS,57,73.72
FLORAL,FLORAL- HARD GOODS,58,38.93
FLORAL,FLORAL- HARD GOODS,59,51.93
FLORAL,FLORAL- HARD GOODS,60,84.11
FLORAL,FLORAL- HARD GOODS,61,23.44
FLORAL,FLORAL- HARD GOODS,62,41.89
FLORAL,FLORAL- HARD GOODS,63,6.97
FLORAL,FLORAL- HARD GOODS,64,7.98
FLORAL,FLORAL- HARD GOODS,65,14.99
FLORAL,FLORAL- HARD GOODS,66,11.97
FLORAL,FLORAL- HARD GOODS,67,27.43
FLORAL,FLORAL- HARD GOODS,68,17.96
FLORAL,FLORAL- HARD GOODS,69,5.99
FLORAL,FLORAL- HARD GOODS,70,5.98
FLORAL,FLORAL- HARD GOODS,71,25.97
FLORAL,FLORAL- HARD GOODS,72,1.1
FLORAL,FLORAL- HARD GOODS,74,11.97
FLORAL,FLORAL- HARD GOODS,76,0.59
FLORAL,FLORAL- HARD GOODS,77,34.98
FLORAL,FLORAL- HARD GOODS,78,22.97
FLORAL,FLORAL- HARD GOODS,80,14.98
FLORAL,FLORAL- HARD GOODS,81,22.92
FLORAL,FLORAL- HARD GOODS,82,5.99
FLORAL,FLORAL- HARD GOODS,83,49.65
FLORAL,FLORAL- HARD GOODS,84,12.97
FLORAL,FLORAL- HARD GOODS,85,10.99
FLORAL,FLORAL- HARD GOODS,86,16.97
FLORAL,FLORAL- HARD GOODS,87,7.32
FLORAL,FLORAL- HARD GOODS,88,15.99
FLORAL,FLORAL- HARD GOODS,89,5.99
FLORAL,FLORAL- HARD GOODS,90,13.95
FLORAL,FLORAL- HARD GOODS,91,19.97
FLORAL,FLORAL- HARD GOODS,92,49.93
FLORAL,FLORAL- HARD GOODS,93,10.49
FLORAL,FLORAL- HARD GOODS,94,1.99
FLORAL,FLORAL- HARD GOODS,95,3.99
FLORAL,FLORAL- HARD GOODS,96,11.98
FLORAL,FLORAL- HARD GOODS,97,1.99
FLORAL,FLORAL- HARD GOODS,98,8.97
FLORAL,FLORAL- HARD GOODS,99,206.96
FLORAL,FLORAL- HARD GOODS,100,99.42
FLORAL,FLORAL- HARD GOODS,101,6.49
FLORAL,FLORAL- HARD GOODS,102,4.77
FLORAL,FLORAL-ACCESSORIES,7,5.98
FLORAL,FLORAL-ACCESSORIES,9,25.98
FLORAL,FLORAL-ACCESSORIES,12,1.5
FLORAL,FLORAL-ACCESSORIES,14,6.99
FLORAL,FLORAL-ACCESSORIES,15,8.98
FLORAL,FLORAL-ACCESSORIES,17,4.0
FLORAL,FLORAL-ACCESSORIES,18,5.99
FLORAL,FLORAL-ACCESSORIES,23,23.98
FLORAL,FLORAL-ACCESSORIES,24,8.99
FLORAL,FLORAL-ACCESSORIES,25,3.87
FLORAL,FLORAL-ACCESSORIES,27,24.96
FLORAL,FLORAL-ACCESSORIES,29,21.99
FLORAL,FLORAL-ACCESSORIES,30,10.99
FLORAL,FLORAL-ACCESSORIES,34,13.98
FLORAL,FLORAL-ACCESSORIES,35,24.98
FLORAL,FLORAL-ACCESSORIES,36,5.56
FLORAL,FLORAL-ACCESSORIES,39,4.0
FLORAL,FLORAL-ACCESSORIES,40,26.96
FLORAL,FLORAL-ACCESSORIES,41,2.0
FLORAL,FLORAL-ACCESSORIES,44,5.98
FLORAL,FLORAL-ACCESSORIES,47,13.99
FLORAL,FLORAL-ACCESSORIES,48,14.98
FLORAL,FLORAL-ACCESSORIES,49,8.98
FLORAL,FLORAL-ACCESSORIES,52,5.99
FLORAL,FLORAL-ACCESSORIES,53,49.98
FLORAL,FLORAL-ACCESSORIES,54,26.98
FLORAL,FLORAL-ACCESSORIES,55,2.0
FLORAL,FLORAL-ACCESSORIES,57,1.99
FLORAL,FLORAL-ACCESSORIES,59,4.99
FLORAL,FLORAL-ACCESSORIES,60,65.94
FLORAL,FLORAL-ACCESSORIES,62,4.0
FLORAL,FLORAL-ACCESSORIES,63,5.99
FLORAL,FLORAL-ACCESSORIES,65,2.99
FLORAL,FLORAL-ACCESSORIES,67,8.38
FLORAL,FLORAL-ACCESSORIES,80,2.29
FLORAL,FLORAL-ACCESSORIES,81,8.97
FLORAL,FLORAL-ACCESSORIES,83,4.99
FLORAL,FLORAL-ACCESSORIES,84,1.0
FLORAL,FLORAL-ACCESSORIES,86,23.7
FLORAL,FLORAL-ACCESSORIES,88,31.46
FLORAL,FLORAL-ACCESSORIES,89,1.95
FLORAL,FLORAL-ACCESSORIES,91,6.5
FLORAL,FLORAL-ACCESSORIES,93,16.97
FLORAL,FLORAL-ACCESSORIES,99,19.99
FLORAL,FLORAL-ACCESSORIES,100,18.49
FLORAL,FLORAL-ACCESSORIES,101,13.0
FLORAL,FLORAL-FLOWERING PLANTS,2,6.99
FLORAL,FLORAL-FLOWERING PLANTS,3,13.98
FLORAL,FLORAL-FLOWERING PLANTS,4,26.98
FLORAL,FLORAL-FLOWERING PLANTS,5,2.0
FLORAL,FLORAL-FLOWERING PLANTS,6,2.0
FLORAL,FLORAL-FLOWERING PLANTS,7,90.91
FLORAL,FLORAL-FLOWERING PLANTS,9,17.98
FLORAL,FLORAL-FLOWERING PLANTS,10,6.99
FLORAL,FLORAL-FLOWERING PLANTS,11,0.0
FLORAL,FLORAL-FLOWERING PLANTS,12,17.98
FLORAL,FLORAL-FLOWERING PLANTS,13,29.96
FLORAL,FLORAL-FLOWERING PLANTS,14,8.99
FLORAL,FLORAL-FLOWERING PLANTS,15,58.93
FLORAL,FLORAL-FLOWERING PLANTS,16,6.99
FLORAL,FLORAL-FLOWERING PLANTS,17,20.97
FLORAL,FLORAL-FLOWERING PLANTS,18,22.98
FLORAL,FLORAL-FLOWERING PLANTS,19,11.98
FLORAL,FLORAL-FLOWERING PLANTS,20,76.85
FLORAL,FLORAL-FLOWERING PLANTS,21,9.99
FLORAL,FLORAL-FLOWERING PLANTS,23,3.99
FLORAL,FLORAL-FLOWERING PLANTS,24,46.96
FLORAL,FLORAL-FLOWERING PLANTS,25,77.26
FLORAL,FLORAL-FLOWERING PLANTS,26,17.98
FLORAL,FLORAL-FLOWERING PLANTS,27,17.97
FLORAL,FLORAL-FLOWERING PLANTS,28,31.96
FLORAL,FLORAL-FLOWERING PLANTS,29,40.94
FLORAL,FLORAL-FLOWERING PLANTS,30,62.91
FLORAL,FLORAL-FLOWERING PLANTS,31,7.5
FLORAL,FLORAL-FLOWERING PLANTS,32,5.99
FLORAL,FLORAL-FLOWERING PLANTS,33,0.0
FLORAL,FLORAL-FLOWERING PLANTS,34,8.99
FLORAL,FLORAL-FLOWERING PLANTS,35,95.89
FLORAL,FLORAL-FLOWERING PLANTS,36,121.86
FLORAL,FLORAL-FLOWERING PLANTS,37,77.89
FLORAL,FLORAL-FLOWERING PLANTS,38,92.88
FLORAL,FLORAL-FLOWERING PLANTS,39,55.94
FLORAL,FLORAL-FLOWERING PLANTS,40,102.87
FLORAL,FLORAL-FLOWERING PLANTS,41,16.49
FLORAL,FLORAL-FLOWERING PLANTS,42,30.0
FLORAL,FLORAL-FLOWERING PLANTS,43,2.5
FLORAL,FLORAL-FLOWERING PLANTS,44,14.97
FLORAL,FLORAL-FLOWERING PLANTS,45,14.99
FLORAL,FLORAL-FLOWERING PLANTS,46,33.95
FLORAL,FLORAL-FLOWERING PLANTS,47,155.87
FLORAL,FLORAL-FLOWERING PLANTS,48,27.97
FLORAL,FLORAL-FLOWERING PLANTS,49,28.96
FLORAL,FLORAL-FLOWERING PLANTS,50,41.96
FLORAL,FLORAL-FLOWERING PLANTS,52,36.95
FLORAL,FLORAL-FLOWERING PLANTS,53,75.92
FLORAL,FLORAL-FLOWERING PLANTS,54,47.96
FLORAL,FLORAL-FLOWERING PLANTS,55,101.9
FLORAL,FLORAL-FLOWERING PLANTS,56,288.7
FLORAL,FLORAL-FLOWERING PLANTS,57,88.42
FLORAL,FLORAL-FLOWERING PLANTS,58,22.97
FLORAL,FLORAL-FLOWERING PLANTS,59,115.88
FLORAL,FLORAL-FLOWERING PLANTS,60,299.75
FLORAL,FLORAL-FLOWERING PLANTS,61,17.98
FLORAL,FLORAL-FLOWERING PLANTS,62,5.99
FLORAL,FLORAL-FLOWERING PLANTS,63,55.94
FLORAL,FLORAL-FLOWERING PLANTS,64,10.98
FLORAL,FLORAL-FLOWERING PLANTS,65,9.99
FLORAL,FLORAL-FLOWERING PLANTS,66,45.93
FLORAL,FLORAL-FLOWERING PLANTS,67,123.82
FLORAL,FLORAL-FLOWERING PLANTS,68,9.98
FLORAL,FLORAL-FLOWERING PLANTS,69,4.99
FLORAL,FLORAL-FLOWERING PLANTS,70,35.93
FLORAL,FLORAL-FLOWERING PLANTS,71,29.97
FLORAL,FLORAL-FLOWERING PLANTS,72,7.5
FLORAL,FLORAL-FLOWERING PLANTS,73,35.96
FLORAL,FLORAL-FLOWERING PLANTS,74,10.48
FLORAL,FLORAL-FLOWERING PLANTS,75,7.98
FLORAL,FLORAL-FLOWERING PLANTS,76,25.95
FLORAL,FLORAL-FLOWERING PLANTS,77,62.44
FLORAL,FLORAL-FLOWERING PLANTS,78,54.94
FLORAL,FLORAL-FLOWERING PLANTS,79,30.97
FLORAL,FLORAL-FLOWERING PLANTS,80,30.47
FLORAL,FLORAL-FLOWERING PLANTS,81,11.98
FLORAL,FLORAL-FLOWERING PLANTS,82,29.97
FLORAL,FLORAL-FLOWERING PLANTS,83,32.95
FLORAL,FLORAL-FLOWERING PLANTS,84,22.97
FLORAL,FLORAL-FLOWERING PLANTS,85,18.97
FLORAL,FLORAL-FLOWERING PLANTS,86,19.97
FLORAL,FLORAL-FLOWERING PLANTS,87,76.91
FLORAL,FLORAL-FLOWERING PLANTS,88,95.87
FLORAL,FLORAL-FLOWERING PLANTS,89,155.86
FLORAL,FLORAL-FLOWERING PLANTS,90,90.91
FLORAL,FLORAL-FLOWERING PLANTS,91,25.97
FLORAL,FLORAL-FLOWERING PLANTS,92,141.85
FLORAL,FLORAL-FLOWERING PLANTS,94,24.99
FLORAL,FLORAL-FLOWERING PLANTS,95,8.99
FLORAL,FLORAL-FLOWERING PLANTS,96,9.99
FLORAL,FLORAL-FLOWERING PLANTS,97,21.96
FLORAL,FLORAL-FLOWERING PLANTS,98,35.47
FLORAL,FLORAL-FLOWERING PLANTS,99,128.89
FLORAL,FLORAL-FLOWERING PLANTS,100,134.38
FLORAL,FLORAL-FLOWERING PLANTS,101,15.98
FLORAL,FLORAL-FLOWERING PLANTS,102,18.48
FLORAL,FLORAL-FOLIAGE PLANTS,6,18.99
FLORAL,FLORAL-FOLIAGE PLANTS,7,56.96
FLORAL,FLORAL-FOLIAGE PLANTS,8,2.99
FLORAL,FLORAL-FOLIAGE PLANTS,10,18.97
FLORAL,FLORAL-FOLIAGE PLANTS,12,26.95
FLORAL,FLORAL-FOLIAGE PLANTS,13,60.94
FLORAL,FLORAL-FOLIAGE PLANTS,14,34.99
FLORAL,FLORAL-FOLIAGE PLANTS,15,50.97
FLORAL,FLORAL-FOLIAGE PLANTS,16,47.44
FLORAL,FLORAL-FOLIAGE PLANTS,17,27.97
FLORAL,FLORAL-FOLIAGE PLANTS,18,55.93
FLORAL,FLORAL-FOLIAGE PLANTS,19,53.96
FLORAL,FLORAL-FOLIAGE PLANTS,20,13.98
FLORAL,FLORAL-FOLIAGE PLANTS,21,37.95
FLORAL,FLORAL-FOLIAGE PLANTS,22,95.42
FLORAL,FLORAL-FOLIAGE PLANTS,23,58.92
FLORAL,FLORAL-FOLIAGE PLANTS,24,13.98
FLORAL,FLORAL-FOLIAGE PLANTS,25,9.99
FLORAL,FLORAL-FOLIAGE PLANTS,26,30.97
FLORAL,FLORAL-FOLIAGE PLANTS,27,57.97
FLORAL,FLORAL-FOLIAGE PLANTS,28,32.97
FLORAL,FLORAL-FOLIAGE PLANTS,30,2.99
FLORAL,FLORAL-FOLIAGE PLANTS,31,26.97
FLORAL,FLORAL-FOLIAGE PLANTS,32,9.99
FLORAL,FLORAL-FOLIAGE PLANTS,33,67.91
FLORAL,FLORAL-FOLIAGE PLANTS,34,13.98
FLORAL,FLORAL-FOLIAGE PLANTS,35,16.98
FLORAL,FLORAL-FOLIAGE PLANTS,36,20.98
FLORAL,FLORAL-FOLIAGE PLANTS,37,9.99
FLORAL,FLORAL-FOLIAGE PLANTS,38,39.94
FLORAL,FLORAL-FOLIAGE PLANTS,39,9.99
FLORAL,FLORAL-FOLIAGE PLANTS,40,23.97
FLORAL,FLORAL-FOLIAGE PLANTS,41,17.98
FLORAL,FLORAL-FOLIAGE PLANTS,42,18.98
FLORAL,FLORAL-FOLIAGE PLANTS,44,36.96
FLORAL,FLORAL-FOLIAGE PLANTS,45,23.98
FLORAL,FLORAL-FOLIAGE PLANTS,46,23.47
FLORAL,FLORAL-FOLIAGE PLANTS,47,21.98
FLORAL,FLORAL-FOLIAGE PLANTS,48,3.99
FLORAL,FLORAL-FOLIAGE PLANTS,49,17.97
FLORAL,FLORAL-FOLIAGE PLANTS,50,7.99
FLORAL,FLORAL-FOLIAGE PLANTS,51,37.98
FLORAL,FLORAL-FOLIAGE PLANTS,52,14.98
FLORAL,FLORAL-FOLIAGE PLANTS,53,24.97
FLORAL,FLORAL-FOLIAGE PLANTS,54,48.46
FLORAL,FLORAL-FOLIAGE PLANTS,55,29.97
FLORAL,FLORAL-FOLIAGE PLANTS,56,76.96
FLORAL,FLORAL-FOLIAGE PLANTS,57,55.95
FLORAL,FLORAL-FOLIAGE PLANTS,58,25.98
FLORAL,FLORAL-FOLIAGE PLANTS,59,4.99
FLORAL,FLORAL-FOLIAGE PLANTS,60,175.84
FLORAL,FLORAL-FOLIAGE PLANTS,61,16.98
FLORAL,FLORAL-FOLIAGE PLANTS,62,8.99
FLORAL,FLORAL-FOLIAGE PLANTS,63,9.99
FLORAL,FLORAL-FOLIAGE PLANTS,64,53.94
FLORAL,FLORAL-FOLIAGE PLANTS,65,19.99
FLORAL,FLORAL-FOLIAGE PLANTS,66,25.98
FLORAL,FLORAL-FOLIAGE PLANTS,68,26.95
FLORAL,FLORAL-FOLIAGE PLANTS,69,30.95
FLORAL,FLORAL-FOLIAGE PLANTS,70,6.99
FLORAL,FLORAL-FOLIAGE PLANTS,71,15.95
FLORAL,FLORAL-FOLIAGE PLANTS,72,62.93
FLORAL,FLORAL-FOLIAGE PLANTS,73,55.95
FLORAL,FLORAL-FOLIAGE PLANTS,74,42.95
FLORAL,FLORAL-FOLIAGE PLANTS,75,58.94
FLORAL,FLORAL-FOLIAGE PLANTS,76,62.42
FLORAL,FLORAL-FOLIAGE PLANTS,77,51.95
FLORAL,FLORAL-FOLIAGE PLANTS,78,22.97
FLORAL,FLORAL-FOLIAGE PLANTS,79,2.99
FLORAL,FLORAL-FOLIAGE PLANTS,81,17.76
FLORAL,FLORAL-FOLIAGE PLANTS,82,75.62
FLORAL,FLORAL-FOLIAGE PLANTS,83,35.85
FLORAL,FLORAL-FOLIAGE PLANTS,85,4.99
FLORAL,FLORAL-FOLIAGE PLANTS,86,11.98
FLORAL,FLORAL-FOLIAGE PLANTS,87,11.98
FLORAL,FLORAL-FOLIAGE PLANTS,88,60.96
FLORAL,FLORAL-FOLIAGE PLANTS,89,33.97
FLORAL,FLORAL-FOLIAGE PLANTS,91,4.99
FLORAL,FLORAL-FOLIAGE PLANTS,92,15.98
FLORAL,FLORAL-FOLIAGE PLANTS,94,18.97
FLORAL,FLORAL-FOLIAGE PLANTS,95,39.45
FLORAL,FLORAL-FOLIAGE PLANTS,96,10.98
FLORAL,FLORAL-FOLIAGE PLANTS,97,21.96
FLORAL,FLORAL-FOLIAGE PLANTS,99,24.98
FLORAL,FLORAL-FOLIAGE PLANTS,100,37.97
FLORAL,FLORAL-FOLIAGE PLANTS,102,40.97
FLORAL,FLORAL-FRESH CUT,1,40.97
FLORAL,FLORAL-FRESH CUT,2,11.1
FLORAL,FLORAL-FRESH CUT,3,7.34
FLORAL,FLORAL-FRESH CUT,4,13.99
FLORAL,FLORAL-FRESH CUT,5,29.95
FLORAL,FLORAL-FRESH CUT,6,42.95
FLORAL,FLORAL-FRESH CUT,7,270.52
FLORAL,FLORAL-FRESH CUT,8,80.96
FLORAL,FLORAL-FRESH CUT,9,108.58
FLORAL,FLORAL-FRESH CUT,10,154.86
FLORAL,FLORAL-FRESH CUT,11,147.21
FLORAL,FLORAL-FRESH CUT,12,99.25
FLORAL,FLORAL-FRESH CUT,13,132.89
FLORAL,FLORAL-FRESH CUT,14,192.94
FLORAL,FLORAL-FRESH CUT,15,198.87
FLORAL,FLORAL-FRESH CUT,16,174.16
FLORAL,FLORAL-FRESH CUT,17,177.2
FLORAL,FLORAL-FRESH CUT,18,144.68
FLORAL,FLORAL-FRESH CUT,19,149.2
FLORAL,FLORAL-FRESH CUT,20,348.17
FLORAL,FLORAL-FRESH CUT,21,128.87
FLORAL,FLORAL-FRESH CUT,22,123.69
FLORAL,FLORAL-FRESH CUT,23,180.89
FLORAL,FLORAL-FRESH CUT,24,186.39
FLORAL,FLORAL-FRESH CUT,25,222.12
FLORAL,FLORAL-FRESH CUT,26,280.73
FLORAL,FLORAL-FRESH CUT,27,165.84
FLORAL,FLORAL-FRESH CUT,28,251.81
FLORAL,FLORAL-FRESH CUT,29,180.29
FLORAL,FLORAL-FRESH CUT,30,510.3
FLORAL,FLORAL-FRESH CUT,31,129.7
FLORAL,FLORAL-FRESH CUT,32,152.89
FLORAL,FLORAL-FRESH CUT,33,248.69
FLORAL,FLORAL-FRESH CUT,34,105.25
FLORAL,FLORAL-FRESH CUT,35,208.18
FLORAL,FLORAL-FRESH CUT,36,332.61
FLORAL,FLORAL-FRESH CUT,37,101.9
FLORAL,FLORAL-FRESH CUT,38,101.95
FLORAL,FLORAL-FRESH CUT,39,134.84
FLORAL,FLORAL-FRESH CUT,40,268.24
FLORAL,FLORAL-FRESH CUT,41,171.76
FLORAL,FLORAL-FRESH CUT,42,123.85
FLORAL,FLORAL-FRESH CUT,43,178.84
FLORAL,FLORAL-FRESH CUT,44,105.13
FLORAL,FLORAL-FRESH CUT,45,113.39
FLORAL,FLORAL-FRESH CUT,46,213.51
FLORAL,FLORAL-FRESH CUT,47,461.31
FLORAL,FLORAL-FRESH CUT,48,87.68
FLORAL,FLORAL-FRESH CUT,49,239.31
FLORAL,FLORAL-FRESH CUT,50,180.81
FLORAL,FLORAL-FRESH CUT,51,184.45
FLORAL,FLORAL-FRESH CUT,52,271.14
FLORAL,FLORAL-FRESH CUT,53,162.87
FLORAL,FLORAL-FRESH CUT,54,229.56
FLORAL,FLORAL-FRESH CUT,55,263.91
FLORAL,FLORAL-FRESH CUT,56,381.91
FLORAL,FLORAL-FRESH CUT,57,180.09
FLORAL,FLORAL-FRESH CUT,58,303.21
FLORAL,FLORAL-FRESH CUT,59,381.15
FLORAL,FLORAL-FRESH CUT,60,766.55
FLORAL,FLORAL-FRESH CUT,61,202.95
FLORAL,FLORAL-FRESH CUT,62,199.34
FLORAL,FLORAL-FRESH CUT,63,165.83
FLORAL,FLORAL-FRESH CUT,64,150.12
FLORAL,FLORAL-FRESH CUT,65,150.84
FLORAL,FLORAL-FRESH CUT,66,164.22
FLORAL,FLORAL-FRESH CUT,67,187.03
FLORAL,FLORAL-FRESH CUT,68,57.61
FLORAL,FLORAL-FRESH CUT,69,144.07
FLORAL,FLORAL-FRESH CUT,70,175.8
FLORAL,FLORAL-FRESH CUT,71,136.52
FLORAL,FLORAL-FRESH CUT,72,225.68
FLORAL,FLORAL-FRESH CUT,73,135.9
FLORAL,FLORAL-FRESH CUT,74,185.73
FLORAL,FLORAL-FRESH CUT,75,130.51
FLORAL,FLORAL-FRESH CUT,76,144.76
FLORAL,FLORAL-FRESH CUT,77,187.81
FLORAL,FLORAL-FRESH CUT,78,160.38
FLORAL,FLORAL-FRESH CUT,79,125.82
FLORAL,FLORAL-FRESH CUT,80,244.19
FLORAL,FLORAL-FRESH CUT,81,184.88
FLORAL,FLORAL-FRESH CUT,82,287.46
FLORAL,FLORAL-FRESH CUT,83,405.95
FLORAL,FLORAL-FRESH CUT,84,331.84
FLORAL,FLORAL-FRESH CUT,85,173.88
FLORAL,FLORAL-FRESH CUT,86,250.6
FLORAL,FLORAL-FRESH CUT,87,233.85
FLORAL,FLORAL-FRESH CUT,88,327.03
FLORAL,FLORAL-FRESH CUT,89,179.55
FLORAL,FLORAL-FRESH CUT,90,168.76
FLORAL,FLORAL-FRESH CUT,91,147.22
FLORAL,FLORAL-FRESH CUT,92,191.32
FLORAL,FLORAL-FRESH CUT,93,131.73
FLORAL,FLORAL-FRESH CUT,94,104.86
FLORAL,FLORAL-FRESH CUT,95,145.23
FLORAL,FLORAL-FRESH CUT,96,164.81
FLORAL,FLORAL-FRESH CUT,97,151.61
FLORAL,FLORAL-FRESH CUT,98,144.2
FLORAL,FLORAL-FRESH CUT,99,386.61
FLORAL,FLORAL-FRESH CUT,100,577.49
FLORAL,FLORAL-FRESH CUT,101,133.31
FLORAL,FLORAL-FRESH CUT,102,145.87
FLORAL,GIFT & FRUIT BASKETS,30,12.99
FLORAL,GIFT & FRUIT BASKETS,39,337.74
FLORAL,GIFT & FRUIT BASKETS,40,71.95
FLORAL,GIFT & FRUIT BASKETS,41,0.0
FLORAL,GIFT & FRUIT BASKETS,47,14.99
FLORAL,GIFT & FRUIT BASKETS,48,19.99
FLORAL,GIFT & FRUIT BASKETS,49,19.99
FLORAL,GIFT & FRUIT BASKETS,56,6.99
FLORAL,GIFT & FRUIT BASKETS,69,2.03
FLORAL,GIFT & FRUIT BASKETS,83,14.44
FLORAL,GIFT & FRUIT BASKETS,89,19.99
FLORAL,GIFT & FRUIT BASKETS,91,12.99
FLORAL,GIFT & FRUIT BASKETS,92,47.98
FLORAL,GIFT & FRUIT BASKETS,94,2.81
FLORAL,GIFT & FRUIT BASKETS,100,14.99
FLORAL,PROD SUPPLIES,23,2.99
FLORAL,ROSES,1,8.99
FLORAL,ROSES,2,9.99
FLORAL,ROSES,3,7.99
FLORAL,ROSES,4,12.99
FLORAL,ROSES,5,12.99
FLORAL,ROSES,6,21.98
FLORAL,ROSES,7,162.97
FLORAL,ROSES,8,32.97
FLORAL,ROSES,9,38.97
FLORAL,ROSES,10,21.98
FLORAL,ROSES,11,51.96
FLORAL,ROSES,12,45.97
FLORAL,ROSES,13,67.94
FLORAL,ROSES,15,86.93
FLORAL,ROSES,16,29.97
FLORAL,ROSES,17,105.9
FLORAL,ROSES,18,57.95
FLORAL,ROSES,19,112.89
FLORAL,ROSES,20,15.98
FLORAL,ROSES,21,25.98
FLORAL,ROSES,22,38.97
FLORAL,ROSES,23,77.93
FLORAL,ROSES,24,57.94
FLORAL,ROSES,25,38.97
FLORAL,ROSES,26,44.97
FLORAL,ROSES,28,64.95
FLORAL,ROSES,29,51.96
FLORAL,ROSES,30,306.72
FLORAL,ROSES,31,22.98
FLORAL,ROSES,32,25.98
FLORAL,ROSES,33,91.93
FLORAL,ROSES,34,60.95
FLORAL,ROSES,35,84.94
FLORAL,ROSES,36,112.91
FLORAL,ROSES,37,69.97
FLORAL,ROSES,38,5.99
FLORAL,ROSES,39,12.99
FLORAL,ROSES,40,103.92
FLORAL,ROSES,41,36.96
FLORAL,ROSES,42,54.95
FLORAL,ROSES,43,25.98
FLORAL,ROSES,44,125.9
FLORAL,ROSES,45,65.97
FLORAL,ROSES,47,834.21
FLORAL,ROSES,48,60.96
FLORAL,ROSES,49,54.96
FLORAL,ROSES,50,40.95
FLORAL,ROSES,51,47.96
FLORAL,ROSES,52,36.97
FLORAL,ROSES,53,7.99
FLORAL,ROSES,54,8.99
FLORAL,ROSES,55,38.97
FLORAL,ROSES,56,75.93
FLORAL,ROSES,57,73.94
FLORAL,ROSES,58,12.99
FLORAL,ROSES,59,28.98
FLORAL,ROSES,60,130.91
FLORAL,ROSES,61,90.93
FLORAL,ROSES,62,47.96
FLORAL,ROSES,63,16.98
FLORAL,ROSES,64,97.93
FLORAL,ROSES,65,35.97
FLORAL,ROSES,66,57.96
FLORAL,ROSES,67,121.9
FLORAL,ROSES,68,77.94
FLORAL,ROSES,69,12.99
FLORAL,ROSES,70,19.98
FLORAL,ROSES,71,83.96
FLORAL,ROSES,72,12.99
FLORAL,ROSES,73,69.94
FLORAL,ROSES,74,25.98
FLORAL,ROSES,75,158.88
FLORAL,ROSES,76,181.86
FLORAL,ROSES,77,8.99
FLORAL,ROSES,78,47.96
FLORAL,ROSES,79,57.96
FLORAL,ROSES,80,91.92
FLORAL,ROSES,81,37.97
FLORAL,ROSES,82,38.86
FLORAL,ROSES,83,281.11
FLORAL,ROSES,84,38.97
FLORAL,ROSES,85,141.9
FLORAL,ROSES,86,99.92
FLORAL,ROSES,87,23.74
FLORAL,ROSES,88,44.97
FLORAL,ROSES,89,12.99
FLORAL,ROSES,90,99.12
FLORAL,ROSES,91,25.98
FLORAL,ROSES,92,77.94
FLORAL,ROSES,93,88.92
FLORAL,ROSES,94,31.07
FLORAL,ROSES,95,12.99
FLORAL,ROSES,96,12.99
FLORAL,ROSES,97,43.97
FLORAL,ROSES,99,288.87
FLORAL,ROSES,100,667.32
FLORAL,ROSES,101,61.96
FROZEN GROCERY,MISCELLANEOUS CROUTONS,61,6.39
FROZEN GROCERY,UNKNOWN,2,2.86
FROZEN GROCERY,UNKNOWN,3,5.17
FROZEN GROCERY,UNKNOWN,5,1.69
FROZEN GROCERY,UNKNOWN,6,1.98
FROZEN GROCERY,UNKNOWN,7,3.38
FROZEN GROCERY,UNKNOWN,8,7.7
FROZEN GROCERY,UNKNOWN,9,2.0
FROZEN GROCERY,UNKNOWN,10,1.18
FROZEN GROCERY,UNKNOWN,11,1.69
FROZEN GROCERY,UNKNOWN,12,3.8
FROZEN GROCERY,UNKNOWN,13,5.25
FROZEN GROCERY,UNKNOWN,15,3.38
FROZEN GROCERY,UNKNOWN,16,0.99
FROZEN GROCERY,UNKNOWN,18,5.56
FROZEN GROCERY,UNKNOWN,19,3.23
FROZEN GROCERY,UNKNOWN,20,4.93
FROZEN GROCERY,UNKNOWN,21,1.0
FROZEN GROCERY,UNKNOWN,22,4.52
FROZEN GROCERY,UNKNOWN,24,1.16
FROZEN GROCERY,UNKNOWN,28,1.33
FROZEN GROCERY,UNKNOWN,29,2.27
FROZEN GROCERY,UNKNOWN,30,1.69
FROZEN GROCERY,UNKNOWN,31,1.69
FROZEN GROCERY,UNKNOWN,33,4.71
FROZEN GROCERY,UNKNOWN,34,3.38
FROZEN GROCERY,UNKNOWN,35,1.69
FROZEN GROCERY,UNKNOWN,36,11.04
FROZEN GROCERY,UNKNOWN,37,5.07
FROZEN GROCERY,UNKNOWN,38,13.22
FROZEN GROCERY,UNKNOWN,39,8.77
FROZEN GROCERY,UNKNOWN,40,6.29
FROZEN GROCERY,UNKNOWN,41,2.74
FROZEN GROCERY,UNKNOWN,42,5.02
FROZEN GROCERY,UNKNOWN,43,3.62
FROZEN GROCERY,UNKNOWN,44,7.15
FROZEN GROCERY,UNKNOWN,45,4.71
FROZEN GROCERY,UNKNOWN,46,6.81
FROZEN GROCERY,UNKNOWN,48,15.92
FROZEN GROCERY,UNKNOWN,49,16.93
FROZEN GROCERY,UNKNOWN,50,11.99
FROZEN GROCERY,UNKNOWN,51,6.46
FROZEN GROCERY,UNKNOWN,52,8.22
FROZEN GROCERY,UNKNOWN,53,5.18
FROZEN GROCERY,UNKNOWN,54,8.74
FROZEN GROCERY,UNKNOWN,56,3.41
FROZEN GROCERY,UNKNOWN,57,2.99
FROZEN GROCERY,UNKNOWN,58,10.07
FROZEN GROCERY,UNKNOWN,59,8.97
FROZEN GROCERY,UNKNOWN,60,8.46
FROZEN GROCERY,UNKNOWN,61,1.64
FROZEN GROCERY,UNKNOWN,62,8.56
FROZEN GROCERY,UNKNOWN,63,6.62
FROZEN GROCERY,UNKNOWN,66,9.88
FROZEN GROCERY,UNKNOWN,67,2.65
FROZEN GROCERY,UNKNOWN,68,11.45
FROZEN GROCERY,UNKNOWN,69,8.44
FROZEN GROCERY,UNKNOWN,70,3.52
FROZEN GROCERY,UNKNOWN,71,5.96
FROZEN GROCERY,UNKNOWN,72,1.99
FROZEN GROCERY,UNKNOWN,73,7.24
FROZEN GROCERY,UNKNOWN,74,5.53
FROZEN GROCERY,UNKNOWN,75,3.46
FROZEN GROCERY,UNKNOWN,76,4.45
FROZEN GROCERY,UNKNOWN,77,17.2
FROZEN GROCERY,UNKNOWN,78,1.99
FROZEN GROCERY,UNKNOWN,79,3.79
FROZEN GROCERY,UNKNOWN,80,4.97
FROZEN GROCERY,UNKNOWN,81,10.96
FROZEN GROCERY,UNKNOWN,82,3.29
FROZEN GROCERY,UNKNOWN,83,6.58
FROZEN GROCERY,UNKNOWN,84,22.14
FROZEN GROCERY,UNKNOWN,85,12.86
FROZEN GROCERY,UNKNOWN,86,36.39
FROZEN GROCERY,UNKNOWN,87,7.81
FROZEN GROCERY,UNKNOWN,88,3.7
FROZEN GROCERY,UNKNOWN,89,25.1
FROZEN GROCERY,UNKNOWN,90,18.44
FROZEN GROCERY,UNKNOWN,91,4.89
FROZEN GROCERY,UNKNOWN,92,7.87
FROZEN GROCERY,UNKNOWN,93,6.58
FROZEN GROCERY,UNKNOWN,94,11.37
FROZEN GROCERY,UNKNOWN,95,15.38
FROZEN GROCERY,UNKNOWN,96,23.7
FROZEN GROCERY,UNKNOWN,97,2.9
FROZEN GROCERY,UNKNOWN,98,9.87
FROZEN GROCERY,UNKNOWN,99,11.74
FROZEN GROCERY,UNKNOWN,100,18.83
FROZEN GROCERY,UNKNOWN,101,14.41
FROZEN GROCERY,UNKNOWN,102,2.71
GRO BAKERY,SNACK NUTS,61,2.18
GROCERY,BAKED BREAD/BUNS/ROLLS,1,160.58
GROCERY,BAKED BREAD/BUNS/ROLLS,2,200.79
GROCERY,BAKED BREAD/BUNS/ROLLS,3,290.82
GROCERY,BAKED BREAD/BUNS/ROLLS,4,318.9
GROCERY,BAKED BREAD/BUNS/ROLLS,5,468.62
GROCERY,BAKED BREAD/BUNS/ROLLS,6,522.57
GROCERY,BAKED BREAD/BUNS/ROLLS,7,521.75
GROCERY,BAKED BREAD/BUNS/ROLLS,8,564.81
GROCERY,BAKED BREAD/BUNS/ROLLS,9,668.07
GROCERY,BAKED BREAD/BUNS/ROLLS,10,936.77
GROCERY,BAKED BREAD/BUNS/ROLLS,11,935.08
GROCERY,BAKED BREAD/BUNS/ROLLS,12,931.58
GROCERY,BAKED BREAD/BUNS/ROLLS,13,1050.9
GROCERY,BAKED BREAD/BUNS/ROLLS,14,1163.78
GROCERY,BAKED BREAD/BUNS/ROLLS,15,1604.15
GROCERY,BAKED BREAD/BUNS/ROLLS,16,1406.51
GROCERY,BAKED BREAD/BUNS/ROLLS,17,1699.58
GROCERY,BAKED BREAD/BUNS/ROLLS,18,1476.81
GROCERY,BAKED BREAD/BUNS/ROLLS,19,1503.09
GROCERY,BAKED BREAD/BUNS/ROLLS,20,1663.53
GROCERY,BAKED BREAD/BUNS/ROLLS,21,1600.42
GROCERY,BAKED BREAD/BUNS/ROLLS,22,1551.96
GROCERY,BAKED BREAD/BUNS/ROLLS,23,1419.21
GROCERY,BAKED BREAD/BUNS/ROLLS,24,1814.44
GROCERY,BAKED BREAD/BUNS/ROLLS,25,1508.94
GROCERY,BAKED BREAD/BUNS/ROLLS,26,1551.33
GROCERY,BAKED BREAD/BUNS/ROLLS,27,1554.26
GROCERY,BAKED BREAD/BUNS/ROLLS,28,1477.06
GROCERY,BAKED BREAD/BUNS/ROLLS,29,1494.29
GROCERY,BAKED BREAD/BUNS/ROLLS,30,1310.19
GROCERY,BAKED BREAD/BUNS/ROLLS,31,1465.8
GROCERY,BAKED BREAD/BUNS/ROLLS,32,1494.82
GROCERY,BAKED BREAD/BUNS/ROLLS,33,1399.04
GROCERY,BAKED BREAD/BUNS/ROLLS,34,1371.01
GROCERY,BAKED BREAD/BUNS/ROLLS,35,1625.33
GROCERY,BAKED BREAD/BUNS/ROLLS,36,1329.97
GROCERY,BAKED BREAD/BUNS/ROLLS,37,1637.62
GROCERY,BAKED BREAD/BUNS/ROLLS,38,1463.27
GROCERY,BAKED BREAD/BUNS/ROLLS,39,1439.73
GROCERY,BAKED BREAD/BUNS/ROLLS,40,1313.39
GROCERY,BAKED BREAD/BUNS/ROLLS,41,1490.56
GROCERY,BAKED BREAD/BUNS/ROLLS,42,1494.78
GROCERY,BAKED BREAD/BUNS/ROLLS,43,1523.62
GROCERY,BAKED BREAD/BUNS/ROLLS,44,1517.64
GROCERY,BAKED BREAD/BUNS/ROLLS,45,1427.84
GROCERY,BAKED BREAD/BUNS/ROLLS,46,1680.26
GROCERY,BAKED BREAD/BUNS/ROLLS,47,1442.15
GROCERY,BAKED BREAD/BUNS/ROLLS,48,1477.21
GROCERY,BAKED BREAD/BUNS/ROLLS,49,1412.19
GROCERY,BAKED BREAD/BUNS/ROLLS,50,1525.57
GROCERY,BAKED BREAD/BUNS/ROLLS,51,1633.44
GROCERY,BAKED BREAD/BUNS/ROLLS,52,1548.26
GROCERY,BAKED BREAD/BUNS/ROLLS,53,1488.56
GROCERY,BAKED BREAD/BUNS/ROLLS,54,1580.62
GROCERY,BAKED BREAD/BUNS/ROLLS,55,1613.85
GROCERY,BAKED BREAD/BUNS/ROLLS,56,1584.56
GROCERY,BAKED BREAD/BUNS/ROLLS,57,1481.05
GROCERY,BAKED BREAD/BUNS/ROLLS,58,1586.55
GROCERY,BAKED BREAD/BUNS/ROLLS,59,1717.59
GROCERY,BAKED BREAD/BUNS/ROLLS,60,1543.21
GROCERY,BAKED BREAD/BUNS/ROLLS,61,1582.96
GROCERY,BAKED BREAD/BUNS/ROLLS,62,1604.94
GROCERY,BAKED BREAD/BUNS/ROLLS,63,1762.34
GROCERY,BAKED BREAD/BUNS/ROLLS,64,1597.43
GROCERY,BAKED BREAD/BUNS/ROLLS,65,1653.85
GROCERY,BAKED BREAD/BUNS/ROLLS,66,1487.23
GROCERY,BAKED BREAD/BUNS/ROLLS,67,1919.45
GROCERY,BAKED BREAD/BUNS/ROLLS,68,1578.21
GROCERY,BAKED BREAD/BUNS/ROLLS,69,1538.98
GROCERY,BAKED BREAD/BUNS/ROLLS,70,1608.31
GROCERY,BAKED BREAD/BUNS/ROLLS,71,1686.35
GROCERY,BAKED BREAD/BUNS/ROLLS,72,1765.69
GROCERY,BAKED BREAD/BUNS/ROLLS,73,1669.11
GROCERY,BAKED BREAD/BUNS/ROLLS,74,1645.45
GROCERY,BAKED BREAD/BUNS/ROLLS,75,1483.4
GROCERY,BAKED BREAD/BUNS/ROLLS,76,1720.89
GROCERY,BAKED BREAD/BUNS/ROLLS,77,1571.02
GROCERY,BAKED BREAD/BUNS/ROLLS,78,1602.08
GROCERY,BAKED BREAD/BUNS/ROLLS,79,1445.6
GROCERY,BAKED BREAD/BUNS/ROLLS,80,1416.37
GROCERY,BAKED BREAD/BUNS/ROLLS,81,1695.6
GROCERY,BAKED BREAD/BUNS/ROLLS,82,1405.67
GROCERY,BAKED BREAD/BUNS/ROLLS,83,1636.55
GROCERY,BAKED BREAD/BUNS/ROLLS,84,1521.09
GROCERY,BAKED BREAD/BUNS/ROLLS,85,1732.19
GROCERY,BAKED BREAD/BUNS/ROLLS,86,1551.07
GROCERY,BAKED BREAD/BUNS/ROLLS,87,1792.12
GROCERY,BAKED BREAD/BUNS/ROLLS,88,1476.27
GROCERY,BAKED BREAD/BUNS/ROLLS,89,1669.95
GROCERY,BAKED BREAD/BUNS/ROLLS,90,1523.69
GROCERY,BAKED BREAD/BUNS/ROLLS,91,1440.43
GROCERY,BAKED BREAD/BUNS/ROLLS,92,1637.77
GROCERY,BAKED BREAD/BUNS/ROLLS,93,1537.83
GROCERY,BAKED BREAD/BUNS/ROLLS,94,1609.37
GROCERY,BAKED BREAD/BUNS/ROLLS,95,1680.03
GROCERY,BAKED BREAD/BUNS/ROLLS,96,1748.91
GROCERY,BAKED BREAD/BUNS/ROLLS,97,1580.58
GROCERY,BAKED BREAD/BUNS/ROLLS,98,1880.55
GROCERY,BAKED BREAD/BUNS/ROLLS,99,1873.21
GROCERY,BAKED BREAD/BUNS/ROLLS,100,1494.39
GROCERY,BAKED BREAD/BUNS/ROLLS,101,1581.68
GROCERY,BAKED BREAD/BUNS/ROLLS,102,841.96
GROCERY,BAKED SWEET GOODS,1,59.11
GROCERY,BAKED SWEET GOODS,2,110.16
GROCERY,BAKED SWEET GOODS,3,123.75
GROCERY,BAKED SWEET GOODS,4,121.2
GROCERY,BAKED SWEET GOODS,5,208.53
GROCERY,BAKED SWEET GOODS,6,164.3
GROCERY,BAKED SWEET GOODS,7,170.72
GROCERY,BAKED SWEET GOODS,8,219.16
GROCERY,BAKED SWEET GOODS,9,229.39
GROCERY,BAKED SWEET GOODS,10,235.24
GROCERY,BAKED SWEET GOODS,11,303.27
GROCERY,BAKED SWEET GOODS,12,361.98
GROCERY,BAKED SWEET GOODS,13,368.26
GROCERY,BAKED SWEET GOODS,14,429.46
GROCERY,BAKED SWEET GOODS,15,518.4
GROCERY,BAKED SWEET GOODS,16,462.34
GROCERY,BAKED SWEET GOODS,17,519.62
GROCERY,BAKED SWEET GOODS,18,488.65
GROCERY,BAKED SWEET GOODS,19,593.08
GROCERY,BAKED SWEET GOODS,20,556.91
GROCERY,BAKED SWEET GOODS,21,540.64
GROCERY,BAKED SWEET GOODS,22,448.46
GROCERY,BAKED SWEET GOODS,23,575.17
GROCERY,BAKED SWEET GOODS,24,713.98
GROCERY,BAKED SWEET GOODS,25,531.88
GROCERY,BAKED SWEET GOODS,26,581.67
GROCERY,BAKED SWEET GOODS,27,537.78
GROCERY,BAKED SWEET GOODS,28,699.75
GROCERY,BAKED SWEET GOODS,29,613.25
GROCERY,BAKED SWEET GOODS,30,437.27
GROCERY,BAKED SWEET GOODS,31,474.05
GROCERY,BAKED SWEET GOODS,32,472.29
GROCERY,BAKED SWEET GOODS,33,638.54
GROCERY,BAKED SWEET GOODS,34,492.69
GROCERY,BAKED SWEET GOODS,35,585.22
GROCERY,BAKED SWEET GOODS,36,465.5
GROCERY,BAKED SWEET GOODS,37,661.81
GROCERY,BAKED SWEET GOODS,38,542.8
GROCERY,BAKED SWEET GOODS,39,491.75
GROCERY,BAKED SWEET GOODS,40,420.33
GROCERY,BAKED SWEET GOODS,41,541.38
GROCERY,BAKED SWEET GOODS,42,640.89
GROCERY,BAKED SWEET GOODS,43,605.68
GROCERY,BAKED SWEET GOODS,44,614.51
GROCERY,BAKED SWEET GOODS,45,553.69
GROCERY,BAKED SWEET GOODS,46,729.44
GROCERY,BAKED SWEET GOODS,47,591.86
GROCERY,BAKED SWEET GOODS,48,620.25
GROCERY,BAKED SWEET GOODS,49,672.7
GROCERY,BAKED SWEET GOODS,50,608.16
GROCERY,BAKED SWEET GOODS,51,559.72
GROCERY,BAKED SWEET GOODS,52,671.45
GROCERY,BAKED SWEET GOODS,53,645.27
GROCERY,BAKED SWEET GOODS,54,617.08
GROCERY,BAKED SWEET GOODS,55,609.88
GROCERY,BAKED SWEET GOODS,56,543.87
GROCERY,BAKED SWEET GOODS,57,547.14
GROCERY,BAKED SWEET GOODS,58,664.22
GROCERY,BAKED SWEET GOODS,59,659.95
GROCERY,BAKED SWEET GOODS,60,696.51
GROCERY,BAKED SWEET GOODS,61,623.63
GROCERY,BAKED SWEET GOODS,62,514.69
GROCERY,BAKED SWEET GOODS,63,566.57
GROCERY,BAKED SWEET GOODS,64,693.14
GROCERY,BAKED SWEET GOODS,65,671.94
GROCERY,BAKED SWEET GOODS,66,650.63
GROCERY,BAKED SWEET GOODS,67,707.87
GROCERY,BAKED SWEET GOODS,68,593.08
GROCERY,BAKED SWEET GOODS,69,516.37
GROCERY,BAKED SWEET GOODS,70,540.54
GROCERY,BAKED SWEET GOODS,71,586.15
GROCERY,BAKED SWEET GOODS,72,731.92
GROCERY,BAKED SWEET GOODS,73,608.82
GROCERY,BAKED SWEET GOODS,74,604.48
GROCERY,BAKED SWEET GOODS,75,597.61
GROCERY,BAKED SWEET GOODS,76,652.24
GROCERY,BAKED SWEET GOODS,77,662.86
GROCERY,BAKED SWEET GOODS,78,586.48
GROCERY,BAKED SWEET GOODS,79,530.04
GROCERY,BAKED SWEET GOODS,80,555.48
GROCERY,BAKED SWEET GOODS,81,688.58
GROCERY,BAKED SWEET GOODS,82,482.67
GROCERY,BAKED SWEET GOODS,83,608.0
GROCERY,BAKED SWEET GOODS,84,495.52
GROCERY,BAKED SWEET GOODS,85,562.13
GROCERY,BAKED SWEET GOODS,86,584.81
GROCERY,BAKED SWEET GOODS,87,700.37
GROCERY,BAKED SWEET GOODS,88,475.74
GROCERY,BAKED SWEET GOODS,89,687.7
GROCERY,BAKED SWEET GOODS,90,607.91
GROCERY,BAKED SWEET GOODS,91,683.4
GROCERY,BAKED SWEET GOODS,92,449.68
GROCERY,BAKED SWEET GOODS,93,513.92
GROCERY,BAKED SWEET GOODS,94,640.74
GROCERY,BAKED SWEET GOODS,95,667.61
GROCERY,BAKED SWEET GOODS,96,739.11
GROCERY,BAKED SWEET GOODS,97,647.81
GROCERY,BAKED SWEET GOODS,98,801.93
GROCERY,BAKED SWEET GOODS,99,775.33
GROCERY,BAKED SWEET GOODS,100,572.16
GROCERY,BAKED SWEET GOODS,101,583.46
GROCERY,BAKED SWEET GOODS,102,366.35
GROCERY,BUTTER,1,14.88
GROCERY,BUTTER,2,26.81
GROCERY,BUTTER,3,18.45
GROCERY,BUTTER,4,30.21
GROCERY,BUTTER,5,28.51
GROCERY,BUTTER,6,56.23
GROCERY,BUTTER,7,42.81
GROCERY,BUTTER,8,35.13
GROCERY,BUTTER,9,93.98
GROCERY,BUTTER,10,133.07
GROCERY,BUTTER,11,84.83
GROCERY,BUTTER,12,112.97
GROCERY,BUTTER,13,89.49
GROCERY,BUTTER,14,78.49
GROCERY,BUTTER,15,162.38
GROCERY,BUTTER,16,151.86
GROCERY,BUTTER,17,142.07
GROCERY,BUTTER,18,161.85
GROCERY,BUTTER,19,192.4
GROCERY,BUTTER,20,113.15
GROCERY,BUTTER,21,132.29
GROCERY,BUTTER,22,155.81
GROCERY,BUTTER,23,181.12
GROCERY,BUTTER,24,220.84
GROCERY,BUTTER,25,99.24
GROCERY,BUTTER,26,130.05
GROCERY,BUTTER,27,189.22
GROCERY,BUTTER,28,197.44
GROCERY,BUTTER,29,143.94
GROCERY,BUTTER,30,114.54
GROCERY,BUTTER,31,136.38
GROCERY,BUTTER,32,226.52
GROCERY,BUTTER,33,201.96
GROCERY,BUTTER,34,232.36
GROCERY,BUTTER,35,458.07
GROCERY,BUTTER,36,274.24
GROCERY,BUTTER,37,276.85
GROCERY,BUTTER,38,302.65
GROCERY,BUTTER,39,351.49
GROCERY,BUTTER,40,318.31
GROCERY,BUTTER,41,154.35
GROCERY,BUTTER,42,158.72
GROCERY,BUTTER,43,152.78
GROCERY,BUTTER,44,137.95
GROCERY,BUTTER,45,96.65
GROCERY,BUTTER,46,161.88
GROCERY,BUTTER,47,178.99
GROCERY,BUTTER,48,157.04
GROCERY,BUTTER,49,128.92
GROCERY,BUTTER,50,191.64
GROCERY,BUTTER,51,163.13
GROCERY,BUTTER,52,155.52
GROCERY,BUTTER,53,143.09
GROCERY,BUTTER,54,232.37
GROCERY,BUTTER,55,157.5
GROCERY,BUTTER,56,166.01
GROCERY,BUTTER,57,102.23
GROCERY,BUTTER,58,126.98
GROCERY,BUTTER,59,153.36
GROCERY,BUTTER,60,185.49
GROCERY,BUTTER,61,178.65
GROCERY,BUTTER,62,163.84
GROCERY,BUTTER,63,129.6
GROCERY,BUTTER,64,125.73
GROCERY,BUTTER,65,131.82
GROCERY,BUTTER,66,141.2
GROCERY,BUTTER,67,149.15
GROCERY,BUTTER,68,163.64
GROCERY,BUTTER,69,109.95
GROCERY,BUTTER,70,134.03
GROCERY,BUTTER,71,227.69
GROCERY,BUTTER,72,166.39
GROCERY,BUTTER,73,153.86
GROCERY,BUTTER,74,155.64
GROCERY,BUTTER,75,152.25
GROCERY,BUTTER,76,216.39
GROCERY,BUTTER,77,110.59
GROCERY,BUTTER,78,150.59
GROCERY,BUTTER,79,167.5
GROCERY,BUTTER,80,181.41
GROCERY,BUTTER,81,148.69
GROCERY,BUTTER,82,185.85
GROCERY,BUTTER,83,141.4
GROCERY,BUTTER,84,138.41
GROCERY,BUTTER,85,199.21
GROCERY,BUTTER,86,313.66
GROCERY,BUTTER,87,449.19
GROCERY,BUTTER,88,213.17
GROCERY,BUTTER,89,223.2
GROCERY,BUTTER,90,265.35
GROCERY,BUTTER,91,381.04
GROCERY,BUTTER,92,391.28
GROCERY,BUTTER,93,178.18
GROCERY,BUTTER,94,117.85
GROCERY,BUTTER,95,189.01
GROCERY,BUTTER,96,137.19
GROCERY,BUTTER,97,109.16
GROCERY,BUTTER,98,234.37
GROCERY,BUTTER,99,220.05
GROCERY,BUTTER,100,162.25
GROCERY,BUTTER,101,99.99
GROCERY,BUTTER,102,62.03
GROCERY,CHEESE,1,164.64
GROCERY,CHEESE,2,313.52
GROCERY,CHEESE,3,343.15
GROCERY,CHEESE,4,330.25
GROCERY,CHEESE,5,588.9
GROCERY,CHEESE,6,712.9
GROCERY,CHEESE,7,642.09
GROCERY,CHEESE,8,765.04
GROCERY,CHEESE,9,872.9
GROCERY,CHEESE,10,1067.31
GROCERY,CHEESE,11,1151.38
GROCERY,CHEESE,12,1255.15
GROCERY,CHEESE,13,1326.85
GROCERY,CHEESE,14,1256.74
GROCERY,CHEESE,15,1805.75
GROCERY,CHEESE,16,1805.82
GROCERY,CHEESE,17,1853.54
GROCERY,CHEESE,18,1714.4
GROCERY,CHEESE,19,1791.51
GROCERY,CHEESE,20,2359.54
GROCERY,CHEESE,21,2027.08
GROCERY,CHEESE,22,1651.34
GROCERY,CHEESE,23,1771.89
GROCERY,CHEESE,24,2183.98
GROCERY,CHEESE,25,1790.72
GROCERY,CHEESE,26,1831.81
GROCERY,CHEESE,27,1828.82
GROCERY,CHEESE,28,2010.71
GROCERY,CHEESE,29,2042.23
GROCERY,CHEESE,30,1749.36
GROCERY,CHEESE,31,1824.54
GROCERY,CHEESE,32,1824.51
GROCERY,CHEESE,33,1997.26
GROCERY,CHEESE,34,1991.68
GROCERY,CHEESE,35,2289.89
GROCERY,CHEESE,36,1901.77
GROCERY,CHEESE,37,2540.59
GROCERY,CHEESE,38,2146.38
GROCERY,CHEESE,39,2184.21
GROCERY,CHEESE,40,2401.98
GROCERY,CHEESE,41,2414.12
GROCERY,CHEESE,42,2295.17
GROCERY,CHEESE,43,2040.23
GROCERY,CHEESE,44,2102.21
GROCERY,CHEESE,45,1857.3
GROCERY,CHEESE,46,2523.44
GROCERY,CHEESE,47,2165.71
GROCERY,CHEESE,48,1888.52
GROCERY,CHEESE,49,1794.37
GROCERY,CHEESE,50,2241.22
GROCERY,CHEESE,51,1977.75
GROCERY,CHEESE,52,2053.69
GROCERY,CHEESE,53,2048.02
GROCERY,CHEESE,54,2049.53
GROCERY,CHEESE,55,2074.88
GROCERY,CHEESE,56,1882.41
GROCERY,CHEESE,57,1766.45
GROCERY,CHEESE,58,1981.6
GROCERY,CHEESE,59,2213.93
GROCERY,CHEESE,60,1918.56
GROCERY,CHEESE,61,2027.57
GROCERY,CHEESE,62,1882.22
GROCERY,CHEESE,63,2068.9
GROCERY,CHEESE,64,1923.33
GROCERY,CHEESE,65,1953.85
GROCERY,CHEESE,66,1632.15
GROCERY,CHEESE,67,1973.54
GROCERY,CHEESE,68,2145.69
GROCERY,CHEESE,69,1739.55
GROCERY,CHEESE,70,1902.23
GROCERY,CHEESE,71,1952.15
GROCERY,CHEESE,72,2080.01
GROCERY,CHEESE,73,1973.65
GROCERY,CHEESE,74,1832.57
GROCERY,CHEESE,75,1703.71
GROCERY,CHEESE,76,2241.78
GROCERY,CHEESE,77,1915.16
GROCERY,CHEESE,78,2107.51
GROCERY,CHEESE,79,1886.58
GROCERY,CHEESE,80,2010.1
GROCERY,CHEESE,81,2212.05
GROCERY,CHEESE,82,2031.32
GROCERY,CHEESE,83,1937.01
GROCERY,CHEESE,84,2002.75
GROCERY,CHEESE,85,2380.47
GROCERY,CHEESE,86,2087.52
GROCERY,CHEESE,87,2470.32
GROCERY,CHEESE,88,2028.44
GROCERY,CHEESE,89,2141.53
GROCERY,CHEESE,90,2393.97
GROCERY,CHEESE,91,2204.71
GROCERY,CHEESE,92,2550.65
GROCERY,CHEESE,93,2294.29
GROCERY,CHEESE,94,2315.86
GROCERY,CHEESE,95,1993.75
GROCERY,CHEESE,96,2109.38
GROCERY,CHEESE,97,1952.99
GROCERY,CHEESE,98,2824.03
GROCERY,CHEESE,99,2490.76
GROCERY,CHEESE,100,1818.05
GROCERY,CHEESE,101,1905.36
GROCERY,CHEESE,102,1029.48
GROCERY,EGGS,1,51.19
GROCERY,EGGS,2,50.92
GROCERY,EGGS,3,59.57
GROCERY,EGGS,4,65.24
GROCERY,EGGS,5,135.45
GROCERY,EGGS,6,145.47
GROCERY,EGGS,7,96.92
GROCERY,EGGS,8,132.72
GROCERY,EGGS,9,167.83
GROCERY,EGGS,10,259.27
GROCERY,EGGS,11,270.78
GROCERY,EGGS,12,204.8
GROCERY,EGGS,13,262.6
GROCERY,EGGS,14,278.95
GROCERY,EGGS,15,374.33
GROCERY,EGGS,16,358.16
GROCERY,EGGS,17,396.06
GROCERY,EGGS,18,318.88
GROCERY,EGGS,19,369.28
GROCERY,EGGS,20,420.72
GROCERY,EGGS,21,341.72
GROCERY,EGGS,22,325.4
GROCERY,EGGS,23,310.75
GROCERY,EGGS,24,376.24
GROCERY,EGGS,25,369.99
GROCERY,EGGS,26,381.65
GROCERY,EGGS,27,452.0
GROCERY,EGGS,28,363.12
GROCERY,EGGS,29,375.17
GROCERY,EGGS,30,409.93
GROCERY,EGGS,31,470.32
GROCERY,EGGS,32,377.87
GROCERY,EGGS,33,390.06
GROCERY,EGGS,34,433.13
GROCERY,EGGS,35,510.66
GROCERY,EGGS,36,402.36
GROCERY,EGGS,37,471.49
GROCERY,EGGS,38,480.56
GROCERY,EGGS,39,485.26
GROCERY,EGGS,40,589.11
GROCERY,EGGS,41,492.24
GROCERY,EGGS,42,562.99
GROCERY,EGGS,43,429.81
GROCERY,EGGS,44,428.84
GROCERY,EGGS,45,397.76
GROCERY,EGGS,46,466.37
GROCERY,EGGS,47,463.3
GROCERY,EGGS,48,404.78
GROCERY,EGGS,49,384.26
GROCERY,EGGS,50,454.24
GROCERY,EGGS,51,390.78
GROCERY,EGGS,52,490.18
GROCERY,EGGS,53,376.19
GROCERY,EGGS,54,435.76
GROCERY,EGGS,55,463.86
GROCERY,EGGS,56,568.49
GROCERY,EGGS,57,359.35
GROCERY,EGGS,58,420.79
GROCERY,EGGS,59,415.7
GROCERY,EGGS,60,369.63
GROCERY,EGGS,61,385.03
GROCERY,EGGS,62,380.86
GROCERY,EGGS,63,459.56
GROCERY,EGGS,64,422.23
GROCERY,EGGS,65,364.88
GROCERY,EGGS,66,389.3
GROCERY,EGGS,67,456.58
GROCERY,EGGS,68,417.84
GROCERY,EGGS,69,377.37
GROCERY,EGGS,70,361.46
GROCERY,EGGS,71,333.91
GROCERY,EGGS,72,399.93
GROCERY,EGGS,73,345.9
GROCERY,EGGS,74,399.15
GROCERY,EGGS,75,345.64
GROCERY,EGGS,76,439.3
GROCERY,EGGS,77,443.34
GROCERY,EGGS,78,364.75
GROCERY,EGGS,79,324.28
GROCERY,EGGS,80,378.06
GROCERY,EGGS,81,430.45
GROCERY,EGGS,82,386.86
GROCERY,EGGS,83,462.21
GROCERY,EGGS,84,382.45
GROCERY,EGGS,85,480.32
GROCERY,EGGS,86,428.83
GROCERY,EGGS,87,586.6
GROCERY,EGGS,88,520.05
GROCERY,EGGS,89,458.36
GROCERY,EGGS,90,452.29
GROCERY,EGGS,91,457.09
GROCERY,EGGS,92,606.21
GROCERY,EGGS,93,524.87
GROCERY,EGGS,94,518.63
GROCERY,EGGS,95,485.41
GROCERY,EGGS,96,479.98
GROCERY,EGGS,97,472.36
GROCERY,EGGS,98,595.85
GROCERY,EGGS,99,620.47
GROCERY,EGGS,100,488.78
GROCERY,EGGS,101,520.99
GROCERY,EGGS,102,268.49
GROCERY,FLUID MILK PRODUCTS,1,179.28
GROCERY,FLUID MILK PRODUCTS,2,329.24
GROCERY,FLUID MILK PRODUCTS,3,359.95
GROCERY,FLUID MILK PRODUCTS,4,379.03
GROCERY,FLUID MILK PRODUCTS,5,589.3
GROCERY,FLUID MILK PRODUCTS,6,677.8
GROCERY,FLUID MILK PRODUCTS,7,647.66
GROCERY,FLUID MILK PRODUCTS,8,753.14
GROCERY,FLUID MILK PRODUCTS,9,856.47
GROCERY,FLUID MILK PRODUCTS,10,992.13
GROCERY,FLUID MILK PRODUCTS,11,1183.53
GROCERY,FLUID MILK PRODUCTS,12,1268.13
GROCERY,FLUID MILK PRODUCTS,13,1528.52
GROCERY,FLUID MILK PRODUCTS,14,1529.55
GROCERY,FLUID MILK PRODUCTS,15,1769.43
GROCERY,FLUID MILK PRODUCTS,16,2046.78
GROCERY,FLUID MILK PRODUCTS,17,1968.44
GROCERY,FLUID MILK PRODUCTS,18,1917.15
GROCERY,FLUID MILK PRODUCTS,19,1969.28
GROCERY,FLUID MILK PRODUCTS,20,2204.59
GROCERY,FLUID MILK PRODUCTS,21,1975.3
GROCERY,FLUID MILK PRODUCTS,22,1926.68
GROCERY,FLUID MILK PRODUCTS,23,1902.37
GROCERY,FLUID MILK PRODUCTS,24,2021.43
GROCERY,FLUID MILK PRODUCTS,25,2321.19
GROCERY,FLUID MILK PRODUCTS,26,1929.67
GROCERY,FLUID MILK PRODUCTS,27,1958.11
GROCERY,FLUID MILK PRODUCTS,28,2038.79
GROCERY,FLUID MILK PRODUCTS,29,2027.74
GROCERY,FLUID MILK PRODUCTS,30,1967.27
GROCERY,FLUID MILK PRODUCTS,31,2129.01
GROCERY,FLUID MILK PRODUCTS,32,2137.44
GROCERY,FLUID MILK PRODUCTS,33,2251.98
GROCERY,FLUID MILK PRODUCTS,34,2002.9
GROCERY,FLUID MILK PRODUCTS,35,2678.27
GROCERY,FLUID MILK PRODUCTS,36,2210.35
GROCERY,FLUID MILK PRODUCTS,37,2534.11
GROCERY,FLUID MILK PRODUCTS,38,2337.42
GROCERY,FLUID MILK PRODUCTS,39,2256.93
GROCERY,FLUID MILK PRODUCTS,40,2076.97
GROCERY,FLUID MILK PRODUCTS,41,2223.29
GROCERY,FLUID MILK PRODUCTS,42,2329.96
GROCERY,FLUID MILK PRODUCTS,43,2267.09
GROCERY,FLUID MILK PRODUCTS,44,2307.95
GROCERY,FLUID MILK PRODUCTS,45,2121.48
GROCERY,FLUID MILK PRODUCTS,46,2321.02
GROCERY,FLUID MILK PRODUCTS,47,2151.71
GROCERY,FLUID MILK PRODUCTS,48,2217.4
GROCERY,FLUID MILK PRODUCTS,49,2271.63
GROCERY,FLUID MILK PRODUCTS,50,2152.69
GROCERY,FLUID MILK PRODUCTS,51,2250.23
GROCERY,FLUID MILK PRODUCTS,52,2269.4
GROCERY,FLUID MILK PRODUCTS,53,2318.17
GROCERY,FLUID MILK PRODUCTS,54,2088.6
GROCERY,FLUID MILK PRODUCTS,55,2293.03
GROCERY,FLUID MILK PRODUCTS,56,2008.16
GROCERY,FLUID MILK PRODUCTS,57,1919.03
GROCERY,FLUID MILK PRODUCTS,58,2170.32
GROCERY,FLUID MILK PRODUCTS,59,2422.05
GROCERY,FLUID MILK PRODUCTS,60,2161.34
GROCERY,FLUID MILK PRODUCTS,61,2250.8
GROCERY,FLUID MILK PRODUCTS,62,1968.82
GROCERY,FLUID MILK PRODUCTS,63,2273.57
GROCERY,FLUID MILK PRODUCTS,64,2177.08
GROCERY,FLUID MILK PRODUCTS,65,2088.47
GROCERY,FLUID MILK PRODUCTS,66,1967.29
GROCERY,FLUID MILK PRODUCTS,67,2092.96
GROCERY,FLUID MILK PRODUCTS,68,2225.62
GROCERY,FLUID MILK PRODUCTS,69,2127.44
GROCERY,FLUID MILK PRODUCTS,70,2199.79
GROCERY,FLUID MILK PRODUCTS,71,2103.23
GROCERY,FLUID MILK PRODUCTS,72,2360.98
GROCERY,FLUID MILK PRODUCTS,73,2177.42
GROCERY,FLUID MILK PRODUCTS,74,2257.17
GROCERY,FLUID MILK PRODUCTS,75,2234.83
GROCERY,FLUID MILK PRODUCTS,76,2401.9
GROCERY,FLUID MILK PRODUCTS,77,2200.5
GROCERY,FLUID MILK PRODUCTS,78,1976.17
GROCERY,FLUID MILK PRODUCTS,79,2113.31
GROCERY,FLUID MILK PRODUCTS,80,2008.18
GROCERY,FLUID MILK PRODUCTS,81,2332.36
GROCERY,FLUID MILK PRODUCTS,82,2109.39
GROCERY,FLUID MILK PRODUCTS,83,2367.95
GROCERY,FLUID MILK PRODUCTS,84,2134.92
GROCERY,FLUID MILK PRODUCTS,85,2457.79
GROCERY,FLUID MILK PRODUCTS,86,2264.19
GROCERY,FLUID MILK PRODUCTS,87,2664.61
GROCERY,FLUID MILK PRODUCTS,88,2236.01
GROCERY,FLUID MILK PRODUCTS,89,2470.23
GROCERY,FLUID MILK PRODUCTS,90,2376.83
GROCERY,FLUID MILK PRODUCTS,91,2286.9
GROCERY,FLUID MILK PRODUCTS,92,2612.56
GROCERY,FLUID MILK PRODUCTS,93,2522.79
GROCERY,FLUID MILK PRODUCTS,94,2484.59
GROCERY,FLUID MILK PRODUCTS,95,2405.44
GROCERY,FLUID MILK PRODUCTS,96,2528.46
GROCERY,FLUID MILK PRODUCTS,97,2315.88
GROCERY,FLUID MILK PRODUCTS,98,2587.06
GROCERY,FLUID MILK PRODUCTS,99,2822.89
GROCERY,FLUID MILK PRODUCTS,100,2236.19
GROCERY,FLUID MILK PRODUCTS,101,2412.95
GROCERY,FLUID MILK PRODUCTS,102,1422.65
GROCERY,FROZEN BREAD/DOUGH,1,13.64
GROCERY,FROZEN BREAD/DOUGH,2,33.88
GROCERY,FROZEN BREAD/DOUGH,3,21.29
GROCERY,FROZEN BREAD/DOUGH,4,45.38
GROCERY,FROZEN BREAD/DOUGH,5,59.69
GROCERY,FROZEN BREAD/DOUGH,6,89.63
GROCERY,FROZEN BREAD/DOUGH,7,84.26
GROCERY,FROZEN BREAD/DOUGH,8,61.3
GROCERY,FROZEN BREAD/DOUGH,9,65.7
GROCERY,FROZEN BREAD/DOUGH,10,109.61
GROCERY,FROZEN BREAD/DOUGH,11,110.82
GROCERY,FROZEN BREAD/DOUGH,12,93.39
GROCERY,FROZEN BREAD/DOUGH,13,109.68
GROCERY,FROZEN BREAD/DOUGH,14,109.13
GROCERY,FROZEN BREAD/DOUGH,15,152.23
GROCERY,FROZEN BREAD/DOUGH,16,184.46
GROCERY,FROZEN BREAD/DOUGH,17,190.96
GROCERY,FROZEN BREAD/DOUGH,18,160.22
GROCERY,FROZEN BREAD/DOUGH,19,152.61
GROCERY,FROZEN BREAD/DOUGH,20,189.25
GROCERY,FROZEN BREAD/DOUGH,21,152.8
GROCERY,FROZEN BREAD/DOUGH,22,191.43
GROCERY,FROZEN BREAD/DOUGH,23,200.42
GROCERY,FROZEN BREAD/DOUGH,24,213.6
GROCERY,FROZEN BREAD/DOUGH,25,171.73
GROCERY,FROZEN BREAD/DOUGH,26,151.47
GROCERY,FROZEN BREAD/DOUGH,27,171.76
GROCERY,FROZEN BREAD/DOUGH,28,198.99
GROCERY,FROZEN BREAD/DOUGH,29,219.15
GROCERY,FROZEN BREAD/DOUGH,30,231.0
GROCERY,FROZEN BREAD/DOUGH,31,246.48
GROCERY,FROZEN BREAD/DOUGH,32,172.16
GROCERY,FROZEN BREAD/DOUGH,33,222.22
GROCERY,FROZEN BREAD/DOUGH,34,266.09
GROCERY,FROZEN BREAD/DOUGH,35,308.51
GROCERY,FROZEN BREAD/DOUGH,36,209.61
GROCERY,FROZEN BREAD/DOUGH,37,269.59
GROCERY,FROZEN BREAD/DOUGH,38,244.81
GROCERY,FROZEN BREAD/DOUGH,39,218.46
GROCERY,FROZEN BREAD/DOUGH,40,293.62
GROCERY,FROZEN BREAD/DOUGH,41,273.59
GROCERY,FROZEN BREAD/DOUGH,42,263.55
GROCERY,FROZEN BREAD/DOUGH,43,249.12
GROCERY,FROZEN BREAD/DOUGH,44,210.02
GROCERY,FROZEN BREAD/DOUGH,45,215.37
GROCERY,FROZEN BREAD/DOUGH,46,226.98
GROCERY,FROZEN BREAD/DOUGH,47,252.41
GROCERY,FROZEN BREAD/DOUGH,48,187.02
GROCERY,FROZEN BREAD/DOUGH,49,244.01
GROCERY,FROZEN BREAD/DOUGH,50,213.84
GROCERY,FROZEN BREAD/DOUGH,51,183.13
GROCERY,FROZEN BREAD/DOUGH,52,196.77
GROCERY,FROZEN BREAD/DOUGH,53,223.31
GROCERY,FROZEN BREAD/DOUGH,54,228.81
GROCERY,FROZEN BREAD/DOUGH,55,186.94
GROCERY,FROZEN BREAD/DOUGH,56,186.57
GROCERY,FROZEN BREAD/DOUGH,57,146.11
GROCERY,FROZEN BREAD/DOUGH,58,219.91
GROCERY,FROZEN BREAD/DOUGH,59,235.23
GROCERY,FROZEN BREAD/DOUGH,60,224.9
GROCERY,FROZEN BREAD/DOUGH,61,173.89
GROCERY,FROZEN BREAD/DOUGH,62,127.94
GROCERY,FROZEN BREAD/DOUGH,63,225.28
GROCERY,FROZEN BREAD/DOUGH,64,225.78
GROCERY,FROZEN BREAD/DOUGH,65,157.24
GROCERY,FROZEN BREAD/DOUGH,66,129.99
GROCERY,FROZEN BREAD/DOUGH,67,160.65
GROCERY,FROZEN BREAD/DOUGH,68,218.79
GROCERY,FROZEN BREAD/DOUGH,69,145.48
GROCERY,FROZEN BREAD/DOUGH,70,183.06
GROCERY,FROZEN BREAD/DOUGH,71,209.46
GROCERY,FROZEN BREAD/DOUGH,72,188.91
GROCERY,FROZEN BREAD/DOUGH,73,191.94
GROCERY,FROZEN BREAD/DOUGH,74,164.9
GROCERY,FROZEN BREAD/DOUGH,75,165.66
GROCERY,FROZEN BREAD/DOUGH,76,225.16
GROCERY,FROZEN BREAD/DOUGH,77,184.4
GROCERY,FROZEN BREAD/DOUGH,78,180.61
GROCERY,FROZEN BREAD/DOUGH,79,184.69
GROCERY,FROZEN BREAD/DOUGH,80,210.77
GROCERY,FROZEN BREAD/DOUGH,81,224.55
GROCERY,FROZEN BREAD/DOUGH,82,209.52
GROCERY,FROZEN BREAD/DOUGH,83,216.35
GROCERY,FROZEN BREAD/DOUGH,84,175.94
GROCERY,FROZEN BREAD/DOUGH,85,266.22
GROCERY,FROZEN BREAD/DOUGH,86,284.74
GROCERY,FROZEN BREAD/DOUGH,87,326.41
GROCERY,FROZEN BREAD/DOUGH,88,171.09
GROCERY,FROZEN BREAD/DOUGH,89,254.79
GROCERY,FROZEN BREAD/DOUGH,90,237.27
GROCERY,FROZEN BREAD/DOUGH,91,208.6
GROCERY,FROZEN BREAD/DOUGH,92,286.75
GROCERY,FROZEN BREAD/DOUGH,93,260.88
GROCERY,FROZEN BREAD/DOUGH,94,192.07
GROCERY,FROZEN BREAD/DOUGH,95,213.95
GROCERY,FROZEN BREAD/DOUGH,96,175.35
GROCERY,FROZEN BREAD/DOUGH,97,210.2
GROCERY,FROZEN BREAD/DOUGH,98,245.82
GROCERY,FROZEN BREAD/DOUGH,99,223.08
GROCERY,FROZEN BREAD/DOUGH,100,230.3
GROCERY,FROZEN BREAD/DOUGH,101,228.09
GROCERY,FROZEN BREAD/DOUGH,102,99.98
GROCERY,FROZEN CHICKEN,3,32.97
GROCERY,FROZEN CHICKEN,10,10.99
GROCERY,FROZEN CHICKEN,12,32.97
GROCERY,FROZEN CHICKEN,13,10.99
GROCERY,FROZEN CHICKEN,17,23.98
GROCERY,FROZEN CHICKEN,19,14.98
GROCERY,FROZEN CHICKEN,20,23.98
GROCERY,FROZEN CHICKEN,22,12.98
GROCERY,FROZEN CHICKEN,23,9.99
GROCERY,FROZEN CHICKEN,24,12.98
GROCERY,FROZEN CHICKEN,28,11.99
GROCERY,FROZEN CHICKEN,29,29.96
GROCERY,FROZEN CHICKEN,30,10.99
GROCERY,FROZEN CHICKEN,31,10.99
GROCERY,FROZEN CHICKEN,32,10.99
GROCERY,FROZEN CHICKEN,33,32.97
GROCERY,FROZEN CHICKEN,34,16.97
GROCERY,FROZEN CHICKEN,35,21.98
GROCERY,FROZEN CHICKEN,37,10.99
GROCERY,FROZEN CHICKEN,38,28.93
GROCERY,FROZEN CHICKEN,40,27.96
GROCERY,FROZEN CHICKEN,41,5.98
GROCERY,FROZEN CHICKEN,42,56.63
GROCERY,FROZEN CHICKEN,43,49.39
GROCERY,FROZEN CHICKEN,44,35.94
GROCERY,FROZEN CHICKEN,45,14.98
GROCERY,FROZEN CHICKEN,46,74.9
GROCERY,FROZEN CHICKEN,47,26.97
GROCERY,FROZEN CHICKEN,48,56.93
GROCERY,FROZEN CHICKEN,49,11.96
GROCERY,FROZEN CHICKEN,50,23.98
GROCERY,FROZEN CHICKEN,52,11.99
GROCERY,FROZEN CHICKEN,53,26.94
GROCERY,FROZEN CHICKEN,54,20.26
GROCERY,FROZEN CHICKEN,55,11.29
GROCERY,FROZEN CHICKEN,56,37.53
GROCERY,FROZEN CHICKEN,57,11.29
GROCERY,FROZEN CHICKEN,58,31.55
GROCERY,FROZEN CHICKEN,59,51.05
GROCERY,FROZEN CHICKEN,60,48.63
GROCERY,FROZEN CHICKEN,61,22.77
GROCERY,FROZEN CHICKEN,62,33.95
GROCERY,FROZEN CHICKEN,63,73.45
GROCERY,FROZEN CHICKEN,64,40.85
GROCERY,FROZEN CHICKEN,65,45.75
GROCERY,FROZEN CHICKEN,66,26.64
GROCERY,FROZEN CHICKEN,67,77.51
GROCERY,FROZEN CHICKEN,68,62.82
GROCERY,FROZEN CHICKEN,69,48.56
GROCERY,FROZEN CHICKEN,70,32.93
GROCERY,FROZEN CHICKEN,71,34.95
GROCERY,FROZEN CHICKEN,72,36.94
GROCERY,FROZEN CHICKEN,73,14.96
GROCERY,FROZEN CHICKEN,74,97.84
GROCERY,FROZEN CHICKEN,75,53.92
GROCERY,FROZEN CHICKEN,76,93.88
GROCERY,FROZEN CHICKEN,77,46.91
GROCERY,FROZEN CHICKEN,78,15.67
GROCERY,FROZEN CHICKEN,79,43.63
GROCERY,FROZEN CHICKEN,80,29.65
GROCERY,FROZEN CHICKEN,81,29.65
GROCERY,FROZEN CHICKEN,82,31.26
GROCERY,FROZEN CHICKEN,83,73.61
GROCERY,FROZEN CHICKEN,84,46.85
GROCERY,FROZEN CHICKEN,85,75.6
GROCERY,FROZEN CHICKEN,86,40.55
GROCERY,FROZEN CHICKEN,87,53.61
GROCERY,FROZEN CHICKEN,88,54.31
GROCERY,FROZEN CHICKEN,89,84.99
GROCERY,FROZEN CHICKEN,90,82.88
GROCERY,FROZEN CHICKEN,91,60.71
GROCERY,FROZEN CHICKEN,92,65.01
GROCERY,FROZEN CHICKEN,93,93.78
GROCERY,FROZEN CHICKEN,94,132.72
GROCERY,FROZEN CHICKEN,95,85.18
GROCERY,FROZEN CHICKEN,96,89.87
GROCERY,FROZEN CHICKEN,97,104.17
GROCERY,FROZEN CHICKEN,98,271.43
GROCERY,FROZEN CHICKEN,99,308.52
GROCERY,FROZEN CHICKEN,100,239.81
GROCERY,FROZEN CHICKEN,101,173.93
GROCERY,FROZEN CHICKEN,102,59.9
GROCERY,FROZEN PIE/DESSERTS,1,4.37
GROCERY,FROZEN PIE/DESSERTS,2,29.19
GROCERY,FROZEN PIE/DESSERTS,3,13.23
GROCERY,FROZEN PIE/DESSERTS,4,42.13
GROCERY,FROZEN PIE/DESSERTS,5,32.67
GROCERY,FROZEN PIE/DESSERTS,6,48.15
GROCERY,FROZEN PIE/DESSERTS,7,67.7
GROCERY,FROZEN PIE/DESSERTS,8,39.76
GROCERY,FROZEN PIE/DESSERTS,9,43.25
GROCERY,FROZEN PIE/DESSERTS,10,133.47
GROCERY,FROZEN PIE/DESSERTS,11,114.58
GROCERY,FROZEN PIE/DESSERTS,12,73.25
GROCERY,FROZEN PIE/DESSERTS,13,98.63
GROCERY,FROZEN PIE/DESSERTS,14,113.5
GROCERY,FROZEN PIE/DESSERTS,15,151.79
GROCERY,FROZEN PIE/DESSERTS,16,156.84
GROCERY,FROZEN PIE/DESSERTS,17,178.91
GROCERY,FROZEN PIE/DESSERTS,18,149.66
GROCERY,FROZEN PIE/DESSERTS,19,134.6
GROCERY,FROZEN PIE/DESSERTS,20,152.33
GROCERY,FROZEN PIE/DESSERTS,21,199.88
GROCERY,FROZEN PIE/DESSERTS,22,110.5
GROCERY,FROZEN PIE/DESSERTS,23,179.59
GROCERY,FROZEN PIE/DESSERTS,24,168.41
GROCERY,FROZEN PIE/DESSERTS,25,172.26
GROCERY,FROZEN PIE/DESSERTS,26,134.83
GROCERY,FROZEN PIE/DESSERTS,27,192.87
GROCERY,FROZEN PIE/DESSERTS,28,152.48
GROCERY,FROZEN PIE/DESSERTS,29,233.61
GROCERY,FROZEN PIE/DESSERTS,30,221.97
GROCERY,FROZEN PIE/DESSERTS,31,228.5
GROCERY,FROZEN PIE/DESSERTS,32,141.57
GROCERY,FROZEN PIE/DESSERTS,33,210.34
GROCERY,FROZEN PIE/DESSERTS,34,216.84
GROCERY,FROZEN PIE/DESSERTS,35,734.74
GROCERY,FROZEN PIE/DESSERTS,36,514.05
GROCERY,FROZEN PIE/DESSERTS,37,87.54
GROCERY,FROZEN PIE/DESSERTS,38,267.76
GROCERY,FROZEN PIE/DESSERTS,39,236.71
GROCERY,FROZEN PIE/DESSERTS,40,493.96
GROCERY,FROZEN PIE/DESSERTS,41,206.11
GROCERY,FROZEN PIE/DESSERTS,42,166.71
GROCERY,FROZEN PIE/DESSERTS,43,178.92
GROCERY,FROZEN PIE/DESSERTS,44,116.16
GROCERY,FROZEN PIE/DESSERTS,45,155.73
GROCERY,FROZEN PIE/DESSERTS,46,218.04
GROCERY,FROZEN PIE/DESSERTS,47,236.75
GROCERY,FROZEN PIE/DESSERTS,48,213.93
GROCERY,FROZEN PIE/DESSERTS,49,167.87
GROCERY,FROZEN PIE/DESSERTS,50,140.59
GROCERY,FROZEN PIE/DESSERTS,51,203.35
GROCERY,FROZEN PIE/DESSERTS,52,219.74
GROCERY,FROZEN PIE/DESSERTS,53,184.52
GROCERY,FROZEN PIE/DESSERTS,54,253.34
GROCERY,FROZEN PIE/DESSERTS,55,254.67
GROCERY,FROZEN PIE/DESSERTS,56,290.43
GROCERY,FROZEN PIE/DESSERTS,57,130.47
GROCERY,FROZEN PIE/DESSERTS,58,204.51
GROCERY,FROZEN PIE/DESSERTS,59,229.47
GROCERY,FROZEN PIE/DESSERTS,60,274.7
GROCERY,FROZEN PIE/DESSERTS,61,257.7
GROCERY,FROZEN PIE/DESSERTS,62,278.85
GROCERY,FROZEN PIE/DESSERTS,63,294.64
GROCERY,FROZEN PIE/DESSERTS,64,236.4
GROCERY,FROZEN PIE/DESSERTS,65,228.93
GROCERY,FROZEN PIE/DESSERTS,66,212.36
GROCERY,FROZEN PIE/DESSERTS,67,267.68
GROCERY,FROZEN PIE/DESSERTS,68,239.63
GROCERY,FROZEN PIE/DESSERTS,69,181.43
GROCERY,FROZEN PIE/DESSERTS,70,166.97
GROCERY,FROZEN PIE/DESSERTS,71,151.43
GROCERY,FROZEN PIE/DESSERTS,72,174.0
GROCERY,FROZEN PIE/DESSERTS,73,174.35
GROCERY,FROZEN PIE/DESSERTS,74,106.08
GROCERY,FROZEN PIE/DESSERTS,75,148.47
GROCERY,FROZEN PIE/DESSERTS,76,201.4
GROCERY,FROZEN PIE/DESSERTS,77,207.18
GROCERY,FROZEN PIE/DESSERTS,78,159.51
GROCERY,FROZEN PIE/DESSERTS,79,195.88
GROCERY,FROZEN PIE/DESSERTS,80,151.96
GROCERY,FROZEN PIE/DESSERTS,81,191.37
GROCERY,FROZEN PIE/DESSERTS,82,191.63
GROCERY,FROZEN PIE/DESSERTS,83,196.93
GROCERY,FROZEN PIE/DESSERTS,84,228.52
GROCERY,FROZEN PIE/DESSERTS,85,433.14
GROCERY,FROZEN PIE/DESSERTS,86,390.9
GROCERY,FROZEN PIE/DESSERTS,87,800.27
GROCERY,FROZEN PIE/DESSERTS,88,606.65
GROCERY,FROZEN PIE/DESSERTS,89,269.84
GROCERY,FROZEN PIE/DESSERTS,90,167.85
GROCERY,FROZEN PIE/DESSERTS,91,324.42
GROCERY,FROZEN PIE/DESSERTS,92,495.05
GROCERY,FROZEN PIE/DESSERTS,93,272.35
GROCERY,FROZEN PIE/DESSERTS,94,134.73
GROCERY,FROZEN PIE/DESSERTS,95,177.88
GROCERY,FROZEN PIE/DESSERTS,96,148.54
GROCERY,FROZEN PIE/DESSERTS,97,128.79
GROCERY,FROZEN PIE/DESSERTS,98,263.4
GROCERY,FROZEN PIE/DESSERTS,99,171.24
GROCERY,FROZEN PIE/DESSERTS,100,208.93
GROCERY,FROZEN PIE/DESSERTS,101,215.01
GROCERY,FROZEN PIE/DESSERTS,102,60.6
GROCERY,FROZEN PIZZA,1,206.75
GROCERY,FROZEN PIZZA,2,189.39
GROCERY,FROZEN PIZZA,3,295.68
GROCERY,FROZEN PIZZA,4,278.91
GROCERY,FROZEN PIZZA,5,436.52
GROCERY,FROZEN PIZZA,6,502.59
GROCERY,FROZEN PIZZA,7,595.27
GROCERY,FROZEN PIZZA,8,507.67
GROCERY,FROZEN PIZZA,9,602.21
GROCERY,FROZEN PIZZA,10,784.39
GROCERY,FROZEN PIZZA,11,1029.33
GROCERY,FROZEN PIZZA,12,1007.56
GROCERY,FROZEN PIZZA,13,964.75
GROCERY,FROZEN PIZZA,14,972.83
GROCERY,FROZEN PIZZA,15,1293.29
GROCERY,FROZEN PIZZA,16,1585.36
GROCERY,FROZEN PIZZA,17,1552.19
GROCERY,FROZEN PIZZA,18,1439.83
GROCERY,FROZEN PIZZA,19,1378.99
GROCERY,FROZEN PIZZA,20,1875.21
GROCERY,FROZEN PIZZA,21,1680.22
GROCERY,FROZEN PIZZA,22,1305.58
GROCERY,FROZEN PIZZA,23,1323.95
GROCERY,FROZEN PIZZA,24,1722.33
GROCERY,FROZEN PIZZA,25,1572.02
GROCERY,FROZEN PIZZA,26,1581.55
GROCERY,FROZEN PIZZA,27,1507.3
GROCERY,FROZEN PIZZA,28,1380.59
GROCERY,FROZEN PIZZA,29,1766.86
GROCERY,FROZEN PIZZA,30,1502.36
GROCERY,FROZEN PIZZA,31,1207.41
GROCERY,FROZEN PIZZA,32,1544.47
GROCERY,FROZEN PIZZA,33,1955.0
GROCERY,FROZEN PIZZA,34,1750.64
GROCERY,FROZEN PIZZA,35,1227.45
GROCERY,FROZEN PIZZA,36,1062.0
GROCERY,FROZEN PIZZA,37,2282.71
GROCERY,FROZEN PIZZA,38,1808.43
GROCERY,FROZEN PIZZA,39,1483.79
GROCERY,FROZEN PIZZA,40,1256.33
GROCERY,FROZEN PIZZA,41,1844.2
GROCERY,FROZEN PIZZA,42,1884.44
GROCERY,FROZEN PIZZA,43,1587.64
GROCERY,FROZEN PIZZA,44,1743.7
GROCERY,FROZEN PIZZA,45,1920.91
GROCERY,FROZEN PIZZA,46,2138.15
GROCERY,FROZEN PIZZA,47,1498.85
GROCERY,FROZEN PIZZA,48,1373.73
GROCERY,FROZEN PIZZA,49,1359.6
GROCERY,FROZEN PIZZA,50,1912.16
GROCERY,FROZEN PIZZA,51,1576.22
GROCERY,FROZEN PIZZA,52,1743.63
GROCERY,FROZEN PIZZA,53,1567.25
GROCERY,FROZEN PIZZA,54,1455.53
GROCERY,FROZEN PIZZA,55,1246.74
GROCERY,FROZEN PIZZA,56,1079.72
GROCERY,FROZEN PIZZA,57,1374.51
GROCERY,FROZEN PIZZA,58,1401.95
GROCERY,FROZEN PIZZA,59,1912.25
GROCERY,FROZEN PIZZA,60,1274.78
GROCERY,FROZEN PIZZA,61,1179.78
GROCERY,FROZEN PIZZA,62,1142.78
GROCERY,FROZEN PIZZA,63,1681.69
GROCERY,FROZEN PIZZA,64,1768.86
GROCERY,FROZEN PIZZA,65,1477.55
GROCERY,FROZEN PIZZA,66,1168.33
GROCERY,FROZEN PIZZA,67,1437.56
GROCERY,FROZEN PIZZA,68,1604.41
GROCERY,FROZEN PIZZA,69,1342.03
GROCERY,FROZEN PIZZA,70,1362.79
GROCERY,FROZEN PIZZA,71,1522.44
GROCERY,FROZEN PIZZA,72,1759.36
GROCERY,FROZEN PIZZA,73,1669.9
GROCERY,FROZEN PIZZA,74,1372.2
GROCERY,FROZEN PIZZA,75,1319.16
GROCERY,FROZEN PIZZA,76,1517.31
GROCERY,FROZEN PIZZA,77,1400.6
GROCERY,FROZEN PIZZA,78,1510.72
GROCERY,FROZEN PIZZA,79,1440.09
GROCERY,FROZEN PIZZA,80,1504.43
GROCERY,FROZEN PIZZA,81,1848.28
GROCERY,FROZEN PIZZA,82,1680.39
GROCERY,FROZEN PIZZA,83,1435.56
GROCERY,FROZEN PIZZA,84,1360.01
GROCERY,FROZEN PIZZA,85,2089.92
GROCERY,FROZEN PIZZA,86,1411.12
GROCERY,FROZEN PIZZA,87,1636.02
GROCERY,FROZEN PIZZA,88,1287.52
GROCERY,FROZEN PIZZA,89,2043.47
GROCERY,FROZEN PIZZA,90,1739.32
GROCERY,FROZEN PIZZA,91,1622.67
GROCERY,FROZEN PIZZA,92,1468.42
GROCERY,FROZEN PIZZA,93,1825.85
GROCERY,FROZEN PIZZA,94,2045.93
GROCERY,FROZEN PIZZA,95,1468.57
GROCERY,FROZEN PIZZA,96,1507.14
GROCERY,FROZEN PIZZA,97,1639.11
GROCERY,FROZEN PIZZA,98,2186.36
GROCERY,FROZEN PIZZA,99,2200.11
GROCERY,FROZEN PIZZA,100,1691.5
GROCERY,FROZEN PIZZA,101,1421.19
GROCERY,FROZEN PIZZA,102,931.13
GROCERY,FRZN BREAKFAST FOODS,1,48.64
GROCERY,FRZN BREAKFAST FOODS,2,42.81
GROCERY,FRZN BREAKFAST FOODS,3,44.12
GROCERY,FRZN BREAKFAST FOODS,4,40.74
GROCERY,FRZN BREAKFAST FOODS,5,67.62
GROCERY,FRZN BREAKFAST FOODS,6,112.79
GROCERY,FRZN BREAKFAST FOODS,7,75.35
GROCERY,FRZN BREAKFAST FOODS,8,124.98
GROCERY,FRZN BREAKFAST FOODS,9,102.09
GROCERY,FRZN BREAKFAST FOODS,10,108.99
GROCERY,FRZN BREAKFAST FOODS,11,129.31
GROCERY,FRZN BREAKFAST FOODS,12,126.24
GROCERY,FRZN BREAKFAST FOODS,13,153.69
GROCERY,FRZN BREAKFAST FOODS,14,191.79
GROCERY,FRZN BREAKFAST FOODS,15,176.11
GROCERY,FRZN BREAKFAST FOODS,16,220.28
GROCERY,FRZN BREAKFAST FOODS,17,270.39
GROCERY,FRZN BREAKFAST FOODS,18,187.39
GROCERY,FRZN BREAKFAST FOODS,19,264.14
GROCERY,FRZN BREAKFAST FOODS,20,235.77
GROCERY,FRZN BREAKFAST FOODS,21,251.86
GROCERY,FRZN BREAKFAST FOODS,22,200.93
GROCERY,FRZN BREAKFAST FOODS,23,231.51
GROCERY,FRZN BREAKFAST FOODS,24,275.88
GROCERY,FRZN BREAKFAST FOODS,25,275.23
GROCERY,FRZN BREAKFAST FOODS,26,222.13
GROCERY,FRZN BREAKFAST FOODS,27,266.37
GROCERY,FRZN BREAKFAST FOODS,28,252.06
GROCERY,FRZN BREAKFAST FOODS,29,240.61
GROCERY,FRZN BREAKFAST FOODS,30,211.3
GROCERY,FRZN BREAKFAST FOODS,31,247.12
GROCERY,FRZN BREAKFAST FOODS,32,188.19
GROCERY,FRZN BREAKFAST FOODS,33,290.23
GROCERY,FRZN BREAKFAST FOODS,34,254.09
GROCERY,FRZN BREAKFAST FOODS,35,248.63
GROCERY,FRZN BREAKFAST FOODS,36,213.02
GROCERY,FRZN BREAKFAST FOODS,37,371.06
GROCERY,FRZN BREAKFAST FOODS,38,217.03
GROCERY,FRZN BREAKFAST FOODS,39,212.02
GROCERY,FRZN BREAKFAST FOODS,40,136.48
GROCERY,FRZN BREAKFAST FOODS,41,184.75
GROCERY,FRZN BREAKFAST FOODS,42,361.59
GROCERY,FRZN BREAKFAST FOODS,43,297.18
GROCERY,FRZN BREAKFAST FOODS,44,289.49
GROCERY,FRZN BREAKFAST FOODS,45,229.48
GROCERY,FRZN BREAKFAST FOODS,46,297.04
GROCERY,FRZN BREAKFAST FOODS,47,286.56
GROCERY,FRZN BREAKFAST FOODS,48,358.04
GROCERY,FRZN BREAKFAST FOODS,49,298.17
GROCERY,FRZN BREAKFAST FOODS,50,294.75
GROCERY,FRZN BREAKFAST FOODS,51,297.17
GROCERY,FRZN BREAKFAST FOODS,52,381.77
GROCERY,FRZN BREAKFAST FOODS,53,253.53
GROCERY,FRZN BREAKFAST FOODS,54,347.34
GROCERY,FRZN BREAKFAST FOODS,55,310.53
GROCERY,FRZN BREAKFAST FOODS,56,176.67
GROCERY,FRZN BREAKFAST FOODS,57,249.18
GROCERY,FRZN BREAKFAST FOODS,58,283.72
GROCERY,FRZN BREAKFAST FOODS,59,359.34
GROCERY,FRZN BREAKFAST FOODS,60,289.82
GROCERY,FRZN BREAKFAST FOODS,61,283.94
GROCERY,FRZN BREAKFAST FOODS,62,192.27
GROCERY,FRZN BREAKFAST FOODS,63,308.19
GROCERY,FRZN BREAKFAST FOODS,64,235.64
GROCERY,FRZN BREAKFAST FOODS,65,225.63
GROCERY,FRZN BREAKFAST FOODS,66,180.72
GROCERY,FRZN BREAKFAST FOODS,67,188.56
GROCERY,FRZN BREAKFAST FOODS,68,241.65
GROCERY,FRZN BREAKFAST FOODS,69,247.85
GROCERY,FRZN BREAKFAST FOODS,70,219.59
GROCERY,FRZN BREAKFAST FOODS,71,217.72
GROCERY,FRZN BREAKFAST FOODS,72,314.26
GROCERY,FRZN BREAKFAST FOODS,73,259.67
GROCERY,FRZN BREAKFAST FOODS,74,228.59
GROCERY,FRZN BREAKFAST FOODS,75,349.63
GROCERY,FRZN BREAKFAST FOODS,76,362.48
GROCERY,FRZN BREAKFAST FOODS,77,286.29
GROCERY,FRZN BREAKFAST FOODS,78,297.53
GROCERY,FRZN BREAKFAST FOODS,79,318.57
GROCERY,FRZN BREAKFAST FOODS,80,289.51
GROCERY,FRZN BREAKFAST FOODS,81,365.76
GROCERY,FRZN BREAKFAST FOODS,82,287.98
GROCERY,FRZN BREAKFAST FOODS,83,323.41
GROCERY,FRZN BREAKFAST FOODS,84,272.53
GROCERY,FRZN BREAKFAST FOODS,85,344.07
GROCERY,FRZN BREAKFAST FOODS,86,313.79
GROCERY,FRZN BREAKFAST FOODS,87,222.77
GROCERY,FRZN BREAKFAST FOODS,88,212.14
GROCERY,FRZN BREAKFAST FOODS,89,399.87
GROCERY,FRZN BREAKFAST FOODS,90,296.31
GROCERY,FRZN BREAKFAST FOODS,91,283.0
GROCERY,FRZN BREAKFAST FOODS,92,184.8
GROCERY,FRZN BREAKFAST FOODS,93,226.66
GROCERY,FRZN BREAKFAST FOODS,94,306.35
GROCERY,FRZN BREAKFAST FOODS,95,333.06
GROCERY,FRZN BREAKFAST FOODS,96,279.93
GROCERY,FRZN BREAKFAST FOODS,97,281.56
GROCERY,FRZN BREAKFAST FOODS,98,288.32
GROCERY,FRZN BREAKFAST FOODS,99,329.11
GROCERY,FRZN BREAKFAST FOODS,100,284.35
GROCERY,FRZN BREAKFAST FOODS,101,305.38
GROCERY,FRZN BREAKFAST FOODS,102,163.15
GROCERY,FRZN FRUITS,1,6.99
GROCERY,FRZN FRUITS,2,7.97
GROCERY,FRZN FRUITS,3,12.5
GROCERY,FRZN FRUITS,4,5.49
GROCERY,FRZN FRUITS,5,18.97
GROCERY,FRZN FRUITS,6,22.18
GROCERY,FRZN FRUITS,7,32.34
GROCERY,FRZN FRUITS,8,14.99
GROCERY,FRZN FRUITS,9,40.0
GROCERY,FRZN FRUITS,10,43.82
GROCERY,FRZN FRUITS,11,31.98
GROCERY,FRZN FRUITS,12,5.0
GROCERY,FRZN FRUITS,13,22.5
GROCERY,FRZN FRUITS,14,47.58
GROCERY,FRZN FRUITS,15,30.23
GROCERY,FRZN FRUITS,16,36.63
GROCERY,FRZN FRUITS,17,42.68
GROCERY,FRZN FRUITS,18,28.98
GROCERY,FRZN FRUITS,19,37.09
GROCERY,FRZN FRUITS,20,74.53
GROCERY,FRZN FRUITS,21,52.73
GROCERY,FRZN FRUITS,22,34.5
GROCERY,FRZN FRUITS,23,43.22
GROCERY,FRZN FRUITS,24,34.99
GROCERY,FRZN FRUITS,25,29.49
GROCERY,FRZN FRUITS,26,37.54
GROCERY,FRZN FRUITS,27,20.96
GROCERY,FRZN FRUITS,28,65.13
GROCERY,FRZN FRUITS,29,51.37
GROCERY,FRZN FRUITS,30,77.48
GROCERY,FRZN FRUITS,31,37.0
GROCERY,FRZN FRUITS,32,59.47
GROCERY,FRZN FRUITS,33,50.99
GROCERY,FRZN FRUITS,34,77.31
GROCERY,FRZN FRUITS,35,59.77
GROCERY,FRZN FRUITS,36,69.38
GROCERY,FRZN FRUITS,37,32.48
GROCERY,FRZN FRUITS,38,35.54
GROCERY,FRZN FRUITS,39,82.47
GROCERY,FRZN FRUITS,40,78.42
GROCERY,FRZN FRUITS,41,53.43
GROCERY,FRZN FRUITS,42,49.37
GROCERY,FRZN FRUITS,43,85.73
GROCERY,FRZN FRUITS,44,82.63
GROCERY,FRZN FRUITS,45,92.5
GROCERY,FRZN FRUITS,46,95.05
GROCERY,FRZN FRUITS,47,60.07
GROCERY,FRZN FRUITS,48,51.22
GROCERY,FRZN FRUITS,49,105.54
GROCERY,FRZN FRUITS,50,86.07
GROCERY,FRZN FRUITS,51,41.76
GROCERY,FRZN FRUITS,52,50.18
GROCERY,FRZN FRUITS,53,91.12
GROCERY,FRZN FRUITS,54,66.27
GROCERY,FRZN FRUITS,55,109.16
GROCERY,FRZN FRUITS,56,92.19
GROCERY,FRZN FRUITS,57,51.91
GROCERY,FRZN FRUITS,58,114.99
GROCERY,FRZN FRUITS,59,59.64
GROCERY,FRZN FRUITS,60,106.58
GROCERY,FRZN FRUITS,61,44.5
GROCERY,FRZN FRUITS,62,29.48
GROCERY,FRZN FRUITS,63,62.22
GROCERY,FRZN FRUITS,64,68.96
GROCERY,FRZN FRUITS,65,56.39
GROCERY,FRZN FRUITS,66,21.36
GROCERY,FRZN FRUITS,67,68.94
GROCERY,FRZN FRUITS,68,45.98
GROCERY,FRZN FRUITS,69,35.72
GROCERY,FRZN FRUITS,70,38.86
GROCERY,FRZN FRUITS,71,53.41
GROCERY,FRZN FRUITS,72,72.69
GROCERY,FRZN FRUITS,73,30.87
GROCERY,FRZN FRUITS,74,14.57
GROCERY,FRZN FRUITS,75,43.14
GROCERY,FRZN FRUITS,76,44.18
GROCERY,FRZN FRUITS,77,30.19
GROCERY,FRZN FRUITS,78,46.87
GROCERY,FRZN FRUITS,79,58.49
GROCERY,FRZN FRUITS,80,52.99
GROCERY,FRZN FRUITS,81,51.0
GROCERY,FRZN FRUITS,82,56.06
GROCERY,FRZN FRUITS,83,88.71
GROCERY,FRZN FRUITS,84,64.29
GROCERY,FRZN FRUITS,85,70.93
GROCERY,FRZN FRUITS,86,89.21
GROCERY,FRZN FRUITS,87,145.33
GROCERY,FRZN FRUITS,88,55.06
GROCERY,FRZN FRUITS,89,49.27
GROCERY,FRZN FRUITS,90,83.95
GROCERY,FRZN FRUITS,91,42.49
GROCERY,FRZN FRUITS,92,97.76
GROCERY,FRZN FRUITS,93,104.51
GROCERY,FRZN FRUITS,94,80.16
GROCERY,FRZN FRUITS,95,62.7
GROCERY,FRZN FRUITS,96,105.44
GROCERY,FRZN FRUITS,97,57.84
GROCERY,FRZN FRUITS,98,107.68
GROCERY,FRZN FRUITS,99,32.31
GROCERY,FRZN FRUITS,100,111.34
GROCERY,FRZN FRUITS,101,61.56
GROCERY,FRZN FRUITS,102,50.84
GROCERY,FRZN ICE,1,6.47
GROCERY,FRZN ICE,2,1.49
GROCERY,FRZN ICE,3,11.93
GROCERY,FRZN ICE,4,14.94
GROCERY,FRZN ICE,5,12.43
GROCERY,FRZN ICE,6,4.47
GROCERY,FRZN ICE,7,45.8
GROCERY,FRZN ICE,8,17.41
GROCERY,FRZN ICE,9,49.31
GROCERY,FRZN ICE,10,88.11
GROCERY,FRZN ICE,11,89.51
GROCERY,FRZN ICE,12,77.17
GROCERY,FRZN ICE,13,104.03
GROCERY,FRZN ICE,14,116.03
GROCERY,FRZN ICE,15,194.29
GROCERY,FRZN ICE,16,103.88
GROCERY,FRZN ICE,17,116.0
GROCERY,FRZN ICE,18,119.08
GROCERY,FRZN ICE,19,80.42
GROCERY,FRZN ICE,20,70.11
GROCERY,FRZN ICE,21,97.07
GROCERY,FRZN ICE,22,97.61
GROCERY,FRZN ICE,23,77.68
GROCERY,FRZN ICE,24,117.06
GROCERY,FRZN ICE,25,140.05
GROCERY,FRZN ICE,26,62.72
GROCERY,FRZN ICE,27,64.23
GROCERY,FRZN ICE,28,39.47
GROCERY,FRZN ICE,29,54.34
GROCERY,FRZN ICE,30,59.25
GROCERY,FRZN ICE,31,50.27
GROCERY,FRZN ICE,32,47.76
GROCERY,FRZN ICE,33,58.27
GROCERY,FRZN ICE,34,19.41
GROCERY,FRZN ICE,35,66.23
GROCERY,FRZN ICE,36,43.81
GROCERY,FRZN ICE,37,36.33
GROCERY,FRZN ICE,38,43.39
GROCERY,FRZN ICE,39,44.31
GROCERY,FRZN ICE,40,104.58
GROCERY,FRZN ICE,41,73.68
GROCERY,FRZN ICE,42,42.31
GROCERY,FRZN ICE,43,28.35
GROCERY,FRZN ICE,44,35.84
GROCERY,FRZN ICE,45,20.4
GROCERY,FRZN ICE,46,44.27
GROCERY,FRZN ICE,47,21.88
GROCERY,FRZN ICE,48,23.37
GROCERY,FRZN ICE,49,31.13
GROCERY,FRZN ICE,50,39.33
GROCERY,FRZN ICE,51,25.37
GROCERY,FRZN ICE,52,37.29
GROCERY,FRZN ICE,53,30.35
GROCERY,FRZN ICE,54,56.74
GROCERY,FRZN ICE,55,36.31
GROCERY,FRZN ICE,56,47.25
GROCERY,FRZN ICE,57,56.23
GROCERY,FRZN ICE,58,55.21
GROCERY,FRZN ICE,59,92.8
GROCERY,FRZN ICE,60,45.48
GROCERY,FRZN ICE,61,135.99
GROCERY,FRZN ICE,62,224.48
GROCERY,FRZN ICE,63,79.99
GROCERY,FRZN ICE,64,96.18
GROCERY,FRZN ICE,65,128.67
GROCERY,FRZN ICE,66,140.95
GROCERY,FRZN ICE,67,239.36
GROCERY,FRZN ICE,68,132.62
GROCERY,FRZN ICE,69,87.88
GROCERY,FRZN ICE,70,69.5
GROCERY,FRZN ICE,71,147.09
GROCERY,FRZN ICE,72,144.27
GROCERY,FRZN ICE,73,99.67
GROCERY,FRZN ICE,74,149.76
GROCERY,FRZN ICE,75,103.47
GROCERY,FRZN ICE,76,138.07
GROCERY,FRZN ICE,77,57.03
GROCERY,FRZN ICE,78,55.27
GROCERY,FRZN ICE,79,60.08
GROCERY,FRZN ICE,80,57.91
GROCERY,FRZN ICE,81,46.26
GROCERY,FRZN ICE,82,18.49
GROCERY,FRZN ICE,83,29.77
GROCERY,FRZN ICE,84,28.38
GROCERY,FRZN ICE,85,38.81
GROCERY,FRZN ICE,86,58.86
GROCERY,FRZN ICE,87,29.53
GROCERY,FRZN ICE,88,60.25
GROCERY,FRZN ICE,89,49.59
GROCERY,FRZN ICE,90,25.06
GROCERY,FRZN ICE,91,36.17
GROCERY,FRZN ICE,92,43.77
GROCERY,FRZN ICE,93,39.42
GROCERY,FRZN ICE,94,30.41
GROCERY,FRZN ICE,95,29.53
GROCERY,FRZN ICE,96,30.14
GROCERY,FRZN ICE,97,28.65
GROCERY,FRZN ICE,98,55.54
GROCERY,FRZN ICE,99,19.1
GROCERY,FRZN ICE,100,11.92
GROCERY,FRZN ICE,101,22.09
GROCERY,FRZN ICE,102,5.96
GROCERY,FRZN JCE CONC/DRNKS,2,5.67
GROCERY,FRZN JCE CONC/DRNKS,3,11.53
GROCERY,FRZN JCE CONC/DRNKS,4,7.76
GROCERY,FRZN JCE CONC/DRNKS,5,19.64
GROCERY,FRZN JCE CONC/DRNKS,6,18.9
GROCERY,FRZN JCE CONC/DRNKS,7,6.46
GROCERY,FRZN JCE CONC/DRNKS,8,19.17
GROCERY,FRZN JCE CONC/DRNKS,9,12.16
GROCERY,FRZN JCE CONC/DRNKS,10,22.34
GROCERY,FRZN JCE CONC/DRNKS,11,35.39
GROCERY,FRZN JCE CONC/DRNKS,12,39.12
GROCERY,FRZN JCE CONC/DRNKS,13,27.24
GROCERY,FRZN JCE CONC/DRNKS,14,74.48
GROCERY,FRZN JCE CONC/DRNKS,15,38.62
GROCERY,FRZN JCE CONC/DRNKS,16,67.01
GROCERY,FRZN JCE CONC/DRNKS,17,46.76
GROCERY,FRZN JCE CONC/DRNKS,18,32.41
GROCERY,FRZN JCE CONC/DRNKS,19,44.36
GROCERY,FRZN JCE CONC/DRNKS,20,87.9
GROCERY,FRZN JCE CONC/DRNKS,21,35.04
GROCERY,FRZN JCE CONC/DRNKS,22,43.59
GROCERY,FRZN JCE CONC/DRNKS,23,49.51
GROCERY,FRZN JCE CONC/DRNKS,24,54.72
GROCERY,FRZN JCE CONC/DRNKS,25,60.43
GROCERY,FRZN JCE CONC/DRNKS,26,49.33
GROCERY,FRZN JCE CONC/DRNKS,27,39.39
GROCERY,FRZN JCE CONC/DRNKS,28,57.43
GROCERY,FRZN JCE CONC/DRNKS,29,65.0
GROCERY,FRZN JCE CONC/DRNKS,30,38.41
GROCERY,FRZN JCE CONC/DRNKS,31,46.48
GROCERY,FRZN JCE CONC/DRNKS,32,49.2
GROCERY,FRZN JCE CONC/DRNKS,33,44.82
GROCERY,FRZN JCE CONC/DRNKS,34,76.55
GROCERY,FRZN JCE CONC/DRNKS,35,81.53
GROCERY,FRZN JCE CONC/DRNKS,36,63.02
GROCERY,FRZN JCE CONC/DRNKS,37,76.36
GROCERY,FRZN JCE CONC/DRNKS,38,45.17
GROCERY,FRZN JCE CONC/DRNKS,39,49.48
GROCERY,FRZN JCE CONC/DRNKS,40,75.25
GROCERY,FRZN JCE CONC/DRNKS,41,77.12
GROCERY,FRZN JCE CONC/DRNKS,42,64.82
GROCERY,FRZN JCE CONC/DRNKS,43,94.74
GROCERY,FRZN JCE CONC/DRNKS,44,96.92
GROCERY,FRZN JCE CONC/DRNKS,45,77.8
GROCERY,FRZN JCE CONC/DRNKS,46,91.72
GROCERY,FRZN JCE CONC/DRNKS,47,36.97
GROCERY,FRZN JCE CONC/DRNKS,48,66.98
GROCERY,FRZN JCE CONC/DRNKS,49,72.08
GROCERY,FRZN JCE CONC/DRNKS,50,43.46
GROCERY,FRZN JCE CONC/DRNKS,51,57.23
GROCERY,FRZN JCE CONC/DRNKS,52,75.43
GROCERY,FRZN JCE CONC/DRNKS,53,82.16
GROCERY,FRZN JCE CONC/DRNKS,54,73.75
GROCERY,FRZN JCE CONC/DRNKS,55,54.16
GROCERY,FRZN JCE CONC/DRNKS,56,66.34
GROCERY,FRZN JCE CONC/DRNKS,57,57.18
GROCERY,FRZN JCE CONC/DRNKS,58,54.54
GROCERY,FRZN JCE CONC/DRNKS,59,104.24
GROCERY,FRZN JCE CONC/DRNKS,60,49.12
GROCERY,FRZN JCE CONC/DRNKS,61,67.7
GROCERY,FRZN JCE CONC/DRNKS,62,70.52
GROCERY,FRZN JCE CONC/DRNKS,63,77.93
GROCERY,FRZN JCE CONC/DRNKS,64,33.81
GROCERY,FRZN JCE CONC/DRNKS,65,36.01
GROCERY,FRZN JCE CONC/DRNKS,66,54.18
GROCERY,FRZN JCE CONC/DRNKS,67,95.25
GROCERY,FRZN JCE CONC/DRNKS,68,91.65
GROCERY,FRZN JCE CONC/DRNKS,69,92.81
GROCERY,FRZN JCE CONC/DRNKS,70,46.73
GROCERY,FRZN JCE CONC/DRNKS,71,50.04
GROCERY,FRZN JCE CONC/DRNKS,72,57.0
GROCERY,FRZN JCE CONC/DRNKS,73,63.19
GROCERY,FRZN JCE CONC/DRNKS,74,44.5
GROCERY,FRZN JCE CONC/DRNKS,75,53.8
GROCERY,FRZN JCE CONC/DRNKS,76,84.27
GROCERY,FRZN JCE CONC/DRNKS,77,51.71
GROCERY,FRZN JCE CONC/DRNKS,78,49.74
GROCERY,FRZN JCE CONC/DRNKS,79,58.55
GROCERY,FRZN JCE CONC/DRNKS,80,39.09
GROCERY,FRZN JCE CONC/DRNKS,81,42.95
GROCERY,FRZN JCE CONC/DRNKS,82,54.96
GROCERY,FRZN JCE CONC/DRNKS,83,50.08
GROCERY,FRZN JCE CONC/DRNKS,84,56.63
GROCERY,FRZN JCE CONC/DRNKS,85,57.09
GROCERY,FRZN JCE CONC/DRNKS,86,58.64
GROCERY,FRZN JCE CONC/DRNKS,87,63.87
GROCERY,FRZN JCE CONC/DRNKS,88,84.59
GROCERY,FRZN JCE CONC/DRNKS,89,46.14
GROCERY,FRZN JCE CONC/DRNKS,90,70.65
GROCERY,FRZN JCE CONC/DRNKS,91,57.56
GROCERY,FRZN JCE CONC/DRNKS,92,88.35
GROCERY,FRZN JCE CONC/DRNKS,93,62.77
GROCERY,FRZN JCE CONC/DRNKS,94,57.54
GROCERY,FRZN JCE CONC/DRNKS,95,75.39
GROCERY,FRZN JCE CONC/DRNKS,96,59.63
GROCERY,FRZN JCE CONC/DRNKS,97,36.47
GROCERY,FRZN JCE CONC/DRNKS,98,107.25
GROCERY,FRZN JCE CONC/DRNKS,99,99.06
GROCERY,FRZN JCE CONC/DRNKS,100,56.57
GROCERY,FRZN JCE CONC/DRNKS,101,78.55
GROCERY,FRZN JCE CONC/DRNKS,102,26.9
GROCERY,FRZN MEAT/MEAT DINNERS,1,143.48
GROCERY,FRZN MEAT/MEAT DINNERS,2,253.83
GROCERY,FRZN MEAT/MEAT DINNERS,3,398.35
GROCERY,FRZN MEAT/MEAT DINNERS,4,341.98
GROCERY,FRZN MEAT/MEAT DINNERS,5,548.2
GROCERY,FRZN MEAT/MEAT DINNERS,6,482.07
GROCERY,FRZN MEAT/MEAT DINNERS,7,595.4
GROCERY,FRZN MEAT/MEAT DINNERS,8,602.09
GROCERY,FRZN MEAT/MEAT DINNERS,9,681.35
GROCERY,FRZN MEAT/MEAT DINNERS,10,818.55
GROCERY,FRZN MEAT/MEAT DINNERS,11,995.97
GROCERY,FRZN MEAT/MEAT DINNERS,12,887.15
GROCERY,FRZN MEAT/MEAT DINNERS,13,1081.11
GROCERY,FRZN MEAT/MEAT DINNERS,14,1211.43
GROCERY,FRZN MEAT/MEAT DINNERS,15,1311.06
GROCERY,FRZN MEAT/MEAT DINNERS,16,1254.48
GROCERY,FRZN MEAT/MEAT DINNERS,17,1643.8
GROCERY,FRZN MEAT/MEAT DINNERS,18,1290.43
GROCERY,FRZN MEAT/MEAT DINNERS,19,1464.32
GROCERY,FRZN MEAT/MEAT DINNERS,20,1852.51
GROCERY,FRZN MEAT/MEAT DINNERS,21,1600.34
GROCERY,FRZN MEAT/MEAT DINNERS,22,1373.24
GROCERY,FRZN MEAT/MEAT DINNERS,23,1271.43
GROCERY,FRZN MEAT/MEAT DINNERS,24,1878.34
GROCERY,FRZN MEAT/MEAT DINNERS,25,1443.33
GROCERY,FRZN MEAT/MEAT DINNERS,26,1440.48
GROCERY,FRZN MEAT/MEAT DINNERS,27,1416.67
GROCERY,FRZN MEAT/MEAT DINNERS,28,1639.49
GROCERY,FRZN MEAT/MEAT DINNERS,29,2077.02
GROCERY,FRZN MEAT/MEAT DINNERS,30,1539.97
GROCERY,FRZN MEAT/MEAT DINNERS,31,1426.62
GROCERY,FRZN MEAT/MEAT DINNERS,32,1569.22
GROCERY,FRZN MEAT/MEAT DINNERS,33,2040.27
GROCERY,FRZN MEAT/MEAT DINNERS,34,1912.86
GROCERY,FRZN MEAT/MEAT DINNERS,35,1626.25
GROCERY,FRZN MEAT/MEAT DINNERS,36,1137.26
GROCERY,FRZN MEAT/MEAT DINNERS,37,1728.81
GROCERY,FRZN MEAT/MEAT DINNERS,38,1627.2
GROCERY,FRZN MEAT/MEAT DINNERS,39,1466.6
GROCERY,FRZN MEAT/MEAT DINNERS,40,953.34
GROCERY,FRZN MEAT/MEAT DINNERS,41,1454.41
GROCERY,FRZN MEAT/MEAT DINNERS,42,1943.42
GROCERY,FRZN MEAT/MEAT DINNERS,43,1744.07
GROCERY,FRZN MEAT/MEAT DINNERS,44,1635.49
GROCERY,FRZN MEAT/MEAT DINNERS,45,1743.7
GROCERY,FRZN MEAT/MEAT DINNERS,46,1818.4
GROCERY,FRZN MEAT/MEAT DINNERS,47,2030.88
GROCERY,FRZN MEAT/MEAT DINNERS,48,1966.0
GROCERY,FRZN MEAT/MEAT DINNERS,49,2189.54
GROCERY,FRZN MEAT/MEAT DINNERS,50,2191.37
GROCERY,FRZN MEAT/MEAT DINNERS,51,1922.13
GROCERY,FRZN MEAT/MEAT DINNERS,52,1922.67
GROCERY,FRZN MEAT/MEAT DINNERS,53,1846.35
GROCERY,FRZN MEAT/MEAT DINNERS,54,2119.52
GROCERY,FRZN MEAT/MEAT DINNERS,55,1449.03
GROCERY,FRZN MEAT/MEAT DINNERS,56,1462.73
GROCERY,FRZN MEAT/MEAT DINNERS,57,1592.85
GROCERY,FRZN MEAT/MEAT DINNERS,58,1656.85
GROCERY,FRZN MEAT/MEAT DINNERS,59,2204.54
GROCERY,FRZN MEAT/MEAT DINNERS,60,1671.47
GROCERY,FRZN MEAT/MEAT DINNERS,61,1713.93
GROCERY,FRZN MEAT/MEAT DINNERS,62,1385.14
GROCERY,FRZN MEAT/MEAT DINNERS,63,1781.72
GROCERY,FRZN MEAT/MEAT DINNERS,64,1722.27
GROCERY,FRZN MEAT/MEAT DINNERS,65,1524.09
GROCERY,FRZN MEAT/MEAT DINNERS,66,1292.43
GROCERY,FRZN MEAT/MEAT DINNERS,67,1437.02
GROCERY,FRZN MEAT/MEAT DINNERS,68,1723.63
GROCERY,FRZN MEAT/MEAT DINNERS,69,1517.86
GROCERY,FRZN MEAT/MEAT DINNERS,70,1799.26
GROCERY,FRZN MEAT/MEAT DINNERS,71,1608.67
GROCERY,FRZN MEAT/MEAT DINNERS,72,1773.07
GROCERY,FRZN MEAT/MEAT DINNERS,73,1637.45
GROCERY,FRZN MEAT/MEAT DINNERS,74,1515.71
GROCERY,FRZN MEAT/MEAT DINNERS,75,1517.52
GROCERY,FRZN MEAT/MEAT DINNERS,76,2105.32
GROCERY,FRZN MEAT/MEAT DINNERS,77,1817.25
GROCERY,FRZN MEAT/MEAT DINNERS,78,1741.34
GROCERY,FRZN MEAT/MEAT DINNERS,79,1785.6
GROCERY,FRZN MEAT/MEAT DINNERS,80,2023.49
GROCERY,FRZN MEAT/MEAT DINNERS,81,2418.87
GROCERY,FRZN MEAT/MEAT DINNERS,82,1968.78
GROCERY,FRZN MEAT/MEAT DINNERS,83,1840.68
GROCERY,FRZN MEAT/MEAT DINNERS,84,1662.93
GROCERY,FRZN MEAT/MEAT DINNERS,85,2245.18
GROCERY,FRZN MEAT/MEAT DINNERS,86,1632.17
GROCERY,FRZN MEAT/MEAT DINNERS,87,1899.52
GROCERY,FRZN MEAT/MEAT DINNERS,88,1403.41
GROCERY,FRZN MEAT/MEAT DINNERS,89,2395.07
GROCERY,FRZN MEAT/MEAT DINNERS,90,1873.63
GROCERY,FRZN MEAT/MEAT DINNERS,91,1839.53
GROCERY,FRZN MEAT/MEAT DINNERS,92,1273.42
GROCERY,FRZN MEAT/MEAT DINNERS,93,1797.86
GROCERY,FRZN MEAT/MEAT DINNERS,94,2155.33
GROCERY,FRZN MEAT/MEAT DINNERS,95,2256.89
GROCERY,FRZN MEAT/MEAT DINNERS,96,2090.77
GROCERY,FRZN MEAT/MEAT DINNERS,97,1649.26
GROCERY,FRZN MEAT/MEAT DINNERS,98,1957.47
GROCERY,FRZN MEAT/MEAT DINNERS,99,2199.74
GROCERY,FRZN MEAT/MEAT DINNERS,100,1835.93
GROCERY,FRZN MEAT/MEAT DINNERS,101,1950.5
GROCERY,FRZN MEAT/MEAT DINNERS,102,1155.74
GROCERY,FRZN NOVELTIES/WTR ICE,1,41.92
GROCERY,FRZN NOVELTIES/WTR ICE,2,102.45
GROCERY,FRZN NOVELTIES/WTR ICE,3,80.07
GROCERY,FRZN NOVELTIES/WTR ICE,4,115.22
GROCERY,FRZN NOVELTIES/WTR ICE,5,147.9
GROCERY,FRZN NOVELTIES/WTR ICE,6,139.0
GROCERY,FRZN NOVELTIES/WTR ICE,7,151.61
GROCERY,FRZN NOVELTIES/WTR ICE,8,224.3
GROCERY,FRZN NOVELTIES/WTR ICE,9,257.66
GROCERY,FRZN NOVELTIES/WTR ICE,10,274.42
GROCERY,FRZN NOVELTIES/WTR ICE,11,403.08
GROCERY,FRZN NOVELTIES/WTR ICE,12,376.82
GROCERY,FRZN NOVELTIES/WTR ICE,13,426.41
GROCERY,FRZN NOVELTIES/WTR ICE,14,559.34
GROCERY,FRZN NOVELTIES/WTR ICE,15,519.04
GROCERY,FRZN NOVELTIES/WTR ICE,16,551.35
GROCERY,FRZN NOVELTIES/WTR ICE,17,528.05
GROCERY,FRZN NOVELTIES/WTR ICE,18,445.5
GROCERY,FRZN NOVELTIES/WTR ICE,19,538.54
GROCERY,FRZN NOVELTIES/WTR ICE,20,557.37
GROCERY,FRZN NOVELTIES/WTR ICE,21,572.53
GROCERY,FRZN NOVELTIES/WTR ICE,22,511.33
GROCERY,FRZN NOVELTIES/WTR ICE,23,399.1
GROCERY,FRZN NOVELTIES/WTR ICE,24,603.54
GROCERY,FRZN NOVELTIES/WTR ICE,25,446.95
GROCERY,FRZN NOVELTIES/WTR ICE,26,362.37
GROCERY,FRZN NOVELTIES/WTR ICE,27,428.22
GROCERY,FRZN NOVELTIES/WTR ICE,28,327.63
GROCERY,FRZN NOVELTIES/WTR ICE,29,391.55
GROCERY,FRZN NOVELTIES/WTR ICE,30,320.76
GROCERY,FRZN NOVELTIES/WTR ICE,31,317.94
GROCERY,FRZN NOVELTIES/WTR ICE,32,192.06
GROCERY,FRZN NOVELTIES/WTR ICE,33,310.42
GROCERY,FRZN NOVELTIES/WTR ICE,34,365.95
GROCERY,FRZN NOVELTIES/WTR ICE,35,291.17
GROCERY,FRZN NOVELTIES/WTR ICE,36,218.83
GROCERY,FRZN NOVELTIES/WTR ICE,37,290.17
GROCERY,FRZN NOVELTIES/WTR ICE,38,300.27
GROCERY,FRZN NOVELTIES/WTR ICE,39,261.65
GROCERY,FRZN NOVELTIES/WTR ICE,40,215.94
GROCERY,FRZN NOVELTIES/WTR ICE,41,273.07
GROCERY,FRZN NOVELTIES/WTR ICE,42,464.11
GROCERY,FRZN NOVELTIES/WTR ICE,43,332.18
GROCERY,FRZN NOVELTIES/WTR ICE,44,377.54
GROCERY,FRZN NOVELTIES/WTR ICE,45,448.07
GROCERY,FRZN NOVELTIES/WTR ICE,46,394.25
GROCERY,FRZN NOVELTIES/WTR ICE,47,450.39
GROCERY,FRZN NOVELTIES/WTR ICE,48,346.45
GROCERY,FRZN NOVELTIES/WTR ICE,49,474.54
GROCERY,FRZN NOVELTIES/WTR ICE,50,440.92
GROCERY,FRZN NOVELTIES/WTR ICE,51,443.04
GROCERY,FRZN NOVELTIES/WTR ICE,52,456.49
GROCERY,FRZN NOVELTIES/WTR ICE,53,396.35
GROCERY,FRZN NOVELTIES/WTR ICE,54,485.43
GROCERY,FRZN NOVELTIES/WTR ICE,55,367.88
GROCERY,FRZN NOVELTIES/WTR ICE,56,432.86
GROCERY,FRZN NOVELTIES/WTR ICE,57,405.64
GROCERY,FRZN NOVELTIES/WTR ICE,58,358.41
GROCERY,FRZN NOVELTIES/WTR ICE,59,527.39
GROCERY,FRZN NOVELTIES/WTR ICE,60,558.37
GROCERY,FRZN NOVELTIES/WTR ICE,61,482.26
GROCERY,FRZN NOVELTIES/WTR ICE,62,662.23
GROCERY,FRZN NOVELTIES/WTR ICE,63,787.19
GROCERY,FRZN NOVELTIES/WTR ICE,64,565.5
GROCERY,FRZN NOVELTIES/WTR ICE,65,616.69
GROCERY,FRZN NOVELTIES/WTR ICE,66,687.38
GROCERY,FRZN NOVELTIES/WTR ICE,67,691.26
GROCERY,FRZN NOVELTIES/WTR ICE,68,700.53
GROCERY,FRZN NOVELTIES/WTR ICE,69,569.96
GROCERY,FRZN NOVELTIES/WTR ICE,70,612.22
GROCERY,FRZN NOVELTIES/WTR ICE,71,614.44
GROCERY,FRZN NOVELTIES/WTR ICE,72,669.61
GROCERY,FRZN NOVELTIES/WTR ICE,73,558.5
GROCERY,FRZN NOVELTIES/WTR ICE,74,566.37
GROCERY,FRZN NOVELTIES/WTR ICE,75,476.94
GROCERY,FRZN NOVELTIES/WTR ICE,76,400.48
GROCERY,FRZN NOVELTIES/WTR ICE,77,490.34
GROCERY,FRZN NOVELTIES/WTR ICE,78,450.46
GROCERY,FRZN NOVELTIES/WTR ICE,79,356.6
GROCERY,FRZN NOVELTIES/WTR ICE,80,401.91
GROCERY,FRZN NOVELTIES/WTR ICE,81,392.06
GROCERY,FRZN NOVELTIES/WTR ICE,82,298.1
GROCERY,FRZN NOVELTIES/WTR ICE,83,327.12
GROCERY,FRZN NOVELTIES/WTR ICE,84,334.21
GROCERY,FRZN NOVELTIES/WTR ICE,85,253.62
GROCERY,FRZN NOVELTIES/WTR ICE,86,301.68
GROCERY,FRZN NOVELTIES/WTR ICE,87,258.44
GROCERY,FRZN NOVELTIES/WTR ICE,88,249.72
GROCERY,FRZN NOVELTIES/WTR ICE,89,258.17
GROCERY,FRZN NOVELTIES/WTR ICE,90,283.53
GROCERY,FRZN NOVELTIES/WTR ICE,91,306.52
GROCERY,FRZN NOVELTIES/WTR ICE,92,235.8
GROCERY,FRZN NOVELTIES/WTR ICE,93,339.14
GROCERY,FRZN NOVELTIES/WTR ICE,94,403.86
GROCERY,FRZN NOVELTIES/WTR ICE,95,365.82
GROCERY,FRZN NOVELTIES/WTR ICE,96,329.74
GROCERY,FRZN NOVELTIES/WTR ICE,97,328.78
GROCERY,FRZN NOVELTIES/WTR ICE,98,399.57
GROCERY,FRZN NOVELTIES/WTR ICE,99,418.6
GROCERY,FRZN NOVELTIES/WTR ICE,100,349.44
GROCERY,FRZN NOVELTIES/WTR ICE,101,308.53
GROCERY,FRZN NOVELTIES/WTR ICE,102,225.05
GROCERY,FRZN POTATOES,1,22.01
GROCERY,FRZN POTATOES,2,33.42
GROCERY,FRZN POTATOES,3,29.15
GROCERY,FRZN POTATOES,4,39.85
GROCERY,FRZN POTATOES,5,76.48
GROCERY,FRZN POTATOES,6,79.19
GROCERY,FRZN POTATOES,7,46.03
GROCERY,FRZN POTATOES,8,64.42
GROCERY,FRZN POTATOES,9,78.34
GROCERY,FRZN POTATOES,10,93.14
GROCERY,FRZN POTATOES,11,118.73
GROCERY,FRZN POTATOES,12,119.67
GROCERY,FRZN POTATOES,13,148.09
GROCERY,FRZN POTATOES,14,115.0
GROCERY,FRZN POTATOES,15,178.12
GROCERY,FRZN POTATOES,16,192.75
GROCERY,FRZN POTATOES,17,232.31
GROCERY,FRZN POTATOES,18,205.37
GROCERY,FRZN POTATOES,19,246.63
GROCERY,FRZN POTATOES,20,197.05
GROCERY,FRZN POTATOES,21,186.04
GROCERY,FRZN POTATOES,22,189.19
GROCERY,FRZN POTATOES,23,175.79
GROCERY,FRZN POTATOES,24,280.46
GROCERY,FRZN POTATOES,25,236.01
GROCERY,FRZN POTATOES,26,217.58
GROCERY,FRZN POTATOES,27,197.9
GROCERY,FRZN POTATOES,28,241.15
GROCERY,FRZN POTATOES,29,305.28
GROCERY,FRZN POTATOES,30,200.37
GROCERY,FRZN POTATOES,31,205.91
GROCERY,FRZN POTATOES,32,212.08
GROCERY,FRZN POTATOES,33,266.93
GROCERY,FRZN POTATOES,34,264.8
GROCERY,FRZN POTATOES,35,251.15
GROCERY,FRZN POTATOES,36,165.31
GROCERY,FRZN POTATOES,37,327.21
GROCERY,FRZN POTATOES,38,281.33
GROCERY,FRZN POTATOES,39,246.69
GROCERY,FRZN POTATOES,40,204.64
GROCERY,FRZN POTATOES,41,248.38
GROCERY,FRZN POTATOES,42,242.09
GROCERY,FRZN POTATOES,43,227.86
GROCERY,FRZN POTATOES,44,183.03
GROCERY,FRZN POTATOES,45,221.34
GROCERY,FRZN POTATOES,46,276.31
GROCERY,FRZN POTATOES,47,240.06
GROCERY,FRZN POTATOES,48,254.1
GROCERY,FRZN POTATOES,49,224.54
GROCERY,FRZN POTATOES,50,323.09
GROCERY,FRZN POTATOES,51,261.75
GROCERY,FRZN POTATOES,52,267.85
GROCERY,FRZN POTATOES,53,300.84
GROCERY,FRZN POTATOES,54,279.03
GROCERY,FRZN POTATOES,55,265.99
GROCERY,FRZN POTATOES,56,220.2
GROCERY,FRZN POTATOES,57,182.1
GROCERY,FRZN POTATOES,58,247.89
GROCERY,FRZN POTATOES,59,301.14
GROCERY,FRZN POTATOES,60,233.21
GROCERY,FRZN POTATOES,61,191.33
GROCERY,FRZN POTATOES,62,175.14
GROCERY,FRZN POTATOES,63,284.55
GROCERY,FRZN POTATOES,64,219.01
GROCERY,FRZN POTATOES,65,167.34
GROCERY,FRZN POTATOES,66,195.55
GROCERY,FRZN POTATOES,67,166.02
GROCERY,FRZN POTATOES,68,194.36
GROCERY,FRZN POTATOES,69,181.5
GROCERY,FRZN POTATOES,70,215.12
GROCERY,FRZN POTATOES,71,190.19
GROCERY,FRZN POTATOES,72,211.34
GROCERY,FRZN POTATOES,73,229.88
GROCERY,FRZN POTATOES,74,187.98
GROCERY,FRZN POTATOES,75,216.85
GROCERY,FRZN POTATOES,76,304.55
GROCERY,FRZN POTATOES,77,225.77
GROCERY,FRZN POTATOES,78,260.05
GROCERY,FRZN POTATOES,79,198.92
GROCERY,FRZN POTATOES,80,241.61
GROCERY,FRZN POTATOES,81,239.78
GROCERY,FRZN POTATOES,82,198.21
GROCERY,FRZN POTATOES,83,210.45
GROCERY,FRZN POTATOES,84,206.78
GROCERY,FRZN POTATOES,85,243.37
GROCERY,FRZN POTATOES,86,238.28
GROCERY,FRZN POTATOES,87,277.28
GROCERY,FRZN POTATOES,88,175.12
GROCERY,FRZN POTATOES,89,266.74
GROCERY,FRZN POTATOES,90,249.26
GROCERY,FRZN POTATOES,91,244.31
GROCERY,FRZN POTATOES,92,255.28
GROCERY,FRZN POTATOES,93,251.67
GROCERY,FRZN POTATOES,94,279.04
GROCERY,FRZN POTATOES,95,230.76
GROCERY,FRZN POTATOES,96,236.1
GROCERY,FRZN POTATOES,97,278.61
GROCERY,FRZN POTATOES,98,252.62
GROCERY,FRZN POTATOES,99,281.73
GROCERY,FRZN POTATOES,100,276.62
GROCERY,FRZN POTATOES,101,259.41
GROCERY,FRZN POTATOES,102,198.45
GROCERY,FRZN SEAFOOD,5,1.99
GROCERY,FRZN SEAFOOD,6,9.98
GROCERY,FRZN SEAFOOD,7,2.99
GROCERY,FRZN SEAFOOD,10,2.99
GROCERY,FRZN SEAFOOD,16,9.98
GROCERY,FRZN SEAFOOD,17,5.99
GROCERY,FRZN SEAFOOD,22,5.99
GROCERY,FRZN SEAFOOD,24,9.98
GROCERY,FRZN SEAFOOD,26,4.99
GROCERY,FRZN SEAFOOD,33,4.99
GROCERY,FRZN SEAFOOD,34,4.99
GROCERY,FRZN SEAFOOD,36,6.99
GROCERY,FRZN SEAFOOD,38,4.99
GROCERY,FRZN SEAFOOD,41,4.99
GROCERY,FRZN SEAFOOD,42,9.98
GROCERY,FRZN SEAFOOD,43,4.99
GROCERY,FRZN SEAFOOD,44,3.99
GROCERY,FRZN SEAFOOD,46,4.99
GROCERY,FRZN SEAFOOD,48,8.97
GROCERY,FRZN SEAFOOD,51,4.99
GROCERY,FRZN SEAFOOD,56,4.99
GROCERY,FRZN SEAFOOD,57,4.99
GROCERY,FRZN SEAFOOD,58,5.98
GROCERY,FRZN SEAFOOD,59,4.99
GROCERY,FRZN SEAFOOD,62,4.99
GROCERY,FRZN SEAFOOD,63,4.99
GROCERY,FRZN SEAFOOD,64,4.99
GROCERY,FRZN SEAFOOD,67,4.99
GROCERY,FRZN SEAFOOD,70,9.98
GROCERY,FRZN SEAFOOD,73,4.99
GROCERY,FRZN SEAFOOD,77,9.98
GROCERY,FRZN SEAFOOD,81,4.99
GROCERY,FRZN SEAFOOD,82,3.74
GROCERY,FRZN SEAFOOD,83,9.98
GROCERY,FRZN SEAFOOD,84,3.74
GROCERY,FRZN SEAFOOD,85,3.74
GROCERY,FRZN SEAFOOD,86,3.74
GROCERY,FRZN SEAFOOD,89,4.99
GROCERY,FRZN SEAFOOD,90,2.49
GROCERY,FRZN SEAFOOD,92,4.99
GROCERY,FRZN SEAFOOD,93,3.59
GROCERY,FRZN SEAFOOD,94,4.79
GROCERY,FRZN SEAFOOD,95,9.58
GROCERY,FRZN SEAFOOD,98,20.96
GROCERY,FRZN SEAFOOD,100,5.99
GROCERY,FRZN SEAFOOD,101,32.4
GROCERY,FRZN SEAFOOD,102,8.98
GROCERY,FRZN VEGETABLE/VEG DSH,1,36.35
GROCERY,FRZN VEGETABLE/VEG DSH,2,34.19
GROCERY,FRZN VEGETABLE/VEG DSH,3,19.78
GROCERY,FRZN VEGETABLE/VEG DSH,4,49.43
GROCERY,FRZN VEGETABLE/VEG DSH,5,125.75
GROCERY,FRZN VEGETABLE/VEG DSH,6,133.87
GROCERY,FRZN VEGETABLE/VEG DSH,7,112.19
GROCERY,FRZN VEGETABLE/VEG DSH,8,130.17
GROCERY,FRZN VEGETABLE/VEG DSH,9,146.96
GROCERY,FRZN VEGETABLE/VEG DSH,10,228.94
GROCERY,FRZN VEGETABLE/VEG DSH,11,200.16
GROCERY,FRZN VEGETABLE/VEG DSH,12,216.61
GROCERY,FRZN VEGETABLE/VEG DSH,13,178.71
GROCERY,FRZN VEGETABLE/VEG DSH,14,214.41
GROCERY,FRZN VEGETABLE/VEG DSH,15,283.68
GROCERY,FRZN VEGETABLE/VEG DSH,16,353.67
GROCERY,FRZN VEGETABLE/VEG DSH,17,371.58
GROCERY,FRZN VEGETABLE/VEG DSH,18,287.49
GROCERY,FRZN VEGETABLE/VEG DSH,19,285.34
GROCERY,FRZN VEGETABLE/VEG DSH,20,398.13
GROCERY,FRZN VEGETABLE/VEG DSH,21,309.29
GROCERY,FRZN VEGETABLE/VEG DSH,22,243.69
GROCERY,FRZN VEGETABLE/VEG DSH,23,368.11
GROCERY,FRZN VEGETABLE/VEG DSH,24,370.97
GROCERY,FRZN VEGETABLE/VEG DSH,25,428.81
GROCERY,FRZN VEGETABLE/VEG DSH,26,485.42
GROCERY,FRZN VEGETABLE/VEG DSH,27,435.7
GROCERY,FRZN VEGETABLE/VEG DSH,28,410.24
GROCERY,FRZN VEGETABLE/VEG DSH,29,410.78
GROCERY,FRZN VEGETABLE/VEG DSH,30,403.81
GROCERY,FRZN VEGETABLE/VEG DSH,31,430.66
GROCERY,FRZN VEGETABLE/VEG DSH,32,339.77
GROCERY,FRZN VEGETABLE/VEG DSH,33,486.41
GROCERY,FRZN VEGETABLE/VEG DSH,34,382.51
GROCERY,FRZN VEGETABLE/VEG DSH,35,651.76
GROCERY,FRZN VEGETABLE/VEG DSH,36,334.95
GROCERY,FRZN VEGETABLE/VEG DSH,37,517.11
GROCERY,FRZN VEGETABLE/VEG DSH,38,514.81
GROCERY,FRZN VEGETABLE/VEG DSH,39,490.56
GROCERY,FRZN VEGETABLE/VEG DSH,40,387.31
GROCERY,FRZN VEGETABLE/VEG DSH,41,481.02
GROCERY,FRZN VEGETABLE/VEG DSH,42,487.6
GROCERY,FRZN VEGETABLE/VEG DSH,43,515.82
GROCERY,FRZN VEGETABLE/VEG DSH,44,555.52
GROCERY,FRZN VEGETABLE/VEG DSH,45,508.41
GROCERY,FRZN VEGETABLE/VEG DSH,46,600.64
GROCERY,FRZN VEGETABLE/VEG DSH,47,523.51
GROCERY,FRZN VEGETABLE/VEG DSH,48,541.45
GROCERY,FRZN VEGETABLE/VEG DSH,49,644.21
GROCERY,FRZN VEGETABLE/VEG DSH,50,619.88
GROCERY,FRZN VEGETABLE/VEG DSH,51,526.97
GROCERY,FRZN VEGETABLE/VEG DSH,52,465.33
GROCERY,FRZN VEGETABLE/VEG DSH,53,523.48
GROCERY,FRZN VEGETABLE/VEG DSH,54,470.92
GROCERY,FRZN VEGETABLE/VEG DSH,55,451.43
GROCERY,FRZN VEGETABLE/VEG DSH,56,561.79
GROCERY,FRZN VEGETABLE/VEG DSH,57,414.82
GROCERY,FRZN VEGETABLE/VEG DSH,58,445.76
GROCERY,FRZN VEGETABLE/VEG DSH,59,492.69
GROCERY,FRZN VEGETABLE/VEG DSH,60,460.05
GROCERY,FRZN VEGETABLE/VEG DSH,61,483.43
GROCERY,FRZN VEGETABLE/VEG DSH,62,331.5
GROCERY,FRZN VEGETABLE/VEG DSH,63,505.47
GROCERY,FRZN VEGETABLE/VEG DSH,64,510.95
GROCERY,FRZN VEGETABLE/VEG DSH,65,399.22
GROCERY,FRZN VEGETABLE/VEG DSH,66,315.92
GROCERY,FRZN VEGETABLE/VEG DSH,67,487.26
GROCERY,FRZN VEGETABLE/VEG DSH,68,514.27
GROCERY,FRZN VEGETABLE/VEG DSH,69,359.3
GROCERY,FRZN VEGETABLE/VEG DSH,70,434.8
GROCERY,FRZN VEGETABLE/VEG DSH,71,474.64
GROCERY,FRZN VEGETABLE/VEG DSH,72,425.0
GROCERY,FRZN VEGETABLE/VEG DSH,73,349.47
GROCERY,FRZN VEGETABLE/VEG DSH,74,423.07
GROCERY,FRZN VEGETABLE/VEG DSH,75,450.35
GROCERY,FRZN VEGETABLE/VEG DSH,76,522.55
GROCERY,FRZN VEGETABLE/VEG DSH,77,475.27
GROCERY,FRZN VEGETABLE/VEG DSH,78,431.9
GROCERY,FRZN VEGETABLE/VEG DSH,79,450.6
GROCERY,FRZN VEGETABLE/VEG DSH,80,556.53
GROCERY,FRZN VEGETABLE/VEG DSH,81,468.1
GROCERY,FRZN VEGETABLE/VEG DSH,82,531.6
GROCERY,FRZN VEGETABLE/VEG DSH,83,552.22
GROCERY,FRZN VEGETABLE/VEG DSH,84,549.15
GROCERY,FRZN VEGETABLE/VEG DSH,85,603.66
GROCERY,FRZN VEGETABLE/VEG DSH,86,533.29
GROCERY,FRZN VEGETABLE/VEG DSH,87,704.21
GROCERY,FRZN VEGETABLE/VEG DSH,88,495.37
GROCERY,FRZN VEGETABLE/VEG DSH,89,505.93
GROCERY,FRZN VEGETABLE/VEG DSH,90,531.86
GROCERY,FRZN VEGETABLE/VEG DSH,91,451.69
GROCERY,FRZN VEGETABLE/VEG DSH,92,467.38
GROCERY,FRZN VEGETABLE/VEG DSH,93,472.81
GROCERY,FRZN VEGETABLE/VEG DSH,94,589.01
GROCERY,FRZN VEGETABLE/VEG DSH,95,632.47
GROCERY,FRZN VEGETABLE/VEG DSH,96,666.64
GROCERY,FRZN VEGETABLE/VEG DSH,97,586.93
GROCERY,FRZN VEGETABLE/VEG DSH,98,645.71
GROCERY,FRZN VEGETABLE/VEG DSH,99,784.58
GROCERY,FRZN VEGETABLE/VEG DSH,100,501.63
GROCERY,FRZN VEGETABLE/VEG DSH,101,458.07
GROCERY,FRZN VEGETABLE/VEG DSH,102,274.99
GROCERY,MARGARINES,1,18.68
GROCERY,MARGARINES,2,49.54
GROCERY,MARGARINES,3,56.3
GROCERY,MARGARINES,4,20.74
GROCERY,MARGARINES,5,53.18
GROCERY,MARGARINES,6,65.05
GROCERY,MARGARINES,7,90.18
GROCERY,MARGARINES,8,89.34
GROCERY,MARGARINES,9,99.06
GROCERY,MARGARINES,10,122.21
GROCERY,MARGARINES,11,150.19
GROCERY,MARGARINES,12,148.03
GROCERY,MARGARINES,13,149.18
GROCERY,MARGARINES,14,148.47
GROCERY,MARGARINES,15,220.71
GROCERY,MARGARINES,16,210.94
GROCERY,MARGARINES,17,195.75
GROCERY,MARGARINES,18,204.99
GROCERY,MARGARINES,19,223.4
GROCERY,MARGARINES,20,242.73
GROCERY,MARGARINES,21,234.31
GROCERY,MARGARINES,22,195.29
GROCERY,MARGARINES,23,210.38
GROCERY,MARGARINES,24,281.73
GROCERY,MARGARINES,25,231.02
GROCERY,MARGARINES,26,195.59
GROCERY,MARGARINES,27,231.23
GROCERY,MARGARINES,28,210.4
GROCERY,MARGARINES,29,271.28
GROCERY,MARGARINES,30,213.22
GROCERY,MARGARINES,31,196.38
GROCERY,MARGARINES,32,210.21
GROCERY,MARGARINES,33,235.22
GROCERY,MARGARINES,34,262.29
GROCERY,MARGARINES,35,368.52
GROCERY,MARGARINES,36,235.34
GROCERY,MARGARINES,37,295.31
GROCERY,MARGARINES,38,308.12
GROCERY,MARGARINES,39,266.23
GROCERY,MARGARINES,40,276.65
GROCERY,MARGARINES,41,209.25
GROCERY,MARGARINES,42,258.24
GROCERY,MARGARINES,43,212.36
GROCERY,MARGARINES,44,281.83
GROCERY,MARGARINES,45,248.29
GROCERY,MARGARINES,46,252.54
GROCERY,MARGARINES,47,253.81
GROCERY,MARGARINES,48,207.12
GROCERY,MARGARINES,49,267.28
GROCERY,MARGARINES,50,293.13
GROCERY,MARGARINES,51,260.87
GROCERY,MARGARINES,52,262.48
GROCERY,MARGARINES,53,302.71
GROCERY,MARGARINES,54,273.43
GROCERY,MARGARINES,55,265.93
GROCERY,MARGARINES,56,249.22
GROCERY,MARGARINES,57,218.68
GROCERY,MARGARINES,58,223.0
GROCERY,MARGARINES,59,270.21
GROCERY,MARGARINES,60,258.85
GROCERY,MARGARINES,61,238.45
GROCERY,MARGARINES,62,242.97
GROCERY,MARGARINES,63,294.08
GROCERY,MARGARINES,64,216.84
GROCERY,MARGARINES,65,240.33
GROCERY,MARGARINES,66,203.53
GROCERY,MARGARINES,67,261.81
GROCERY,MARGARINES,68,252.03
GROCERY,MARGARINES,69,196.29
GROCERY,MARGARINES,70,236.47
GROCERY,MARGARINES,71,251.73
GROCERY,MARGARINES,72,284.96
GROCERY,MARGARINES,73,197.03
GROCERY,MARGARINES,74,208.32
GROCERY,MARGARINES,75,254.51
GROCERY,MARGARINES,76,255.46
GROCERY,MARGARINES,77,227.77
GROCERY,MARGARINES,78,228.37
GROCERY,MARGARINES,79,241.96
GROCERY,MARGARINES,80,245.21
GROCERY,MARGARINES,81,278.56
GROCERY,MARGARINES,82,228.01
GROCERY,MARGARINES,83,249.46
GROCERY,MARGARINES,84,253.63
GROCERY,MARGARINES,85,291.5
GROCERY,MARGARINES,86,288.87
GROCERY,MARGARINES,87,336.76
GROCERY,MARGARINES,88,251.27
GROCERY,MARGARINES,89,277.49
GROCERY,MARGARINES,90,250.02
GROCERY,MARGARINES,91,236.8
GROCERY,MARGARINES,92,319.08
GROCERY,MARGARINES,93,184.59
GROCERY,MARGARINES,94,306.33
GROCERY,MARGARINES,95,259.62
GROCERY,MARGARINES,96,220.86
GROCERY,MARGARINES,97,234.12
GROCERY,MARGARINES,98,320.06
GROCERY,MARGARINES,99,315.53
GROCERY,MARGARINES,100,277.91
GROCERY,MARGARINES,101,251.14
GROCERY,MARGARINES,102,156.91
GROCERY,MILK BY-PRODUCTS,1,57.26
GROCERY,MILK BY-PRODUCTS,2,67.83
GROCERY,MILK BY-PRODUCTS,3,67.91
GROCERY,MILK BY-PRODUCTS,4,72.96
GROCERY,MILK BY-PRODUCTS,5,145.31
GROCERY,MILK BY-PRODUCTS,6,125.91
GROCERY,MILK BY-PRODUCTS,7,195.05
GROCERY,MILK BY-PRODUCTS,8,145.08
GROCERY,MILK BY-PRODUCTS,9,173.1
GROCERY,MILK BY-PRODUCTS,10,251.09
GROCERY,MILK BY-PRODUCTS,11,267.35
GROCERY,MILK BY-PRODUCTS,12,259.61
GROCERY,MILK BY-PRODUCTS,13,359.06
GROCERY,MILK BY-PRODUCTS,14,320.07
GROCERY,MILK BY-PRODUCTS,15,420.12
GROCERY,MILK BY-PRODUCTS,16,459.59
GROCERY,MILK BY-PRODUCTS,17,410.2
GROCERY,MILK BY-PRODUCTS,18,427.88
GROCERY,MILK BY-PRODUCTS,19,408.52
GROCERY,MILK BY-PRODUCTS,20,496.6
GROCERY,MILK BY-PRODUCTS,21,380.23
GROCERY,MILK BY-PRODUCTS,22,385.66
GROCERY,MILK BY-PRODUCTS,23,399.61
GROCERY,MILK BY-PRODUCTS,24,487.32
GROCERY,MILK BY-PRODUCTS,25,358.75
GROCERY,MILK BY-PRODUCTS,26,379.45
GROCERY,MILK BY-PRODUCTS,27,432.16
GROCERY,MILK BY-PRODUCTS,28,416.27
GROCERY,MILK BY-PRODUCTS,29,382.43
GROCERY,MILK BY-PRODUCTS,30,389.63
GROCERY,MILK BY-PRODUCTS,31,391.08
GROCERY,MILK BY-PRODUCTS,32,405.03
GROCERY,MILK BY-PRODUCTS,33,465.6
GROCERY,MILK BY-PRODUCTS,34,424.84
GROCERY,MILK BY-PRODUCTS,35,511.94
GROCERY,MILK BY-PRODUCTS,36,409.43
GROCERY,MILK BY-PRODUCTS,37,475.31
GROCERY,MILK BY-PRODUCTS,38,416.2
GROCERY,MILK BY-PRODUCTS,39,416.85
GROCERY,MILK BY-PRODUCTS,40,550.3
GROCERY,MILK BY-PRODUCTS,41,531.42
GROCERY,MILK BY-PRODUCTS,42,472.0
GROCERY,MILK BY-PRODUCTS,43,461.23
GROCERY,MILK BY-PRODUCTS,44,410.85
GROCERY,MILK BY-PRODUCTS,45,395.74
GROCERY,MILK BY-PRODUCTS,46,559.83
GROCERY,MILK BY-PRODUCTS,47,448.59
GROCERY,MILK BY-PRODUCTS,48,475.71
GROCERY,MILK BY-PRODUCTS,49,385.74
GROCERY,MILK BY-PRODUCTS,50,526.43
GROCERY,MILK BY-PRODUCTS,51,373.47
GROCERY,MILK BY-PRODUCTS,52,417.21
GROCERY,MILK BY-PRODUCTS,53,497.79
GROCERY,MILK BY-PRODUCTS,54,466.76
GROCERY,MILK BY-PRODUCTS,55,393.57
GROCERY,MILK BY-PRODUCTS,56,447.17
GROCERY,MILK BY-PRODUCTS,57,440.91
GROCERY,MILK BY-PRODUCTS,58,451.15
GROCERY,MILK BY-PRODUCTS,59,466.6
GROCERY,MILK BY-PRODUCTS,60,486.42
GROCERY,MILK BY-PRODUCTS,61,460.66
GROCERY,MILK BY-PRODUCTS,62,502.23
GROCERY,MILK BY-PRODUCTS,63,456.59
GROCERY,MILK BY-PRODUCTS,64,445.18
GROCERY,MILK BY-PRODUCTS,65,421.65
GROCERY,MILK BY-PRODUCTS,66,377.81
GROCERY,MILK BY-PRODUCTS,67,568.65
GROCERY,MILK BY-PRODUCTS,68,438.25
GROCERY,MILK BY-PRODUCTS,69,484.7
GROCERY,MILK BY-PRODUCTS,70,494.0
GROCERY,MILK BY-PRODUCTS,71,391.52
GROCERY,MILK BY-PRODUCTS,72,563.05
GROCERY,MILK BY-PRODUCTS,73,505.53
GROCERY,MILK BY-PRODUCTS,74,429.72
GROCERY,MILK BY-PRODUCTS,75,401.29
GROCERY,MILK BY-PRODUCTS,76,472.93
GROCERY,MILK BY-PRODUCTS,77,394.98
GROCERY,MILK BY-PRODUCTS,78,509.44
GROCERY,MILK BY-PRODUCTS,79,403.36
GROCERY,MILK BY-PRODUCTS,80,429.43
GROCERY,MILK BY-PRODUCTS,81,434.04
GROCERY,MILK BY-PRODUCTS,82,356.34
GROCERY,MILK BY-PRODUCTS,83,406.11
GROCERY,MILK BY-PRODUCTS,84,435.85
GROCERY,MILK BY-PRODUCTS,85,437.05
GROCERY,MILK BY-PRODUCTS,86,523.02
GROCERY,MILK BY-PRODUCTS,87,448.2
GROCERY,MILK BY-PRODUCTS,88,396.7
GROCERY,MILK BY-PRODUCTS,89,386.84
GROCERY,MILK BY-PRODUCTS,90,456.28
GROCERY,MILK BY-PRODUCTS,91,496.89
GROCERY,MILK BY-PRODUCTS,92,585.81
GROCERY,MILK BY-PRODUCTS,93,493.73
GROCERY,MILK BY-PRODUCTS,94,524.55
GROCERY,MILK BY-PRODUCTS,95,456.49
GROCERY,MILK BY-PRODUCTS,96,438.3
GROCERY,MILK BY-PRODUCTS,97,496.57
GROCERY,MILK BY-PRODUCTS,98,539.17
GROCERY,MILK BY-PRODUCTS,99,506.78
GROCERY,MILK BY-PRODUCTS,100,432.5
GROCERY,MILK BY-PRODUCTS,101,401.86
GROCERY,MILK BY-PRODUCTS,102,228.17
GROCERY,REFRGRATD DOUGH PRODUCTS,1,23.93
GROCERY,REFRGRATD DOUGH PRODUCTS,2,32.75
GROCERY,REFRGRATD DOUGH PRODUCTS,3,67.01
GROCERY,REFRGRATD DOUGH PRODUCTS,4,72.65
GROCERY,REFRGRATD DOUGH PRODUCTS,5,131.05
GROCERY,REFRGRATD DOUGH PRODUCTS,6,126.33
GROCERY,REFRGRATD DOUGH PRODUCTS,7,136.05
GROCERY,REFRGRATD DOUGH PRODUCTS,8,169.34
GROCERY,REFRGRATD DOUGH PRODUCTS,9,172.61
GROCERY,REFRGRATD DOUGH PRODUCTS,10,189.5
GROCERY,REFRGRATD DOUGH PRODUCTS,11,235.28
GROCERY,REFRGRATD DOUGH PRODUCTS,12,175.28
GROCERY,REFRGRATD DOUGH PRODUCTS,13,279.06
GROCERY,REFRGRATD DOUGH PRODUCTS,14,296.22
GROCERY,REFRGRATD DOUGH PRODUCTS,15,402.65
GROCERY,REFRGRATD DOUGH PRODUCTS,16,305.12
GROCERY,REFRGRATD DOUGH PRODUCTS,17,387.78
GROCERY,REFRGRATD DOUGH PRODUCTS,18,308.82
GROCERY,REFRGRATD DOUGH PRODUCTS,19,373.02
GROCERY,REFRGRATD DOUGH PRODUCTS,20,419.62
GROCERY,REFRGRATD DOUGH PRODUCTS,21,365.9
GROCERY,REFRGRATD DOUGH PRODUCTS,22,280.36
GROCERY,REFRGRATD DOUGH PRODUCTS,23,357.37
GROCERY,REFRGRATD DOUGH PRODUCTS,24,391.24
GROCERY,REFRGRATD DOUGH PRODUCTS,25,395.78
GROCERY,REFRGRATD DOUGH PRODUCTS,26,482.46
GROCERY,REFRGRATD DOUGH PRODUCTS,27,359.13
GROCERY,REFRGRATD DOUGH PRODUCTS,28,518.49
GROCERY,REFRGRATD DOUGH PRODUCTS,29,559.73
GROCERY,REFRGRATD DOUGH PRODUCTS,30,457.37
GROCERY,REFRGRATD DOUGH PRODUCTS,31,509.19
GROCERY,REFRGRATD DOUGH PRODUCTS,32,532.36
GROCERY,REFRGRATD DOUGH PRODUCTS,33,574.0
GROCERY,REFRGRATD DOUGH PRODUCTS,34,580.84
GROCERY,REFRGRATD DOUGH PRODUCTS,35,735.35
GROCERY,REFRGRATD DOUGH PRODUCTS,36,536.98
GROCERY,REFRGRATD DOUGH PRODUCTS,37,772.6
GROCERY,REFRGRATD DOUGH PRODUCTS,38,795.42
GROCERY,REFRGRATD DOUGH PRODUCTS,39,731.5
GROCERY,REFRGRATD DOUGH PRODUCTS,40,680.76
GROCERY,REFRGRATD DOUGH PRODUCTS,41,539.98
GROCERY,REFRGRATD DOUGH PRODUCTS,42,430.98
GROCERY,REFRGRATD DOUGH PRODUCTS,43,542.0
GROCERY,REFRGRATD DOUGH PRODUCTS,44,490.76
GROCERY,REFRGRATD DOUGH PRODUCTS,45,371.1
GROCERY,REFRGRATD DOUGH PRODUCTS,46,639.21
GROCERY,REFRGRATD DOUGH PRODUCTS,47,443.96
GROCERY,REFRGRATD DOUGH PRODUCTS,48,318.76
GROCERY,REFRGRATD DOUGH PRODUCTS,49,396.7
GROCERY,REFRGRATD DOUGH PRODUCTS,50,570.41
GROCERY,REFRGRATD DOUGH PRODUCTS,51,435.66
GROCERY,REFRGRATD DOUGH PRODUCTS,52,520.59
GROCERY,REFRGRATD DOUGH PRODUCTS,53,491.46
GROCERY,REFRGRATD DOUGH PRODUCTS,54,410.73
GROCERY,REFRGRATD DOUGH PRODUCTS,55,447.1
GROCERY,REFRGRATD DOUGH PRODUCTS,56,427.04
GROCERY,REFRGRATD DOUGH PRODUCTS,57,419.32
GROCERY,REFRGRATD DOUGH PRODUCTS,58,365.42
GROCERY,REFRGRATD DOUGH PRODUCTS,59,386.69
GROCERY,REFRGRATD DOUGH PRODUCTS,60,344.91
GROCERY,REFRGRATD DOUGH PRODUCTS,61,326.53
GROCERY,REFRGRATD DOUGH PRODUCTS,62,268.28
GROCERY,REFRGRATD DOUGH PRODUCTS,63,329.02
GROCERY,REFRGRATD DOUGH PRODUCTS,64,329.89
GROCERY,REFRGRATD DOUGH PRODUCTS,65,355.02
GROCERY,REFRGRATD DOUGH PRODUCTS,66,279.88
GROCERY,REFRGRATD DOUGH PRODUCTS,67,380.17
GROCERY,REFRGRATD DOUGH PRODUCTS,68,369.62
GROCERY,REFRGRATD DOUGH PRODUCTS,69,389.1
GROCERY,REFRGRATD DOUGH PRODUCTS,70,385.55
GROCERY,REFRGRATD DOUGH PRODUCTS,71,385.9
GROCERY,REFRGRATD DOUGH PRODUCTS,72,436.48
GROCERY,REFRGRATD DOUGH PRODUCTS,73,386.28
GROCERY,REFRGRATD DOUGH PRODUCTS,74,401.26
GROCERY,REFRGRATD DOUGH PRODUCTS,75,356.15
GROCERY,REFRGRATD DOUGH PRODUCTS,76,429.04
GROCERY,REFRGRATD DOUGH PRODUCTS,77,403.97
GROCERY,REFRGRATD DOUGH PRODUCTS,78,457.99
GROCERY,REFRGRATD DOUGH PRODUCTS,79,417.89
GROCERY,REFRGRATD DOUGH PRODUCTS,80,443.99
GROCERY,REFRGRATD DOUGH PRODUCTS,81,446.73
GROCERY,REFRGRATD DOUGH PRODUCTS,82,526.26
GROCERY,REFRGRATD DOUGH PRODUCTS,83,542.14
GROCERY,REFRGRATD DOUGH PRODUCTS,84,467.3
GROCERY,REFRGRATD DOUGH PRODUCTS,85,596.12
GROCERY,REFRGRATD DOUGH PRODUCTS,86,546.62
GROCERY,REFRGRATD DOUGH PRODUCTS,87,768.05
GROCERY,REFRGRATD DOUGH PRODUCTS,88,498.17
GROCERY,REFRGRATD DOUGH PRODUCTS,89,694.87
GROCERY,REFRGRATD DOUGH PRODUCTS,90,687.78
GROCERY,REFRGRATD DOUGH PRODUCTS,91,718.25
GROCERY,REFRGRATD DOUGH PRODUCTS,92,702.44
GROCERY,REFRGRATD DOUGH PRODUCTS,93,487.25
GROCERY,REFRGRATD DOUGH PRODUCTS,94,426.27
GROCERY,REFRGRATD DOUGH PRODUCTS,95,497.46
GROCERY,REFRGRATD DOUGH PRODUCTS,96,449.62
GROCERY,REFRGRATD DOUGH PRODUCTS,97,478.77
GROCERY,REFRGRATD DOUGH PRODUCTS,98,611.42
GROCERY,REFRGRATD DOUGH PRODUCTS,99,660.3
GROCERY,REFRGRATD DOUGH PRODUCTS,100,465.91
GROCERY,REFRGRATD DOUGH PRODUCTS,101,437.5
GROCERY,REFRGRATD DOUGH PRODUCTS,102,322.21
GROCERY,REFRGRATD JUICES/DRNKS,1,82.27
GROCERY,REFRGRATD JUICES/DRNKS,2,128.41
GROCERY,REFRGRATD JUICES/DRNKS,3,139.77
GROCERY,REFRGRATD JUICES/DRNKS,4,145.87
GROCERY,REFRGRATD JUICES/DRNKS,5,251.69
GROCERY,REFRGRATD JUICES/DRNKS,6,244.95
GROCERY,REFRGRATD JUICES/DRNKS,7,243.65
GROCERY,REFRGRATD JUICES/DRNKS,8,310.78
GROCERY,REFRGRATD JUICES/DRNKS,9,348.05
GROCERY,REFRGRATD JUICES/DRNKS,10,398.67
GROCERY,REFRGRATD JUICES/DRNKS,11,500.31
GROCERY,REFRGRATD JUICES/DRNKS,12,484.11
GROCERY,REFRGRATD JUICES/DRNKS,13,562.88
GROCERY,REFRGRATD JUICES/DRNKS,14,629.14
GROCERY,REFRGRATD JUICES/DRNKS,15,711.03
GROCERY,REFRGRATD JUICES/DRNKS,16,710.97
GROCERY,REFRGRATD JUICES/DRNKS,17,762.51
GROCERY,REFRGRATD JUICES/DRNKS,18,741.34
GROCERY,REFRGRATD JUICES/DRNKS,19,732.86
GROCERY,REFRGRATD JUICES/DRNKS,20,878.95
GROCERY,REFRGRATD JUICES/DRNKS,21,687.61
GROCERY,REFRGRATD JUICES/DRNKS,22,710.5
GROCERY,REFRGRATD JUICES/DRNKS,23,693.15
GROCERY,REFRGRATD JUICES/DRNKS,24,802.76
GROCERY,REFRGRATD JUICES/DRNKS,25,831.68
GROCERY,REFRGRATD JUICES/DRNKS,26,671.83
GROCERY,REFRGRATD JUICES/DRNKS,27,572.11
GROCERY,REFRGRATD JUICES/DRNKS,28,645.54
GROCERY,REFRGRATD JUICES/DRNKS,29,780.56
GROCERY,REFRGRATD JUICES/DRNKS,30,660.29
GROCERY,REFRGRATD JUICES/DRNKS,31,749.38
GROCERY,REFRGRATD JUICES/DRNKS,32,784.67
GROCERY,REFRGRATD JUICES/DRNKS,33,782.12
GROCERY,REFRGRATD JUICES/DRNKS,34,738.75
GROCERY,REFRGRATD JUICES/DRNKS,35,731.61
GROCERY,REFRGRATD JUICES/DRNKS,36,655.33
GROCERY,REFRGRATD JUICES/DRNKS,37,895.24
GROCERY,REFRGRATD JUICES/DRNKS,38,780.44
GROCERY,REFRGRATD JUICES/DRNKS,39,769.46
GROCERY,REFRGRATD JUICES/DRNKS,40,653.43
GROCERY,REFRGRATD JUICES/DRNKS,41,880.24
GROCERY,REFRGRATD JUICES/DRNKS,42,869.82
GROCERY,REFRGRATD JUICES/DRNKS,43,861.47
GROCERY,REFRGRATD JUICES/DRNKS,44,897.65
GROCERY,REFRGRATD JUICES/DRNKS,45,789.59
GROCERY,REFRGRATD JUICES/DRNKS,46,810.07
GROCERY,REFRGRATD JUICES/DRNKS,47,818.0
GROCERY,REFRGRATD JUICES/DRNKS,48,732.3
GROCERY,REFRGRATD JUICES/DRNKS,49,899.95
GROCERY,REFRGRATD JUICES/DRNKS,50,911.43
GROCERY,REFRGRATD JUICES/DRNKS,51,857.99
GROCERY,REFRGRATD JUICES/DRNKS,52,763.22
GROCERY,REFRGRATD JUICES/DRNKS,53,894.3
GROCERY,REFRGRATD JUICES/DRNKS,54,766.67
GROCERY,REFRGRATD JUICES/DRNKS,55,760.0
GROCERY,REFRGRATD JUICES/DRNKS,56,795.32
GROCERY,REFRGRATD JUICES/DRNKS,57,742.06
GROCERY,REFRGRATD JUICES/DRNKS,58,746.02
GROCERY,REFRGRATD JUICES/DRNKS,59,848.65
GROCERY,REFRGRATD JUICES/DRNKS,60,731.12
GROCERY,REFRGRATD JUICES/DRNKS,61,761.87
GROCERY,REFRGRATD JUICES/DRNKS,62,635.3
GROCERY,REFRGRATD JUICES/DRNKS,63,933.85
GROCERY,REFRGRATD JUICES/DRNKS,64,821.41
GROCERY,REFRGRATD JUICES/DRNKS,65,837.84
GROCERY,REFRGRATD JUICES/DRNKS,66,770.68
GROCERY,REFRGRATD JUICES/DRNKS,67,781.86
GROCERY,REFRGRATD JUICES/DRNKS,68,841.11
GROCERY,REFRGRATD JUICES/DRNKS,69,744.05
GROCERY,REFRGRATD JUICES/DRNKS,70,663.22
GROCERY,REFRGRATD JUICES/DRNKS,71,805.62
GROCERY,REFRGRATD JUICES/DRNKS,72,857.15
GROCERY,REFRGRATD JUICES/DRNKS,73,658.73
GROCERY,REFRGRATD JUICES/DRNKS,74,728.61
GROCERY,REFRGRATD JUICES/DRNKS,75,730.08
GROCERY,REFRGRATD JUICES/DRNKS,76,674.33
GROCERY,REFRGRATD JUICES/DRNKS,77,817.26
GROCERY,REFRGRATD JUICES/DRNKS,78,621.18
GROCERY,REFRGRATD JUICES/DRNKS,79,668.25
GROCERY,REFRGRATD JUICES/DRNKS,80,671.68
GROCERY,REFRGRATD JUICES/DRNKS,81,817.88
GROCERY,REFRGRATD JUICES/DRNKS,82,654.71
GROCERY,REFRGRATD JUICES/DRNKS,83,687.04
GROCERY,REFRGRATD JUICES/DRNKS,84,644.92
GROCERY,REFRGRATD JUICES/DRNKS,85,905.42
GROCERY,REFRGRATD JUICES/DRNKS,86,771.02
GROCERY,REFRGRATD JUICES/DRNKS,87,815.82
GROCERY,REFRGRATD JUICES/DRNKS,88,661.22
GROCERY,REFRGRATD JUICES/DRNKS,89,914.21
GROCERY,REFRGRATD JUICES/DRNKS,90,763.04
GROCERY,REFRGRATD JUICES/DRNKS,91,764.29
GROCERY,REFRGRATD JUICES/DRNKS,92,782.54
GROCERY,REFRGRATD JUICES/DRNKS,93,876.55
GROCERY,REFRGRATD JUICES/DRNKS,94,861.54
GROCERY,REFRGRATD JUICES/DRNKS,95,816.25
GROCERY,REFRGRATD JUICES/DRNKS,96,775.83
GROCERY,REFRGRATD JUICES/DRNKS,97,772.98
GROCERY,REFRGRATD JUICES/DRNKS,98,854.02
GROCERY,REFRGRATD JUICES/DRNKS,99,998.49
GROCERY,REFRGRATD JUICES/DRNKS,100,716.19
GROCERY,REFRGRATD JUICES/DRNKS,101,847.93
GROCERY,REFRGRATD JUICES/DRNKS,102,472.69
GROCERY,YOGURT,1,38.63
GROCERY,YOGURT,2,128.45
GROCERY,YOGURT,3,103.45
GROCERY,YOGURT,4,108.63
GROCERY,YOGURT,5,188.47
GROCERY,YOGURT,6,181.89
GROCERY,YOGURT,7,225.24
GROCERY,YOGURT,8,239.38
GROCERY,YOGURT,9,296.84
GROCERY,YOGURT,10,315.59
GROCERY,YOGURT,11,374.68
GROCERY,YOGURT,12,344.47
GROCERY,YOGURT,13,436.86
GROCERY,YOGURT,14,427.12
GROCERY,YOGURT,15,481.49
GROCERY,YOGURT,16,552.11
GROCERY,YOGURT,17,646.92
GROCERY,YOGURT,18,600.41
GROCERY,YOGURT,19,636.59
GROCERY,YOGURT,20,668.69
GROCERY,YOGURT,21,597.49
GROCERY,YOGURT,22,580.03
GROCERY,YOGURT,23,645.17
GROCERY,YOGURT,24,576.05
GROCERY,YOGURT,25,635.23
GROCERY,YOGURT,26,563.88
GROCERY,YOGURT,27,540.94
GROCERY,YOGURT,28,612.14
GROCERY,YOGURT,29,621.27
GROCERY,YOGURT,30,594.91
GROCERY,YOGURT,31,528.34
GROCERY,YOGURT,32,551.57
GROCERY,YOGURT,33,620.7
GROCERY,YOGURT,34,528.05
GROCERY,YOGURT,35,556.2
GROCERY,YOGURT,36,449.51
GROCERY,YOGURT,37,760.93
GROCERY,YOGURT,38,518.57
GROCERY,YOGURT,39,413.15
GROCERY,YOGURT,40,374.42
GROCERY,YOGURT,41,562.96
GROCERY,YOGURT,42,675.83
GROCERY,YOGURT,43,718.6
GROCERY,YOGURT,44,677.3
GROCERY,YOGURT,45,711.96
GROCERY,YOGURT,46,721.03
GROCERY,YOGURT,47,661.23
GROCERY,YOGURT,48,659.92
GROCERY,YOGURT,49,819.81
GROCERY,YOGURT,50,796.19
GROCERY,YOGURT,51,707.66
GROCERY,YOGURT,52,718.27
GROCERY,YOGURT,53,731.81
GROCERY,YOGURT,54,823.79
GROCERY,YOGURT,55,727.76
GROCERY,YOGURT,56,631.29
GROCERY,YOGURT,57,729.28
GROCERY,YOGURT,58,675.84
GROCERY,YOGURT,59,803.6
GROCERY,YOGURT,60,607.12
GROCERY,YOGURT,61,674.71
GROCERY,YOGURT,62,565.23
GROCERY,YOGURT,63,773.6
GROCERY,YOGURT,64,644.31
GROCERY,YOGURT,65,666.44
GROCERY,YOGURT,66,564.41
GROCERY,YOGURT,67,548.82
GROCERY,YOGURT,68,718.87
GROCERY,YOGURT,69,679.02
GROCERY,YOGURT,70,565.45
GROCERY,YOGURT,71,648.67
GROCERY,YOGURT,72,695.9
GROCERY,YOGURT,73,745.02
GROCERY,YOGURT,74,686.36
GROCERY,YOGURT,75,643.05
GROCERY,YOGURT,76,624.0
GROCERY,YOGURT,77,714.44
GROCERY,YOGURT,78,627.14
GROCERY,YOGURT,79,562.02
GROCERY,YOGURT,80,728.16
GROCERY,YOGURT,81,784.61
GROCERY,YOGURT,82,645.0
GROCERY,YOGURT,83,647.35
GROCERY,YOGURT,84,534.19
GROCERY,YOGURT,85,645.11
GROCERY,YOGURT,86,687.57
GROCERY,YOGURT,87,566.75
GROCERY,YOGURT,88,436.64
GROCERY,YOGURT,89,738.69
GROCERY,YOGURT,90,538.92
GROCERY,YOGURT,91,470.03
GROCERY,YOGURT,92,379.3
GROCERY,YOGURT,93,658.5
GROCERY,YOGURT,94,719.99
GROCERY,YOGURT,95,758.24
GROCERY,YOGURT,96,694.24
GROCERY,YOGURT,97,632.01
GROCERY,YOGURT,98,779.39
GROCERY,YOGURT,99,872.22
GROCERY,YOGURT,100,590.6
GROCERY,YOGURT,101,714.48
GROCERY,YOGURT,102,346.06
MEAT,(CORP USE ONLY),2,0.95
MEAT,(CORP USE ONLY),7,1.84
MEAT,(CORP USE ONLY),8,1.06
MEAT,(CORP USE ONLY),10,2.34
MEAT,(CORP USE ONLY),11,4.0
MEAT,(CORP USE ONLY),12,1.32
MEAT,(CORP USE ONLY),14,3.21
MEAT,(CORP USE ONLY),16,1.29
MEAT,(CORP USE ONLY),19,1.33
MEAT,(CORP USE ONLY),24,3.0
MEAT,(CORP USE ONLY),26,1.43
MEAT,(CORP USE ONLY),29,3.04
MEAT,(CORP USE ONLY),30,4.55
MEAT,(CORP USE ONLY),31,14.19
MEAT,(CORP USE ONLY),33,13.43
MEAT,(CORP USE ONLY),34,1.2
MEAT,(CORP USE ONLY),38,5.61
MEAT,(CORP USE ONLY),39,3.81
MEAT,(CORP USE ONLY),40,15.23
MEAT,(CORP USE ONLY),41,15.51
MEAT,(CORP USE ONLY),42,4.9
MEAT,(CORP USE ONLY),44,5.68
MEAT,(CORP USE ONLY),50,15.34
MEAT,(CORP USE ONLY),52,4.67
MEAT,(CORP USE ONLY),53,0.72
MEAT,(CORP USE ONLY),56,4.38
MEAT,(CORP USE ONLY),62,7.33
MEAT,(CORP USE ONLY),63,2.97
MEAT,(CORP USE ONLY),66,3.02
MEAT,(CORP USE ONLY),68,1.38
MEAT,(CORP USE ONLY),69,3.95
MEAT,(CORP USE ONLY),70,12.3
MEAT,(CORP USE ONLY),72,6.1
MEAT,(CORP USE ONLY),74,6.82
MEAT,(CORP USE ONLY),77,8.67
MEAT,(CORP USE ONLY),78,3.89
MEAT,(CORP USE ONLY),79,19.96
MEAT,(CORP USE ONLY),83,3.96
MEAT,(CORP USE ONLY),85,5.86
MEAT,(CORP USE ONLY),87,23.8
MEAT,(CORP USE ONLY),90,1.35
MEAT,(CORP USE ONLY),91,8.34
MEAT,(CORP USE ONLY),92,3.26
MEAT,(CORP USE ONLY),94,2.03
MEAT,(CORP USE ONLY),95,6.01
MEAT,(CORP USE ONLY),99,16.68
MEAT,(CORP USE ONLY),102,1.69
MEAT,BACON,65,0.3
MEAT,BEEF,1,267.56
MEAT,BEEF,2,476.3
MEAT,BEEF,3,611.78
MEAT,BEEF,4,728.57
MEAT,BEEF,5,941.09
MEAT,BEEF,6,1400.61
MEAT,BEEF,7,1565.63
MEAT,BEEF,8,1313.36
MEAT,BEEF,9,1572.37
MEAT,BEEF,10,2644.31
MEAT,BEEF,11,2344.21
MEAT,BEEF,12,2130.32
MEAT,BEEF,13,2455.29
MEAT,BEEF,14,2478.55
MEAT,BEEF,15,3851.03
MEAT,BEEF,16,3015.54
MEAT,BEEF,17,3164.53
MEAT,BEEF,18,2823.07
MEAT,BEEF,19,3121.06
MEAT,BEEF,20,3367.95
MEAT,BEEF,21,3116.13
MEAT,BEEF,22,2917.93
MEAT,BEEF,23,3067.91
MEAT,BEEF,24,4239.88
MEAT,BEEF,25,3311.44
MEAT,BEEF,26,3127.31
MEAT,BEEF,27,3107.73
MEAT,BEEF,28,4130.85
MEAT,BEEF,29,3497.94
MEAT,BEEF,30,3303.07
MEAT,BEEF,31,2902.27
MEAT,BEEF,32,3083.82
MEAT,BEEF,33,3656.91
MEAT,BEEF,34,3047.24
MEAT,BEEF,35,2869.76
MEAT,BEEF,36,2067.77
MEAT,BEEF,37,3730.62
MEAT,BEEF,38,3118.49
MEAT,BEEF,39,2621.57
MEAT,BEEF,40,2823.12
MEAT,BEEF,41,3242.27
MEAT,BEEF,42,3540.68
MEAT,BEEF,43,3393.39
MEAT,BEEF,44,2892.74
MEAT,BEEF,45,3007.49
MEAT,BEEF,46,3886.47
MEAT,BEEF,47,3484.31
MEAT,BEEF,48,3339.74
MEAT,BEEF,49,3319.68
MEAT,BEEF,50,3566.02
MEAT,BEEF,51,3452.06
MEAT,BEEF,52,3322.91
MEAT,BEEF,53,3183.32
MEAT,BEEF,54,3841.01
MEAT,BEEF,55,3310.82
MEAT,BEEF,56,3376.31
MEAT,BEEF,57,3149.0
MEAT,BEEF,58,3702.13
MEAT,BEEF,59,4107.21
MEAT,BEEF,60,3491.27
MEAT,BEEF,61,3702.87
MEAT,BEEF,62,4043.24
MEAT,BEEF,63,3523.82
MEAT,BEEF,64,3960.89
MEAT,BEEF,65,3214.35
MEAT,BEEF,66,2957.38
MEAT,BEEF,67,4737.85
MEAT,BEEF,68,3663.29
MEAT,BEEF,69,2692.95
MEAT,BEEF,70,3334.11
MEAT,BEEF,71,3082.35
MEAT,BEEF,72,4342.4
MEAT,BEEF,73,3339.96
MEAT,BEEF,74,3287.29
MEAT,BEEF,75,2780.6
MEAT,BEEF,76,4143.69
MEAT,BEEF,77,3655.28
MEAT,BEEF,78,3283.78
MEAT,BEEF,79,2657.92
MEAT,BEEF,80,3390.45
MEAT,BEEF,81,3594.27
MEAT,BEEF,82,3004.45
MEAT,BEEF,83,3046.14
MEAT,BEEF,84,2782.75
MEAT,BEEF,85,4104.65
MEAT,BEEF,86,3061.65
MEAT,BEEF,87,2986.32
MEAT,BEEF,88,2210.31
MEAT,BEEF,89,3545.55
MEAT,BEEF,90,3279.05
MEAT,BEEF,91,2685.06
MEAT,BEEF,92,3342.63
MEAT,BEEF,93,3105.33
MEAT,BEEF,94,3912.88
MEAT,BEEF,95,3306.5
MEAT,BEEF,96,3247.57
MEAT,BEEF,97,2930.78
MEAT,BEEF,98,4157.07
MEAT,BEEF,99,4210.03
MEAT,BEEF,100,2898.95
MEAT,BEEF,101,2770.91
MEAT,BEEF,102,1502.18
MEAT,CHICKEN,1,81.38
MEAT,CHICKEN,2,242.02
MEAT,CHICKEN,3,184.14
MEAT,CHICKEN,4,287.66
MEAT,CHICKEN,5,378.95
MEAT,CHICKEN,6,270.19
MEAT,CHICKEN,7,331.49
MEAT,CHICKEN,8,403.1
MEAT,CHICKEN,9,543.16
MEAT,CHICKEN,10,767.6
MEAT,CHICKEN,11,687.0
MEAT,CHICKEN,12,643.01
MEAT,CHICKEN,13,572.19
MEAT,CHICKEN,14,863.44
MEAT,CHICKEN,15,1143.38
MEAT,CHICKEN,16,893.43
MEAT,CHICKEN,17,1154.63
MEAT,CHICKEN,18,1110.17
MEAT,CHICKEN,19,917.37
MEAT,CHICKEN,20,1019.91
MEAT,CHICKEN,21,905.5
MEAT,CHICKEN,22,1007.83
MEAT,CHICKEN,23,978.24
MEAT,CHICKEN,24,1317.0
MEAT,CHICKEN,25,982.25
MEAT,CHICKEN,26,1039.6
MEAT,CHICKEN,27,1175.11
MEAT,CHICKEN,28,1203.82
MEAT,CHICKEN,29,1120.15
MEAT,CHICKEN,30,935.48
MEAT,CHICKEN,31,1015.86
MEAT,CHICKEN,32,953.4
MEAT,CHICKEN,33,1107.47
MEAT,CHICKEN,34,812.62
MEAT,CHICKEN,35,814.38
MEAT,CHICKEN,36,605.92
MEAT,CHICKEN,37,1106.31
MEAT,CHICKEN,38,886.37
MEAT,CHICKEN,39,715.98
MEAT,CHICKEN,40,767.55
MEAT,CHICKEN,41,1140.34
MEAT,CHICKEN,42,1028.36
MEAT,CHICKEN,43,1183.76
MEAT,CHICKEN,44,1005.09
MEAT,CHICKEN,45,1141.0
MEAT,CHICKEN,46,1270.26
MEAT,CHICKEN,47,1216.62
MEAT,CHICKEN,48,923.68
MEAT,CHICKEN,49,1091.87
MEAT,CHICKEN,50,1241.57
MEAT,CHICKEN,51,1075.41
MEAT,CHICKEN,52,1074.68
MEAT,CHICKEN,53,857.28
MEAT,CHICKEN,54,1048.35
MEAT,CHICKEN,55,784.86
MEAT,CHICKEN,56,894.4
MEAT,CHICKEN,57,1021.51
MEAT,CHICKEN,58,1080.53
MEAT,CHICKEN,59,1198.97
MEAT,CHICKEN,60,1175.04
MEAT,CHICKEN,61,1052.22
MEAT,CHICKEN,62,1090.27
MEAT,CHICKEN,63,1069.58
MEAT,CHICKEN,64,1067.97
MEAT,CHICKEN,65,1001.66
MEAT,CHICKEN,66,857.03
MEAT,CHICKEN,67,1176.98
MEAT,CHICKEN,68,1204.4
MEAT,CHICKEN,69,1007.82
MEAT,CHICKEN,70,959.45
MEAT,CHICKEN,71,841.97
MEAT,CHICKEN,72,1077.09
MEAT,CHICKEN,73,921.67
MEAT,CHICKEN,74,797.76
MEAT,CHICKEN,75,961.44
MEAT,CHICKEN,76,1279.95
MEAT,CHICKEN,77,879.3
MEAT,CHICKEN,78,949.56
MEAT,CHICKEN,79,1274.67
MEAT,CHICKEN,80,1108.59
MEAT,CHICKEN,81,1041.95
MEAT,CHICKEN,82,762.18
MEAT,CHICKEN,83,1013.33
MEAT,CHICKEN,84,824.89
MEAT,CHICKEN,85,1199.89
MEAT,CHICKEN,86,656.39
MEAT,CHICKEN,87,810.65
MEAT,CHICKEN,88,690.65
MEAT,CHICKEN,89,1139.2
MEAT,CHICKEN,90,1019.18
MEAT,CHICKEN,91,937.03
MEAT,CHICKEN,92,549.77
MEAT,CHICKEN,93,884.59
MEAT,CHICKEN,94,958.87
MEAT,CHICKEN,95,1011.22
MEAT,CHICKEN,96,1104.57
MEAT,CHICKEN,97,1041.47
MEAT,CHICKEN,98,1231.52
MEAT,CHICKEN,99,1022.38
MEAT,CHICKEN,100,937.89
MEAT,CHICKEN,101,1065.61
MEAT,CHICKEN,102,461.6
MEAT,EXOTIC GAME/FOWL,5,13.96
MEAT,EXOTIC GAME/FOWL,7,6.65
MEAT,EXOTIC GAME/FOWL,12,11.94
MEAT,EXOTIC GAME/FOWL,17,5.99
MEAT,EXOTIC GAME/FOWL,19,6.89
MEAT,EXOTIC GAME/FOWL,20,5.43
MEAT,EXOTIC GAME/FOWL,22,12.08
MEAT,EXOTIC GAME/FOWL,24,9.98
MEAT,EXOTIC GAME/FOWL,27,12.98
MEAT,EXOTIC GAME/FOWL,28,6.59
MEAT,EXOTIC GAME/FOWL,29,6.99
MEAT,EXOTIC GAME/FOWL,30,4.71
MEAT,EXOTIC GAME/FOWL,31,25.17
MEAT,EXOTIC GAME/FOWL,33,39.27
MEAT,EXOTIC GAME/FOWL,34,39.92
MEAT,EXOTIC GAME/FOWL,35,29.94
MEAT,EXOTIC GAME/FOWL,36,28.13
MEAT,EXOTIC GAME/FOWL,37,49.37
MEAT,EXOTIC GAME/FOWL,38,30.41
MEAT,EXOTIC GAME/FOWL,39,24.95
MEAT,EXOTIC GAME/FOWL,40,26.65
MEAT,EXOTIC GAME/FOWL,41,27.79
MEAT,EXOTIC GAME/FOWL,42,12.42
MEAT,EXOTIC GAME/FOWL,44,13.46
MEAT,EXOTIC GAME/FOWL,45,13.92
MEAT,EXOTIC GAME/FOWL,46,14.4
MEAT,EXOTIC GAME/FOWL,47,13.97
MEAT,EXOTIC GAME/FOWL,48,2.59
MEAT,EXOTIC GAME/FOWL,49,7.48
MEAT,EXOTIC GAME/FOWL,50,24.07
MEAT,EXOTIC GAME/FOWL,53,28.86
MEAT,EXOTIC GAME/FOWL,56,22.29
MEAT,EXOTIC GAME/FOWL,58,15.48
MEAT,EXOTIC GAME/FOWL,60,6.99
MEAT,EXOTIC GAME/FOWL,61,20.99
MEAT,EXOTIC GAME/FOWL,65,7.76
MEAT,EXOTIC GAME/FOWL,66,14.21
MEAT,EXOTIC GAME/FOWL,67,3.5
MEAT,EXOTIC GAME/FOWL,68,11.98
MEAT,EXOTIC GAME/FOWL,69,6.36
MEAT,EXOTIC GAME/FOWL,70,10.49
MEAT,EXOTIC GAME/FOWL,71,14.58
MEAT,EXOTIC GAME/FOWL,72,12.73
MEAT,EXOTIC GAME/FOWL,74,5.25
MEAT,EXOTIC GAME/FOWL,75,5.32
MEAT,EXOTIC GAME/FOWL,78,50.99
MEAT,EXOTIC GAME/FOWL,79,5.49
MEAT,EXOTIC GAME/FOWL,80,10.98
MEAT,EXOTIC GAME/FOWL,81,36.06
MEAT,EXOTIC GAME/FOWL,82,13.98
MEAT,EXOTIC GAME/FOWL,83,2.99
MEAT,EXOTIC GAME/FOWL,84,6.99
MEAT,EXOTIC GAME/FOWL,85,42.07
MEAT,EXOTIC GAME/FOWL,86,24.95
MEAT,EXOTIC GAME/FOWL,87,62.77
MEAT,EXOTIC GAME/FOWL,88,96.17
MEAT,EXOTIC GAME/FOWL,89,48.41
MEAT,EXOTIC GAME/FOWL,90,9.98
MEAT,EXOTIC GAME/FOWL,91,14.97
MEAT,EXOTIC GAME/FOWL,92,119.57
MEAT,EXOTIC GAME/FOWL,93,19.96
MEAT,EXOTIC GAME/FOWL,94,20.22
MEAT,EXOTIC GAME/FOWL,95,17.77
MEAT,EXOTIC GAME/FOWL,96,9.98
MEAT,EXOTIC GAME/FOWL,98,21.58
MEAT,EXOTIC GAME/FOWL,99,7.14
MEAT,EXOTIC GAME/FOWL,100,26.26
MEAT,EXOTIC GAME/FOWL,101,2.99
MEAT,LAMB,1,2.0
MEAT,LAMB,2,1.56
MEAT,LAMB,3,7.79
MEAT,LAMB,4,18.06
MEAT,LAMB,9,9.15
MEAT,LAMB,10,7.36
MEAT,LAMB,11,6.21
MEAT,LAMB,12,3.04
MEAT,LAMB,13,10.48
MEAT,LAMB,14,4.8
MEAT,LAMB,15,14.84
MEAT,LAMB,16,20.56
MEAT,LAMB,17,8.31
MEAT,LAMB,18,28.99
MEAT,LAMB,20,26.79
MEAT,LAMB,21,21.02
MEAT,LAMB,24,10.23
MEAT,LAMB,25,12.52
MEAT,LAMB,26,2.33
MEAT,LAMB,27,17.28
MEAT,LAMB,30,5.32
MEAT,LAMB,31,8.25
MEAT,LAMB,32,11.23
MEAT,LAMB,33,6.87
MEAT,LAMB,34,4.85
MEAT,LAMB,36,1.15
MEAT,LAMB,37,2.89
MEAT,LAMB,38,18.03
MEAT,LAMB,40,21.4
MEAT,LAMB,41,29.58
MEAT,LAMB,42,2.44
MEAT,LAMB,43,5.52
MEAT,LAMB,44,12.87
MEAT,LAMB,45,15.15
MEAT,LAMB,47,35.59
MEAT,LAMB,48,37.92
MEAT,LAMB,50,38.34
MEAT,LAMB,51,6.94
MEAT,LAMB,52,10.92
MEAT,LAMB,53,6.61
MEAT,LAMB,54,18.36
MEAT,LAMB,55,31.01
MEAT,LAMB,56,59.81
MEAT,LAMB,57,36.23
MEAT,LAMB,58,24.75
MEAT,LAMB,59,6.69
MEAT,LAMB,61,5.84
MEAT,LAMB,62,26.79
MEAT,LAMB,63,20.07
MEAT,LAMB,64,25.73
MEAT,LAMB,65,33.95
MEAT,LAMB,66,19.09
MEAT,LAMB,67,6.92
MEAT,LAMB,68,9.63
MEAT,LAMB,71,28.04
MEAT,LAMB,73,10.64
MEAT,LAMB,75,8.85
MEAT,LAMB,76,15.07
MEAT,LAMB,77,4.45
MEAT,LAMB,78,2.72
MEAT,LAMB,79,22.51
MEAT,LAMB,80,29.13
MEAT,LAMB,81,11.52
MEAT,LAMB,82,18.38
MEAT,LAMB,83,4.27
MEAT,LAMB,84,6.24
MEAT,LAMB,85,42.55
MEAT,LAMB,86,47.41
MEAT,LAMB,87,28.4
MEAT,LAMB,88,6.96
MEAT,LAMB,89,3.23
MEAT,LAMB,90,10.68
MEAT,LAMB,91,29.38
MEAT,LAMB,92,1.67
MEAT,LAMB,94,36.64
MEAT,LAMB,96,24.69
MEAT,LAMB,97,6.49
MEAT,LAMB,98,2.85
MEAT,LAMB,99,54.35
MEAT,LAMB,100,10.25
MEAT,LUNCHMEAT,91,2.2
MEAT,MEAT - MISC,10,1.54
MEAT,MEAT - MISC,35,1.48
MEAT,MEAT - MISC,46,2.95
MEAT,MEAT - MISC,52,1.9
MEAT,MEAT - MISC,54,1.52
MEAT,MEAT - MISC,55,1.51
MEAT,MEAT - MISC,58,18.35
MEAT,MEAT - MISC,59,4.73
MEAT,MEAT - MISC,60,3.1
MEAT,MEAT - MISC,63,2.48
MEAT,MEAT - MISC,69,3.12
MEAT,MEAT SUPPLIES,19,5.12
MEAT,MEAT SUPPLIES,24,1.5
MEAT,MEAT SUPPLIES,37,7.99
MEAT,MEAT SUPPLIES,42,2.41
MEAT,MEAT SUPPLIES,44,4.49
MEAT,MEAT SUPPLIES,46,3.14
MEAT,MEAT SUPPLIES,47,9.94
MEAT,MEAT SUPPLIES,49,4.21
MEAT,MEAT SUPPLIES,55,12.14
MEAT,MEAT SUPPLIES,56,4.94
MEAT,MEAT SUPPLIES,69,1.0
MEAT,MEAT SUPPLIES,77,3.6
MEAT,MEAT SUPPLIES,78,5.37
MEAT,MEAT SUPPLIES,82,5.79
MEAT,MISCELLANEOUS,74,0.95
MEAT,PORK,1,53.38
MEAT,PORK,2,163.72
MEAT,PORK,3,173.73
MEAT,PORK,4,206.46
MEAT,PORK,5,178.75
MEAT,PORK,6,339.21
MEAT,PORK,7,381.18
MEAT,PORK,8,387.0
MEAT,PORK,9,371.62
MEAT,PORK,10,485.33
MEAT,PORK,11,638.9
MEAT,PORK,12,787.28
MEAT,PORK,13,738.68
MEAT,PORK,14,627.12
MEAT,PORK,15,1033.71
MEAT,PORK,16,1044.62
MEAT,PORK,17,1116.08
MEAT,PORK,18,654.58
MEAT,PORK,19,1092.66
MEAT,PORK,20,1000.47
MEAT,PORK,21,1137.86
MEAT,PORK,22,891.8
MEAT,PORK,23,913.52
MEAT,PORK,24,1406.58
MEAT,PORK,25,1137.05
MEAT,PORK,26,961.8
MEAT,PORK,27,846.38
MEAT,PORK,28,1120.81
MEAT,PORK,29,902.62
MEAT,PORK,30,825.78
MEAT,PORK,31,831.86
MEAT,PORK,32,838.93
MEAT,PORK,33,1049.37
MEAT,PORK,34,782.2
MEAT,PORK,35,633.05
MEAT,PORK,36,673.05
MEAT,PORK,37,1320.73
MEAT,PORK,38,839.88
MEAT,PORK,39,637.66
MEAT,PORK,40,655.31
MEAT,PORK,41,1527.25
MEAT,PORK,42,1221.99
MEAT,PORK,43,840.61
MEAT,PORK,44,999.7
MEAT,PORK,45,848.77
MEAT,PORK,46,1259.6
MEAT,PORK,47,1010.12
MEAT,PORK,48,966.98
MEAT,PORK,49,834.81
MEAT,PORK,50,1073.94
MEAT,PORK,51,823.68
MEAT,PORK,52,1000.39
MEAT,PORK,53,936.99
MEAT,PORK,54,927.82
MEAT,PORK,55,937.21
MEAT,PORK,56,734.44
MEAT,PORK,57,792.62
MEAT,PORK,58,871.55
MEAT,PORK,59,1187.91
MEAT,PORK,60,1040.2
MEAT,PORK,61,1140.82
MEAT,PORK,62,1040.64
MEAT,PORK,63,1343.51
MEAT,PORK,64,1025.82
MEAT,PORK,65,808.2
MEAT,PORK,66,925.16
MEAT,PORK,67,1118.29
MEAT,PORK,68,1076.24
MEAT,PORK,69,941.92
MEAT,PORK,70,1029.42
MEAT,PORK,71,1048.1
MEAT,PORK,72,1384.68
MEAT,PORK,73,774.44
MEAT,PORK,74,771.98
MEAT,PORK,75,954.66
MEAT,PORK,76,1276.07
MEAT,PORK,77,1004.14
MEAT,PORK,78,833.62
MEAT,PORK,79,996.4
MEAT,PORK,80,1009.67
MEAT,PORK,81,1235.2
MEAT,PORK,82,820.65
MEAT,PORK,83,929.13
MEAT,PORK,84,911.41
MEAT,PORK,85,986.28
MEAT,PORK,86,906.53
MEAT,PORK,87,597.39
MEAT,PORK,88,504.03
MEAT,PORK,89,1156.66
MEAT,PORK,90,824.99
MEAT,PORK,91,697.07
MEAT,PORK,92,608.73
MEAT,PORK,93,1521.81
MEAT,PORK,94,1129.1
MEAT,PORK,95,850.44
MEAT,PORK,96,957.89
MEAT,PORK,97,711.3
MEAT,PORK,98,1407.21
MEAT,PORK,99,1070.64
MEAT,PORK,100,647.56
MEAT,PORK,101,879.97
MEAT,PORK,102,688.29
MEAT,RW FRESH PROCESSED MEAT,9,3.2
MEAT,RW FRESH PROCESSED MEAT,14,0.59
MEAT,RW FRESH PROCESSED MEAT,15,6.54
MEAT,RW FRESH PROCESSED MEAT,16,1.62
MEAT,RW FRESH PROCESSED MEAT,22,2.09
MEAT,RW FRESH PROCESSED MEAT,23,1.3
MEAT,RW FRESH PROCESSED MEAT,37,1.51
MEAT,RW FRESH PROCESSED MEAT,40,1.42
MEAT,RW FRESH PROCESSED MEAT,41,1.56
MEAT,RW FRESH PROCESSED MEAT,42,3.14
MEAT,RW FRESH PROCESSED MEAT,44,1.59
MEAT,RW FRESH PROCESSED MEAT,45,1.35
MEAT,RW FRESH PROCESSED MEAT,46,1.69
MEAT,RW FRESH PROCESSED MEAT,48,1.57
MEAT,RW FRESH PROCESSED MEAT,52,2.18
MEAT,RW FRESH PROCESSED MEAT,53,1.46
MEAT,RW FRESH PROCESSED MEAT,58,1.18
MEAT,RW FRESH PROCESSED MEAT,59,0.0
MEAT,RW FRESH PROCESSED MEAT,65,1.64
MEAT,RW FRESH PROCESSED MEAT,72,3.54
MEAT,RW FRESH PROCESSED MEAT,76,3.18
MEAT,RW FRESH PROCESSED MEAT,79,1.56
MEAT,RW FRESH PROCESSED MEAT,80,2.85
MEAT,RW FRESH PROCESSED MEAT,81,2.35
MEAT,RW FRESH PROCESSED MEAT,93,2.52
MEAT,RW FRESH PROCESSED MEAT,94,4.83
MEAT,RW FRESH PROCESSED MEAT,97,2.31
MEAT,SMOKED MEATS,1,91.45
MEAT,SMOKED MEATS,2,25.13
MEAT,SMOKED MEATS,3,21.55
MEAT,SMOKED MEATS,4,15.97
MEAT,SMOKED MEATS,5,46.46
MEAT,SMOKED MEATS,6,31.4
MEAT,SMOKED MEATS,7,119.66
MEAT,SMOKED MEATS,8,84.05
MEAT,SMOKED MEATS,9,50.18
MEAT,SMOKED MEATS,10,73.32
MEAT,SMOKED MEATS,11,72.25
MEAT,SMOKED MEATS,12,127.47
MEAT,SMOKED MEATS,13,96.32
MEAT,SMOKED MEATS,14,181.81
MEAT,SMOKED MEATS,15,187.59
MEAT,SMOKED MEATS,16,170.51
MEAT,SMOKED MEATS,17,84.27
MEAT,SMOKED MEATS,18,214.51
MEAT,SMOKED MEATS,19,265.2
MEAT,SMOKED MEATS,20,256.36
MEAT,SMOKED MEATS,21,184.89
MEAT,SMOKED MEATS,22,207.24
MEAT,SMOKED MEATS,23,119.78
MEAT,SMOKED MEATS,24,183.85
MEAT,SMOKED MEATS,25,147.74
MEAT,SMOKED MEATS,26,138.18
MEAT,SMOKED MEATS,27,119.5
MEAT,SMOKED MEATS,28,219.13
MEAT,SMOKED MEATS,29,356.7
MEAT,SMOKED MEATS,30,132.16
MEAT,SMOKED MEATS,31,190.66
MEAT,SMOKED MEATS,32,233.47
MEAT,SMOKED MEATS,33,273.04
MEAT,SMOKED MEATS,34,555.06
MEAT,SMOKED MEATS,35,948.7
MEAT,SMOKED MEATS,36,561.68
MEAT,SMOKED MEATS,37,469.93
MEAT,SMOKED MEATS,38,418.83
MEAT,SMOKED MEATS,39,869.45
MEAT,SMOKED MEATS,40,1231.8
MEAT,SMOKED MEATS,41,258.84
MEAT,SMOKED MEATS,42,149.94
MEAT,SMOKED MEATS,43,154.0
MEAT,SMOKED MEATS,44,139.51
MEAT,SMOKED MEATS,45,206.13
MEAT,SMOKED MEATS,46,164.12
MEAT,SMOKED MEATS,47,118.55
MEAT,SMOKED MEATS,48,154.17
MEAT,SMOKED MEATS,49,128.01
MEAT,SMOKED MEATS,50,198.82
MEAT,SMOKED MEATS,51,122.98
MEAT,SMOKED MEATS,52,182.64
MEAT,SMOKED MEATS,53,234.24
MEAT,SMOKED MEATS,54,182.15
MEAT,SMOKED MEATS,55,601.42
MEAT,SMOKED MEATS,56,1215.02
MEAT,SMOKED MEATS,57,137.36
MEAT,SMOKED MEATS,58,173.26
MEAT,SMOKED MEATS,59,191.23
MEAT,SMOKED MEATS,60,183.05
MEAT,SMOKED MEATS,61,141.87
MEAT,SMOKED MEATS,62,101.39
MEAT,SMOKED MEATS,63,181.57
MEAT,SMOKED MEATS,64,149.96
MEAT,SMOKED MEATS,65,155.63
MEAT,SMOKED MEATS,66,153.45
MEAT,SMOKED MEATS,67,145.9
MEAT,SMOKED MEATS,68,222.75
MEAT,SMOKED MEATS,69,149.42
MEAT,SMOKED MEATS,70,258.11
MEAT,SMOKED MEATS,71,245.46
MEAT,SMOKED MEATS,72,252.76
MEAT,SMOKED MEATS,73,102.85
MEAT,SMOKED MEATS,74,186.7
MEAT,SMOKED MEATS,75,131.31
MEAT,SMOKED MEATS,76,160.41
MEAT,SMOKED MEATS,77,185.24
MEAT,SMOKED MEATS,78,169.77
MEAT,SMOKED MEATS,79,132.7
MEAT,SMOKED MEATS,80,238.96
MEAT,SMOKED MEATS,81,285.87
MEAT,SMOKED MEATS,82,219.29
MEAT,SMOKED MEATS,83,232.96
MEAT,SMOKED MEATS,84,300.38
MEAT,SMOKED MEATS,85,557.55
MEAT,SMOKED MEATS,86,516.31
MEAT,SMOKED MEATS,87,932.93
MEAT,SMOKED MEATS,88,488.92
MEAT,SMOKED MEATS,89,554.15
MEAT,SMOKED MEATS,90,628.49
MEAT,SMOKED MEATS,91,876.29
MEAT,SMOKED MEATS,92,1343.9
MEAT,SMOKED MEATS,93,289.94
MEAT,SMOKED MEATS,94,236.43
MEAT,SMOKED MEATS,95,151.54
MEAT,SMOKED MEATS,96,246.34
MEAT,SMOKED MEATS,97,200.12
MEAT,SMOKED MEATS,98,292.57
MEAT,SMOKED MEATS,99,221.13
MEAT,SMOKED MEATS,100,117.34
MEAT,SMOKED MEATS,101,200.31
MEAT,SMOKED MEATS,102,94.56
MEAT,TURKEY,1,12.52
MEAT,TURKEY,2,16.22
MEAT,TURKEY,3,18.79
MEAT,TURKEY,4,19.41
MEAT,TURKEY,5,53.2
MEAT,TURKEY,6,29.99
MEAT,TURKEY,7,16.25
MEAT,TURKEY,8,41.95
MEAT,TURKEY,9,36.2
MEAT,TURKEY,10,58.46
MEAT,TURKEY,11,83.15
MEAT,TURKEY,12,50.45
MEAT,TURKEY,13,55.51
MEAT,TURKEY,14,64.53
MEAT,TURKEY,15,61.6
MEAT,TURKEY,16,188.31
MEAT,TURKEY,17,84.05
MEAT,TURKEY,18,75.06
MEAT,TURKEY,19,71.83
MEAT,TURKEY,20,55.92
MEAT,TURKEY,21,103.99
MEAT,TURKEY,22,77.63
MEAT,TURKEY,23,122.9
MEAT,TURKEY,24,96.39
MEAT,TURKEY,25,87.2
MEAT,TURKEY,26,69.78
MEAT,TURKEY,27,171.67
MEAT,TURKEY,28,171.83
MEAT,TURKEY,29,155.64
MEAT,TURKEY,30,175.19
MEAT,TURKEY,31,86.89
MEAT,TURKEY,32,433.52
MEAT,TURKEY,33,635.25
MEAT,TURKEY,34,459.3
MEAT,TURKEY,35,2646.07
MEAT,TURKEY,36,688.32
MEAT,TURKEY,37,191.58
MEAT,TURKEY,38,104.7
MEAT,TURKEY,39,515.21
MEAT,TURKEY,40,528.35
MEAT,TURKEY,41,115.05
MEAT,TURKEY,42,141.4
MEAT,TURKEY,43,200.55
MEAT,TURKEY,44,61.48
MEAT,TURKEY,45,137.1
MEAT,TURKEY,46,71.8
MEAT,TURKEY,47,83.45
MEAT,TURKEY,48,110.43
MEAT,TURKEY,49,191.24
MEAT,TURKEY,50,98.53
MEAT,TURKEY,51,135.13
MEAT,TURKEY,52,74.38
MEAT,TURKEY,53,84.26
MEAT,TURKEY,54,127.0
MEAT,TURKEY,55,114.88
MEAT,TURKEY,56,231.9
MEAT,TURKEY,57,112.43
MEAT,TURKEY,58,54.17
MEAT,TURKEY,59,136.95
MEAT,TURKEY,60,111.8
MEAT,TURKEY,61,98.55
MEAT,TURKEY,62,94.21
MEAT,TURKEY,63,117.26
MEAT,TURKEY,64,98.81
MEAT,TURKEY,65,79.53
MEAT,TURKEY,66,112.67
MEAT,TURKEY,67,98.12
MEAT,TURKEY,68,105.36
MEAT,TURKEY,69,52.47
MEAT,TURKEY,70,58.04
MEAT,TURKEY,71,145.05
MEAT,TURKEY,72,89.76
MEAT,TURKEY,73,103.85
MEAT,TURKEY,74,89.04
MEAT,TURKEY,75,81.83
MEAT,TURKEY,76,77.99
MEAT,TURKEY,77,117.94
MEAT,TURKEY,78,161.33
MEAT,TURKEY,79,68.88
MEAT,TURKEY,80,139.85
MEAT,TURKEY,81,154.22
MEAT,TURKEY,82,111.78
MEAT,TURKEY,83,128.63
MEAT,TURKEY,84,563.58
MEAT,TURKEY,85,716.48
MEAT,TURKEY,86,562.56
MEAT,TURKEY,87,2118.43
MEAT,TURKEY,88,547.53
MEAT,TURKEY,89,136.96
MEAT,TURKEY,90,170.98
MEAT,TURKEY,91,556.87
MEAT,TURKEY,92,899.97
MEAT,TURKEY,93,190.77
MEAT,TURKEY,94,139.01
MEAT,TURKEY,95,165.75
MEAT,TURKEY,96,247.1
MEAT,TURKEY,97,98.29
MEAT,TURKEY,98,123.77
MEAT,TURKEY,99,155.69
MEAT,TURKEY,100,202.22
MEAT,TURKEY,101,174.82
MEAT,TURKEY,102,93.98
MEAT,VEAL,2,2.49
MEAT,VEAL,6,4.16
MEAT,VEAL,8,2.49
MEAT,VEAL,9,13.76
MEAT,VEAL,11,9.64
MEAT,VEAL,12,2.49
MEAT,VEAL,13,10.29
MEAT,VEAL,14,2.49
MEAT,VEAL,15,9.13
MEAT,VEAL,16,14.98
MEAT,VEAL,19,15.62
MEAT,VEAL,20,4.98
MEAT,VEAL,21,16.15
MEAT,VEAL,22,11.9
MEAT,VEAL,23,6.68
MEAT,VEAL,24,13.63
MEAT,VEAL,25,22.01
MEAT,VEAL,26,7.45
MEAT,VEAL,28,4.98
MEAT,VEAL,29,0.0
MEAT,VEAL,30,24.56
MEAT,VEAL,31,4.98
MEAT,VEAL,32,2.15
MEAT,VEAL,33,20.78
MEAT,VEAL,34,34.3
MEAT,VEAL,35,4.49
MEAT,VEAL,36,7.47
MEAT,VEAL,37,32.26
MEAT,VEAL,38,7.88
MEAT,VEAL,40,16.6
MEAT,VEAL,41,8.5
MEAT,VEAL,42,4.98
MEAT,VEAL,43,4.98
MEAT,VEAL,46,4.98
MEAT,VEAL,47,23.12
MEAT,VEAL,48,4.98
MEAT,VEAL,50,11.2
MEAT,VEAL,51,9.78
MEAT,VEAL,52,2.49
MEAT,VEAL,53,2.49
MEAT,VEAL,56,4.98
MEAT,VEAL,58,16.61
MEAT,VEAL,60,2.49
MEAT,VEAL,62,3.74
MEAT,VEAL,78,2.49
MEAT,VEAL,80,17.66
MEAT,VEAL,82,7.52
MEAT,VEAL,84,4.98
MEAT,VEAL,86,4.98
MEAT,VEAL,88,5.54
MEAT,VEAL,91,11.17
MEAT,VEAL,92,4.98
MEAT,VEAL,93,2.49
MEAT,VEAL,94,16.88
MEAT,VEAL,95,2.49
MEAT,VEAL,97,14.36
MEAT,VEAL,101,2.49
MEAT,VEAL,102,3.82
MEAT-PCKGD,BACON,1,53.35
MEAT-PCKGD,BACON,2,75.02
MEAT-PCKGD,BACON,3,65.41
MEAT-PCKGD,BACON,4,77.9
MEAT-PCKGD,BACON,5,167.86
MEAT-PCKGD,BACON,6,207.97
MEAT-PCKGD,BACON,7,121.02
MEAT-PCKGD,BACON,8,261.51
MEAT-PCKGD,BACON,9,155.31
MEAT-PCKGD,BACON,10,298.61
MEAT-PCKGD,BACON,11,358.77
MEAT-PCKGD,BACON,12,333.29
MEAT-PCKGD,BACON,13,340.7
MEAT-PCKGD,BACON,14,358.79
MEAT-PCKGD,BACON,15,440.04
MEAT-PCKGD,BACON,16,414.18
MEAT-PCKGD,BACON,17,541.95
MEAT-PCKGD,BACON,18,450.04
MEAT-PCKGD,BACON,19,542.82
MEAT-PCKGD,BACON,20,582.8
MEAT-PCKGD,BACON,21,557.26
MEAT-PCKGD,BACON,22,402.55
MEAT-PCKGD,BACON,23,416.24
MEAT-PCKGD,BACON,24,555.11
MEAT-PCKGD,BACON,25,476.7
MEAT-PCKGD,BACON,26,299.52
MEAT-PCKGD,BACON,27,422.69
MEAT-PCKGD,BACON,28,544.96
MEAT-PCKGD,BACON,29,483.1
MEAT-PCKGD,BACON,30,414.65
MEAT-PCKGD,BACON,31,424.85
MEAT-PCKGD,BACON,32,410.98
MEAT-PCKGD,BACON,33,504.83
MEAT-PCKGD,BACON,34,418.32
MEAT-PCKGD,BACON,35,493.85
MEAT-PCKGD,BACON,36,448.5
MEAT-PCKGD,BACON,37,611.3
MEAT-PCKGD,BACON,38,559.55
MEAT-PCKGD,BACON,39,433.48
MEAT-PCKGD,BACON,40,525.32
MEAT-PCKGD,BACON,41,502.17
MEAT-PCKGD,BACON,42,506.61
MEAT-PCKGD,BACON,43,438.48
MEAT-PCKGD,BACON,44,458.0
MEAT-PCKGD,BACON,45,394.85
MEAT-PCKGD,BACON,46,538.33
MEAT-PCKGD,BACON,47,473.48
MEAT-PCKGD,BACON,48,490.63
MEAT-PCKGD,BACON,49,419.49
MEAT-PCKGD,BACON,50,564.36
MEAT-PCKGD,BACON,51,522.39
MEAT-PCKGD,BACON,52,481.02
MEAT-PCKGD,BACON,53,481.01
MEAT-PCKGD,BACON,54,485.14
MEAT-PCKGD,BACON,55,471.47
MEAT-PCKGD,BACON,56,449.77
MEAT-PCKGD,BACON,57,371.82
MEAT-PCKGD,BACON,58,411.9
MEAT-PCKGD,BACON,59,482.95
MEAT-PCKGD,BACON,60,376.94
MEAT-PCKGD,BACON,61,428.93
MEAT-PCKGD,BACON,62,520.51
MEAT-PCKGD,BACON,63,521.64
MEAT-PCKGD,BACON,64,603.09
MEAT-PCKGD,BACON,65,441.55
MEAT-PCKGD,BACON,66,392.93
MEAT-PCKGD,BACON,67,620.9
MEAT-PCKGD,BACON,68,485.39
MEAT-PCKGD,BACON,69,542.5
MEAT-PCKGD,BACON,70,502.56
MEAT-PCKGD,BACON,71,516.36
MEAT-PCKGD,BACON,72,612.46
MEAT-PCKGD,BACON,73,532.72
MEAT-PCKGD,BACON,74,523.74
MEAT-PCKGD,BACON,75,439.41
MEAT-PCKGD,BACON,76,606.67
MEAT-PCKGD,BACON,77,541.52
MEAT-PCKGD,BACON,78,451.59
MEAT-PCKGD,BACON,79,364.68
MEAT-PCKGD,BACON,80,498.04
MEAT-PCKGD,BACON,81,467.76
MEAT-PCKGD,BACON,82,392.64
MEAT-PCKGD,BACON,83,436.36
MEAT-PCKGD,BACON,84,361.43
MEAT-PCKGD,BACON,85,579.63
MEAT-PCKGD,BACON,86,435.79
MEAT-PCKGD,BACON,87,577.36
MEAT-PCKGD,BACON,88,389.17
MEAT-PCKGD,BACON,89,524.41
MEAT-PCKGD,BACON,90,476.12
MEAT-PCKGD,BACON,91,499.53
MEAT-PCKGD,BACON,92,473.1
MEAT-PCKGD,BACON,93,625.79
MEAT-PCKGD,BACON,94,515.69
MEAT-PCKGD,BACON,95,491.46
MEAT-PCKGD,BACON,96,423.42
MEAT-PCKGD,BACON,97,476.23
MEAT-PCKGD,BACON,98,711.89
MEAT-PCKGD,BACON,99,651.41
MEAT-PCKGD,BACON,100,431.98
MEAT-PCKGD,BACON,101,489.82
MEAT-PCKGD,BACON,102,286.32
MEAT-PCKGD,BREAKFAST SAUSAGE/SANDWICHES,1,60.4
MEAT-PCKGD,BREAKFAST SAUSAGE/SANDWICHES,2,64.52
MEAT-PCKGD,BREAKFAST SAUSAGE/SANDWICHES,3,91.14
MEAT-PCKGD,BREAKFAST SAUSAGE/SANDWICHES,4,80.61
MEAT-PCKGD,BREAKFAST SAUSAGE/SANDWICHES,5,143.86
MEAT-PCKGD,BREAKFAST SAUSAGE/SANDWICHES,6,139.83
MEAT-PCKGD,BREAKFAST SAUSAGE/SANDWICHES,7,171.74
MEAT-PCKGD,BREAKFAST SAUSAGE/SANDWICHES,8,143.63
MEAT-PCKGD,BREAKFAST SAUSAGE/SANDWICHES,9,210.35
MEAT-PCKGD,BREAKFAST SAUSAGE/SANDWICHES,10,264.99
MEAT-PCKGD,BREAKFAST SAUSAGE/SANDWICHES,11,338.23
MEAT-PCKGD,BREAKFAST SAUSAGE/SANDWICHES,12,316.0
MEAT-PCKGD,BREAKFAST SAUSAGE/SANDWICHES,13,339.5
MEAT-PCKGD,BREAKFAST SAUSAGE/SANDWICHES,14,305.56
MEAT-PCKGD,BREAKFAST SAUSAGE/SANDWICHES,15,385.57
MEAT-PCKGD,BREAKFAST SAUSAGE/SANDWICHES,16,335.96
MEAT-PCKGD,BREAKFAST SAUSAGE/SANDWICHES,17,447.52
MEAT-PCKGD,BREAKFAST SAUSAGE/SANDWICHES,18,367.19
MEAT-PCKGD,BREAKFAST SAUSAGE/SANDWICHES,19,430.28
MEAT-PCKGD,BREAKFAST SAUSAGE/SANDWICHES,20,519.19
MEAT-PCKGD,BREAKFAST SAUSAGE/SANDWICHES,21,438.65
MEAT-PCKGD,BREAKFAST SAUSAGE/SANDWICHES,22,413.75
MEAT-PCKGD,BREAKFAST SAUSAGE/SANDWICHES,23,354.26
MEAT-PCKGD,BREAKFAST SAUSAGE/SANDWICHES,24,545.69
MEAT-PCKGD,BREAKFAST SAUSAGE/SANDWICHES,25,433.9
MEAT-PCKGD,BREAKFAST SAUSAGE/SANDWICHES,26,399.68
MEAT-PCKGD,BREAKFAST SAUSAGE/SANDWICHES,27,485.3
MEAT-PCKGD,BREAKFAST SAUSAGE/SANDWICHES,28,604.64
MEAT-PCKGD,BREAKFAST SAUSAGE/SANDWICHES,29,601.74
MEAT-PCKGD,BREAKFAST SAUSAGE/SANDWICHES,30,367.68
MEAT-PCKGD,BREAKFAST SAUSAGE/SANDWICHES,31,474.04
MEAT-PCKGD,BREAKFAST SAUSAGE/SANDWICHES,32,431.32
MEAT-PCKGD,BREAKFAST SAUSAGE/SANDWICHES,33,616.6
MEAT-PCKGD,BREAKFAST SAUSAGE/SANDWICHES,34,526.55
MEAT-PCKGD,BREAKFAST SAUSAGE/SANDWICHES,35,574.19
MEAT-PCKGD,BREAKFAST SAUSAGE/SANDWICHES,36,432.79
MEAT-PCKGD,BREAKFAST SAUSAGE/SANDWICHES,37,691.56
MEAT-PCKGD,BREAKFAST SAUSAGE/SANDWICHES,38,601.15
MEAT-PCKGD,BREAKFAST SAUSAGE/SANDWICHES,39,622.18
MEAT-PCKGD,BREAKFAST SAUSAGE/SANDWICHES,40,665.62
MEAT-PCKGD,BREAKFAST SAUSAGE/SANDWICHES,41,598.6
MEAT-PCKGD,BREAKFAST SAUSAGE/SANDWICHES,42,630.4
MEAT-PCKGD,BREAKFAST SAUSAGE/SANDWICHES,43,487.98
MEAT-PCKGD,BREAKFAST SAUSAGE/SANDWICHES,44,494.12
MEAT-PCKGD,BREAKFAST SAUSAGE/SANDWICHES,45,428.85
MEAT-PCKGD,BREAKFAST SAUSAGE/SANDWICHES,46,582.66
MEAT-PCKGD,BREAKFAST SAUSAGE/SANDWICHES,47,585.67
MEAT-PCKGD,BREAKFAST SAUSAGE/SANDWICHES,48,478.95
MEAT-PCKGD,BREAKFAST SAUSAGE/SANDWICHES,49,501.75
MEAT-PCKGD,BREAKFAST SAUSAGE/SANDWICHES,50,641.8
MEAT-PCKGD,BREAKFAST SAUSAGE/SANDWICHES,51,518.2
MEAT-PCKGD,BREAKFAST SAUSAGE/SANDWICHES,52,376.24
MEAT-PCKGD,BREAKFAST SAUSAGE/SANDWICHES,53,549.96
MEAT-PCKGD,BREAKFAST SAUSAGE/SANDWICHES,54,408.56
MEAT-PCKGD,BREAKFAST SAUSAGE/SANDWICHES,55,490.96
MEAT-PCKGD,BREAKFAST SAUSAGE/SANDWICHES,56,473.76
MEAT-PCKGD,BREAKFAST SAUSAGE/SANDWICHES,57,392.85
MEAT-PCKGD,BREAKFAST SAUSAGE/SANDWICHES,58,379.03
MEAT-PCKGD,BREAKFAST SAUSAGE/SANDWICHES,59,584.95
MEAT-PCKGD,BREAKFAST SAUSAGE/SANDWICHES,60,401.02
MEAT-PCKGD,BREAKFAST SAUSAGE/SANDWICHES,61,442.01
MEAT-PCKGD,BREAKFAST SAUSAGE/SANDWICHES,62,314.18
MEAT-PCKGD,BREAKFAST SAUSAGE/SANDWICHES,63,458.06
MEAT-PCKGD,BREAKFAST SAUSAGE/SANDWICHES,64,597.9
MEAT-PCKGD,BREAKFAST SAUSAGE/SANDWICHES,65,433.29
MEAT-PCKGD,BREAKFAST SAUSAGE/SANDWICHES,66,355.19
MEAT-PCKGD,BREAKFAST SAUSAGE/SANDWICHES,67,438.34
MEAT-PCKGD,BREAKFAST SAUSAGE/SANDWICHES,68,511.01
MEAT-PCKGD,BREAKFAST SAUSAGE/SANDWICHES,69,501.03
MEAT-PCKGD,BREAKFAST SAUSAGE/SANDWICHES,70,471.57
MEAT-PCKGD,BREAKFAST SAUSAGE/SANDWICHES,71,442.36
MEAT-PCKGD,BREAKFAST SAUSAGE/SANDWICHES,72,565.48
MEAT-PCKGD,BREAKFAST SAUSAGE/SANDWICHES,73,350.15
MEAT-PCKGD,BREAKFAST SAUSAGE/SANDWICHES,74,379.38
MEAT-PCKGD,BREAKFAST SAUSAGE/SANDWICHES,75,381.74
MEAT-PCKGD,BREAKFAST SAUSAGE/SANDWICHES,76,493.3
MEAT-PCKGD,BREAKFAST SAUSAGE/SANDWICHES,77,435.49
MEAT-PCKGD,BREAKFAST SAUSAGE/SANDWICHES,78,403.59
MEAT-PCKGD,BREAKFAST SAUSAGE/SANDWICHES,79,383.35
MEAT-PCKGD,BREAKFAST SAUSAGE/SANDWICHES,80,510.99
MEAT-PCKGD,BREAKFAST SAUSAGE/SANDWICHES,81,485.85
MEAT-PCKGD,BREAKFAST SAUSAGE/SANDWICHES,82,403.89
MEAT-PCKGD,BREAKFAST SAUSAGE/SANDWICHES,83,424.23
MEAT-PCKGD,BREAKFAST SAUSAGE/SANDWICHES,84,430.97
MEAT-PCKGD,BREAKFAST SAUSAGE/SANDWICHES,85,652.84
MEAT-PCKGD,BREAKFAST SAUSAGE/SANDWICHES,86,603.07
MEAT-PCKGD,BREAKFAST SAUSAGE/SANDWICHES,87,500.19
MEAT-PCKGD,BREAKFAST SAUSAGE/SANDWICHES,88,461.72
MEAT-PCKGD,BREAKFAST SAUSAGE/SANDWICHES,89,611.93
MEAT-PCKGD,BREAKFAST SAUSAGE/SANDWICHES,90,524.5
MEAT-PCKGD,BREAKFAST SAUSAGE/SANDWICHES,91,481.89
MEAT-PCKGD,BREAKFAST SAUSAGE/SANDWICHES,92,732.36
MEAT-PCKGD,BREAKFAST SAUSAGE/SANDWICHES,93,650.32
MEAT-PCKGD,BREAKFAST SAUSAGE/SANDWICHES,94,618.36
MEAT-PCKGD,BREAKFAST SAUSAGE/SANDWICHES,95,459.96
MEAT-PCKGD,BREAKFAST SAUSAGE/SANDWICHES,96,549.28
MEAT-PCKGD,BREAKFAST SAUSAGE/SANDWICHES,97,563.06
MEAT-PCKGD,BREAKFAST SAUSAGE/SANDWICHES,98,683.84
MEAT-PCKGD,BREAKFAST SAUSAGE/SANDWICHES,99,686.09
MEAT-PCKGD,BREAKFAST SAUSAGE/SANDWICHES,100,463.9
MEAT-PCKGD,BREAKFAST SAUSAGE/SANDWICHES,101,453.95
MEAT-PCKGD,BREAKFAST SAUSAGE/SANDWICHES,102,330.94
MEAT-PCKGD,DINNER SAUSAGE,1,29.44
MEAT-PCKGD,DINNER SAUSAGE,2,65.35
MEAT-PCKGD,DINNER SAUSAGE,3,117.24
MEAT-PCKGD,DINNER SAUSAGE,4,116.91
MEAT-PCKGD,DINNER SAUSAGE,5,173.66
MEAT-PCKGD,DINNER SAUSAGE,6,117.32
MEAT-PCKGD,DINNER SAUSAGE,7,185.64
MEAT-PCKGD,DINNER SAUSAGE,8,235.72
MEAT-PCKGD,DINNER SAUSAGE,9,255.65
MEAT-PCKGD,DINNER SAUSAGE,10,481.23
MEAT-PCKGD,DINNER SAUSAGE,11,403.12
MEAT-PCKGD,DINNER SAUSAGE,12,374.65
MEAT-PCKGD,DINNER SAUSAGE,13,488.58
MEAT-PCKGD,DINNER SAUSAGE,14,428.52
MEAT-PCKGD,DINNER SAUSAGE,15,798.18
MEAT-PCKGD,DINNER SAUSAGE,16,525.47
MEAT-PCKGD,DINNER SAUSAGE,17,667.44
MEAT-PCKGD,DINNER SAUSAGE,18,387.82
MEAT-PCKGD,DINNER SAUSAGE,19,662.98
MEAT-PCKGD,DINNER SAUSAGE,20,515.62
MEAT-PCKGD,DINNER SAUSAGE,21,413.56
MEAT-PCKGD,DINNER SAUSAGE,22,351.96
MEAT-PCKGD,DINNER SAUSAGE,23,495.8
MEAT-PCKGD,DINNER SAUSAGE,24,754.12
MEAT-PCKGD,DINNER SAUSAGE,25,402.92
MEAT-PCKGD,DINNER SAUSAGE,26,367.21
MEAT-PCKGD,DINNER SAUSAGE,27,377.06
MEAT-PCKGD,DINNER SAUSAGE,28,431.69
MEAT-PCKGD,DINNER SAUSAGE,29,468.11
MEAT-PCKGD,DINNER SAUSAGE,30,359.86
MEAT-PCKGD,DINNER SAUSAGE,31,355.69
MEAT-PCKGD,DINNER SAUSAGE,32,325.13
MEAT-PCKGD,DINNER SAUSAGE,33,392.57
MEAT-PCKGD,DINNER SAUSAGE,34,370.66
MEAT-PCKGD,DINNER SAUSAGE,35,412.76
MEAT-PCKGD,DINNER SAUSAGE,36,183.44
MEAT-PCKGD,DINNER SAUSAGE,37,456.98
MEAT-PCKGD,DINNER SAUSAGE,38,397.04
MEAT-PCKGD,DINNER SAUSAGE,39,410.44
MEAT-PCKGD,DINNER SAUSAGE,40,288.67
MEAT-PCKGD,DINNER SAUSAGE,41,479.52
MEAT-PCKGD,DINNER SAUSAGE,42,428.55
MEAT-PCKGD,DINNER SAUSAGE,43,373.22
MEAT-PCKGD,DINNER SAUSAGE,44,396.19
MEAT-PCKGD,DINNER SAUSAGE,45,397.37
MEAT-PCKGD,DINNER SAUSAGE,46,618.02
MEAT-PCKGD,DINNER SAUSAGE,47,367.83
MEAT-PCKGD,DINNER SAUSAGE,48,268.25
MEAT-PCKGD,DINNER SAUSAGE,49,402.2
MEAT-PCKGD,DINNER SAUSAGE,50,469.96
MEAT-PCKGD,DINNER SAUSAGE,51,428.2
MEAT-PCKGD,DINNER SAUSAGE,52,317.71
MEAT-PCKGD,DINNER SAUSAGE,53,333.42
MEAT-PCKGD,DINNER SAUSAGE,54,457.32
MEAT-PCKGD,DINNER SAUSAGE,55,479.56
MEAT-PCKGD,DINNER SAUSAGE,56,508.67
MEAT-PCKGD,DINNER SAUSAGE,57,453.21
MEAT-PCKGD,DINNER SAUSAGE,58,622.37
MEAT-PCKGD,DINNER SAUSAGE,59,527.91
MEAT-PCKGD,DINNER SAUSAGE,60,429.07
MEAT-PCKGD,DINNER SAUSAGE,61,576.56
MEAT-PCKGD,DINNER SAUSAGE,62,740.92
MEAT-PCKGD,DINNER SAUSAGE,63,621.93
MEAT-PCKGD,DINNER SAUSAGE,64,519.15
MEAT-PCKGD,DINNER SAUSAGE,65,449.35
MEAT-PCKGD,DINNER SAUSAGE,66,400.83
MEAT-PCKGD,DINNER SAUSAGE,67,896.64
MEAT-PCKGD,DINNER SAUSAGE,68,638.12
MEAT-PCKGD,DINNER SAUSAGE,69,478.75
MEAT-PCKGD,DINNER SAUSAGE,70,510.86
MEAT-PCKGD,DINNER SAUSAGE,71,424.3
MEAT-PCKGD,DINNER SAUSAGE,72,509.71
MEAT-PCKGD,DINNER SAUSAGE,73,357.99
MEAT-PCKGD,DINNER SAUSAGE,74,400.39
MEAT-PCKGD,DINNER SAUSAGE,75,493.49
MEAT-PCKGD,DINNER SAUSAGE,76,577.26
MEAT-PCKGD,DINNER SAUSAGE,77,534.05
MEAT-PCKGD,DINNER SAUSAGE,78,422.81
MEAT-PCKGD,DINNER SAUSAGE,79,342.52
MEAT-PCKGD,DINNER SAUSAGE,80,449.11
MEAT-PCKGD,DINNER SAUSAGE,81,566.47
MEAT-PCKGD,DINNER SAUSAGE,82,338.4
MEAT-PCKGD,DINNER SAUSAGE,83,349.89
MEAT-PCKGD,DINNER SAUSAGE,84,338.17
MEAT-PCKGD,DINNER SAUSAGE,85,610.11
MEAT-PCKGD,DINNER SAUSAGE,86,345.87
MEAT-PCKGD,DINNER SAUSAGE,87,430.55
MEAT-PCKGD,DINNER SAUSAGE,88,235.67
MEAT-PCKGD,DINNER SAUSAGE,89,449.58
MEAT-PCKGD,DINNER SAUSAGE,90,378.78
MEAT-PCKGD,DINNER SAUSAGE,91,393.49
MEAT-PCKGD,DINNER SAUSAGE,92,280.88
MEAT-PCKGD,DINNER SAUSAGE,93,602.34
MEAT-PCKGD,DINNER SAUSAGE,94,456.78
MEAT-PCKGD,DINNER SAUSAGE,95,417.29
MEAT-PCKGD,DINNER SAUSAGE,96,322.81
MEAT-PCKGD,DINNER SAUSAGE,97,368.07
MEAT-PCKGD,DINNER SAUSAGE,98,466.68
MEAT-PCKGD,DINNER SAUSAGE,99,477.76
MEAT-PCKGD,DINNER SAUSAGE,100,297.42
MEAT-PCKGD,DINNER SAUSAGE,101,400.55
MEAT-PCKGD,DINNER SAUSAGE,102,212.14
MEAT-PCKGD,FROZEN MEAT,1,85.38
MEAT-PCKGD,FROZEN MEAT,2,62.05
MEAT-PCKGD,FROZEN MEAT,3,65.63
MEAT-PCKGD,FROZEN MEAT,4,125.77
MEAT-PCKGD,FROZEN MEAT,5,106.8
MEAT-PCKGD,FROZEN MEAT,6,139.24
MEAT-PCKGD,FROZEN MEAT,7,178.09
MEAT-PCKGD,FROZEN MEAT,8,191.72
MEAT-PCKGD,FROZEN MEAT,9,178.69
MEAT-PCKGD,FROZEN MEAT,10,154.57
MEAT-PCKGD,FROZEN MEAT,11,299.93
MEAT-PCKGD,FROZEN MEAT,12,347.11
MEAT-PCKGD,FROZEN MEAT,13,317.82
MEAT-PCKGD,FROZEN MEAT,14,393.97
MEAT-PCKGD,FROZEN MEAT,15,443.38
MEAT-PCKGD,FROZEN MEAT,16,520.58
MEAT-PCKGD,FROZEN MEAT,17,479.17
MEAT-PCKGD,FROZEN MEAT,18,373.84
MEAT-PCKGD,FROZEN MEAT,19,596.01
MEAT-PCKGD,FROZEN MEAT,20,497.22
MEAT-PCKGD,FROZEN MEAT,21,482.88
MEAT-PCKGD,FROZEN MEAT,22,405.93
MEAT-PCKGD,FROZEN MEAT,23,398.02
MEAT-PCKGD,FROZEN MEAT,24,492.61
MEAT-PCKGD,FROZEN MEAT,25,415.41
MEAT-PCKGD,FROZEN MEAT,26,497.55
MEAT-PCKGD,FROZEN MEAT,27,422.36
MEAT-PCKGD,FROZEN MEAT,28,551.29
MEAT-PCKGD,FROZEN MEAT,29,565.95
MEAT-PCKGD,FROZEN MEAT,30,501.35
MEAT-PCKGD,FROZEN MEAT,31,474.9
MEAT-PCKGD,FROZEN MEAT,32,456.26
MEAT-PCKGD,FROZEN MEAT,33,534.35
MEAT-PCKGD,FROZEN MEAT,34,565.46
MEAT-PCKGD,FROZEN MEAT,35,449.71
MEAT-PCKGD,FROZEN MEAT,36,371.34
MEAT-PCKGD,FROZEN MEAT,37,826.04
MEAT-PCKGD,FROZEN MEAT,38,697.62
MEAT-PCKGD,FROZEN MEAT,39,556.68
MEAT-PCKGD,FROZEN MEAT,40,389.32
MEAT-PCKGD,FROZEN MEAT,41,626.08
MEAT-PCKGD,FROZEN MEAT,42,728.51
MEAT-PCKGD,FROZEN MEAT,43,570.6
MEAT-PCKGD,FROZEN MEAT,44,578.22
MEAT-PCKGD,FROZEN MEAT,45,524.33
MEAT-PCKGD,FROZEN MEAT,46,761.77
MEAT-PCKGD,FROZEN MEAT,47,523.94
MEAT-PCKGD,FROZEN MEAT,48,513.07
MEAT-PCKGD,FROZEN MEAT,49,585.28
MEAT-PCKGD,FROZEN MEAT,50,577.97
MEAT-PCKGD,FROZEN MEAT,51,650.31
MEAT-PCKGD,FROZEN MEAT,52,549.03
MEAT-PCKGD,FROZEN MEAT,53,731.89
MEAT-PCKGD,FROZEN MEAT,54,639.55
MEAT-PCKGD,FROZEN MEAT,55,549.72
MEAT-PCKGD,FROZEN MEAT,56,429.59
MEAT-PCKGD,FROZEN MEAT,57,388.62
MEAT-PCKGD,FROZEN MEAT,58,590.37
MEAT-PCKGD,FROZEN MEAT,59,615.57
MEAT-PCKGD,FROZEN MEAT,60,561.21
MEAT-PCKGD,FROZEN MEAT,61,428.44
MEAT-PCKGD,FROZEN MEAT,62,425.69
MEAT-PCKGD,FROZEN MEAT,63,595.74
MEAT-PCKGD,FROZEN MEAT,64,595.58
MEAT-PCKGD,FROZEN MEAT,65,439.93
MEAT-PCKGD,FROZEN MEAT,66,335.29
MEAT-PCKGD,FROZEN MEAT,67,426.99
MEAT-PCKGD,FROZEN MEAT,68,571.47
MEAT-PCKGD,FROZEN MEAT,69,551.23
MEAT-PCKGD,FROZEN MEAT,70,459.05
MEAT-PCKGD,FROZEN MEAT,71,565.4
MEAT-PCKGD,FROZEN MEAT,72,624.21
MEAT-PCKGD,FROZEN MEAT,73,428.5
MEAT-PCKGD,FROZEN MEAT,74,416.55
MEAT-PCKGD,FROZEN MEAT,75,445.24
MEAT-PCKGD,FROZEN MEAT,76,712.32
MEAT-PCKGD,FROZEN MEAT,77,702.49
MEAT-PCKGD,FROZEN MEAT,78,571.1
MEAT-PCKGD,FROZEN MEAT,79,429.47
MEAT-PCKGD,FROZEN MEAT,80,531.57
MEAT-PCKGD,FROZEN MEAT,81,620.91
MEAT-PCKGD,FROZEN MEAT,82,542.35
MEAT-PCKGD,FROZEN MEAT,83,384.53
MEAT-PCKGD,FROZEN MEAT,84,576.0
MEAT-PCKGD,FROZEN MEAT,85,725.09
MEAT-PCKGD,FROZEN MEAT,86,596.54
MEAT-PCKGD,FROZEN MEAT,87,590.95
MEAT-PCKGD,FROZEN MEAT,88,504.78
MEAT-PCKGD,FROZEN MEAT,89,651.56
MEAT-PCKGD,FROZEN MEAT,90,784.31
MEAT-PCKGD,FROZEN MEAT,91,605.87
MEAT-PCKGD,FROZEN MEAT,92,682.49
MEAT-PCKGD,FROZEN MEAT,93,665.31
MEAT-PCKGD,FROZEN MEAT,94,885.16
MEAT-PCKGD,FROZEN MEAT,95,536.98
MEAT-PCKGD,FROZEN MEAT,96,561.08
MEAT-PCKGD,FROZEN MEAT,97,585.52
MEAT-PCKGD,FROZEN MEAT,98,786.9
MEAT-PCKGD,FROZEN MEAT,99,682.08
MEAT-PCKGD,FROZEN MEAT,100,580.63
MEAT-PCKGD,FROZEN MEAT,101,428.94
MEAT-PCKGD,FROZEN MEAT,102,369.15
MEAT-PCKGD,FROZEN PACKAGE MEAT,99,12.99
MEAT-PCKGD,HEAT/SERVE,1,28.85
MEAT-PCKGD,HEAT/SERVE,2,17.41
MEAT-PCKGD,HEAT/SERVE,3,49.93
MEAT-PCKGD,HEAT/SERVE,4,55.57
MEAT-PCKGD,HEAT/SERVE,5,77.36
MEAT-PCKGD,HEAT/SERVE,6,94.55
MEAT-PCKGD,HEAT/SERVE,7,142.87
MEAT-PCKGD,HEAT/SERVE,8,74.2
MEAT-PCKGD,HEAT/SERVE,9,146.92
MEAT-PCKGD,HEAT/SERVE,10,166.89
MEAT-PCKGD,HEAT/SERVE,11,188.81
MEAT-PCKGD,HEAT/SERVE,12,160.68
MEAT-PCKGD,HEAT/SERVE,13,172.89
MEAT-PCKGD,HEAT/SERVE,14,228.11
MEAT-PCKGD,HEAT/SERVE,15,250.92
MEAT-PCKGD,HEAT/SERVE,16,332.09
MEAT-PCKGD,HEAT/SERVE,17,345.84
MEAT-PCKGD,HEAT/SERVE,18,209.99
MEAT-PCKGD,HEAT/SERVE,19,279.12
MEAT-PCKGD,HEAT/SERVE,20,249.97
MEAT-PCKGD,HEAT/SERVE,21,235.64
MEAT-PCKGD,HEAT/SERVE,22,191.07
MEAT-PCKGD,HEAT/SERVE,23,248.61
MEAT-PCKGD,HEAT/SERVE,24,233.49
MEAT-PCKGD,HEAT/SERVE,25,234.95
MEAT-PCKGD,HEAT/SERVE,26,261.17
MEAT-PCKGD,HEAT/SERVE,27,287.09
MEAT-PCKGD,HEAT/SERVE,28,215.68
MEAT-PCKGD,HEAT/SERVE,29,346.87
MEAT-PCKGD,HEAT/SERVE,30,247.05
MEAT-PCKGD,HEAT/SERVE,31,343.79
MEAT-PCKGD,HEAT/SERVE,32,201.06
MEAT-PCKGD,HEAT/SERVE,33,346.43
MEAT-PCKGD,HEAT/SERVE,34,328.26
MEAT-PCKGD,HEAT/SERVE,35,395.22
MEAT-PCKGD,HEAT/SERVE,36,211.97
MEAT-PCKGD,HEAT/SERVE,37,388.05
MEAT-PCKGD,HEAT/SERVE,38,277.37
MEAT-PCKGD,HEAT/SERVE,39,286.86
MEAT-PCKGD,HEAT/SERVE,40,274.19
MEAT-PCKGD,HEAT/SERVE,41,364.93
MEAT-PCKGD,HEAT/SERVE,42,319.2
MEAT-PCKGD,HEAT/SERVE,43,275.86
MEAT-PCKGD,HEAT/SERVE,44,348.0
MEAT-PCKGD,HEAT/SERVE,45,360.42
MEAT-PCKGD,HEAT/SERVE,46,388.78
MEAT-PCKGD,HEAT/SERVE,47,395.23
MEAT-PCKGD,HEAT/SERVE,48,318.85
MEAT-PCKGD,HEAT/SERVE,49,304.2
MEAT-PCKGD,HEAT/SERVE,50,320.26
MEAT-PCKGD,HEAT/SERVE,51,325.19
MEAT-PCKGD,HEAT/SERVE,52,307.46
MEAT-PCKGD,HEAT/SERVE,53,310.82
MEAT-PCKGD,HEAT/SERVE,54,418.94
MEAT-PCKGD,HEAT/SERVE,55,293.25
MEAT-PCKGD,HEAT/SERVE,56,304.78
MEAT-PCKGD,HEAT/SERVE,57,311.33
MEAT-PCKGD,HEAT/SERVE,58,274.63
MEAT-PCKGD,HEAT/SERVE,59,372.45
MEAT-PCKGD,HEAT/SERVE,60,273.56
MEAT-PCKGD,HEAT/SERVE,61,276.47
MEAT-PCKGD,HEAT/SERVE,62,238.5
MEAT-PCKGD,HEAT/SERVE,63,329.62
MEAT-PCKGD,HEAT/SERVE,64,279.37
MEAT-PCKGD,HEAT/SERVE,65,296.33
MEAT-PCKGD,HEAT/SERVE,66,230.97
MEAT-PCKGD,HEAT/SERVE,67,401.99
MEAT-PCKGD,HEAT/SERVE,68,339.82
MEAT-PCKGD,HEAT/SERVE,69,262.58
MEAT-PCKGD,HEAT/SERVE,70,307.52
MEAT-PCKGD,HEAT/SERVE,71,251.31
MEAT-PCKGD,HEAT/SERVE,72,327.32
MEAT-PCKGD,HEAT/SERVE,73,233.03
MEAT-PCKGD,HEAT/SERVE,74,266.95
MEAT-PCKGD,HEAT/SERVE,75,213.39
MEAT-PCKGD,HEAT/SERVE,76,293.06
MEAT-PCKGD,HEAT/SERVE,77,318.12
MEAT-PCKGD,HEAT/SERVE,78,339.55
MEAT-PCKGD,HEAT/SERVE,79,241.74
MEAT-PCKGD,HEAT/SERVE,80,308.45
MEAT-PCKGD,HEAT/SERVE,81,319.35
MEAT-PCKGD,HEAT/SERVE,82,393.96
MEAT-PCKGD,HEAT/SERVE,83,396.05
MEAT-PCKGD,HEAT/SERVE,84,327.7
MEAT-PCKGD,HEAT/SERVE,85,326.96
MEAT-PCKGD,HEAT/SERVE,86,251.97
MEAT-PCKGD,HEAT/SERVE,87,407.55
MEAT-PCKGD,HEAT/SERVE,88,442.82
MEAT-PCKGD,HEAT/SERVE,89,336.03
MEAT-PCKGD,HEAT/SERVE,90,218.74
MEAT-PCKGD,HEAT/SERVE,91,212.18
MEAT-PCKGD,HEAT/SERVE,92,296.07
MEAT-PCKGD,HEAT/SERVE,93,265.84
MEAT-PCKGD,HEAT/SERVE,94,357.77
MEAT-PCKGD,HEAT/SERVE,95,314.29
MEAT-PCKGD,HEAT/SERVE,96,275.29
MEAT-PCKGD,HEAT/SERVE,97,358.91
MEAT-PCKGD,HEAT/SERVE,98,418.2
MEAT-PCKGD,HEAT/SERVE,99,333.09
MEAT-PCKGD,HEAT/SERVE,100,314.47
MEAT-PCKGD,HEAT/SERVE,101,323.35
MEAT-PCKGD,HEAT/SERVE,102,177.56
MEAT-PCKGD,HOT DOGS,1,27.58
MEAT-PCKGD,HOT DOGS,2,85.88
MEAT-PCKGD,HOT DOGS,3,136.04
MEAT-PCKGD,HOT DOGS,4,132.4
MEAT-PCKGD,HOT DOGS,5,112.79
MEAT-PCKGD,HOT DOGS,6,79.76
MEAT-PCKGD,HOT DOGS,7,141.13
MEAT-PCKGD,HOT DOGS,8,165.85
MEAT-PCKGD,HOT DOGS,9,199.78
MEAT-PCKGD,HOT DOGS,10,413.97
MEAT-PCKGD,HOT DOGS,11,299.46
MEAT-PCKGD,HOT DOGS,12,246.57
MEAT-PCKGD,HOT DOGS,13,288.23
MEAT-PCKGD,HOT DOGS,14,381.33
MEAT-PCKGD,HOT DOGS,15,546.26
MEAT-PCKGD,HOT DOGS,16,439.11
MEAT-PCKGD,HOT DOGS,17,318.6
MEAT-PCKGD,HOT DOGS,18,332.34
MEAT-PCKGD,HOT DOGS,19,422.24
MEAT-PCKGD,HOT DOGS,20,410.84
MEAT-PCKGD,HOT DOGS,21,497.88
MEAT-PCKGD,HOT DOGS,22,301.98
MEAT-PCKGD,HOT DOGS,23,318.53
MEAT-PCKGD,HOT DOGS,24,549.48
MEAT-PCKGD,HOT DOGS,25,290.55
MEAT-PCKGD,HOT DOGS,26,385.57
MEAT-PCKGD,HOT DOGS,27,305.89
MEAT-PCKGD,HOT DOGS,28,367.66
MEAT-PCKGD,HOT DOGS,29,397.13
MEAT-PCKGD,HOT DOGS,30,265.42
MEAT-PCKGD,HOT DOGS,31,232.91
MEAT-PCKGD,HOT DOGS,32,310.47
MEAT-PCKGD,HOT DOGS,33,338.09
MEAT-PCKGD,HOT DOGS,34,301.66
MEAT-PCKGD,HOT DOGS,35,230.41
MEAT-PCKGD,HOT DOGS,36,202.97
MEAT-PCKGD,HOT DOGS,37,398.01
MEAT-PCKGD,HOT DOGS,38,298.41
MEAT-PCKGD,HOT DOGS,39,266.82
MEAT-PCKGD,HOT DOGS,40,170.97
MEAT-PCKGD,HOT DOGS,41,270.69
MEAT-PCKGD,HOT DOGS,42,386.29
MEAT-PCKGD,HOT DOGS,43,305.88
MEAT-PCKGD,HOT DOGS,44,310.66
MEAT-PCKGD,HOT DOGS,45,312.03
MEAT-PCKGD,HOT DOGS,46,442.15
MEAT-PCKGD,HOT DOGS,47,352.18
MEAT-PCKGD,HOT DOGS,48,200.81
MEAT-PCKGD,HOT DOGS,49,363.5
MEAT-PCKGD,HOT DOGS,50,363.72
MEAT-PCKGD,HOT DOGS,51,283.83
MEAT-PCKGD,HOT DOGS,52,298.43
MEAT-PCKGD,HOT DOGS,53,272.66
MEAT-PCKGD,HOT DOGS,54,352.76
MEAT-PCKGD,HOT DOGS,55,299.29
MEAT-PCKGD,HOT DOGS,56,407.53
MEAT-PCKGD,HOT DOGS,57,435.39
MEAT-PCKGD,HOT DOGS,58,385.67
MEAT-PCKGD,HOT DOGS,59,546.34
MEAT-PCKGD,HOT DOGS,60,357.65
MEAT-PCKGD,HOT DOGS,61,496.55
MEAT-PCKGD,HOT DOGS,62,602.85
MEAT-PCKGD,HOT DOGS,63,603.26
MEAT-PCKGD,HOT DOGS,64,341.12
MEAT-PCKGD,HOT DOGS,65,478.97
MEAT-PCKGD,HOT DOGS,66,432.4
MEAT-PCKGD,HOT DOGS,67,699.13
MEAT-PCKGD,HOT DOGS,68,466.82
MEAT-PCKGD,HOT DOGS,69,420.27
MEAT-PCKGD,HOT DOGS,70,351.03
MEAT-PCKGD,HOT DOGS,71,452.77
MEAT-PCKGD,HOT DOGS,72,495.58
MEAT-PCKGD,HOT DOGS,73,545.18
MEAT-PCKGD,HOT DOGS,74,318.85
MEAT-PCKGD,HOT DOGS,75,366.25
MEAT-PCKGD,HOT DOGS,76,601.64
MEAT-PCKGD,HOT DOGS,77,310.06
MEAT-PCKGD,HOT DOGS,78,275.54
MEAT-PCKGD,HOT DOGS,79,242.82
MEAT-PCKGD,HOT DOGS,80,267.6
MEAT-PCKGD,HOT DOGS,81,469.2
MEAT-PCKGD,HOT DOGS,82,239.66
MEAT-PCKGD,HOT DOGS,83,290.16
MEAT-PCKGD,HOT DOGS,84,289.58
MEAT-PCKGD,HOT DOGS,85,356.78
MEAT-PCKGD,HOT DOGS,86,330.32
MEAT-PCKGD,HOT DOGS,87,278.78
MEAT-PCKGD,HOT DOGS,88,243.63
MEAT-PCKGD,HOT DOGS,89,239.15
MEAT-PCKGD,HOT DOGS,90,342.75
MEAT-PCKGD,HOT DOGS,91,272.76
MEAT-PCKGD,HOT DOGS,92,206.28
MEAT-PCKGD,HOT DOGS,93,318.02
MEAT-PCKGD,HOT DOGS,94,305.78
MEAT-PCKGD,HOT DOGS,95,436.29
MEAT-PCKGD,HOT DOGS,96,300.35
MEAT-PCKGD,HOT DOGS,97,322.23
MEAT-PCKGD,HOT DOGS,98,386.68
MEAT-PCKGD,HOT DOGS,99,379.13
MEAT-PCKGD,HOT DOGS,100,221.88
MEAT-PCKGD,HOT DOGS,101,276.77
MEAT-PCKGD,HOT DOGS,102,149.93
MEAT-PCKGD,LUNCHMEAT,1,114.01
MEAT-PCKGD,LUNCHMEAT,2,132.37
MEAT-PCKGD,LUNCHMEAT,3,208.66
MEAT-PCKGD,LUNCHMEAT,4,186.08
MEAT-PCKGD,LUNCHMEAT,5,297.62
MEAT-PCKGD,LUNCHMEAT,6,288.52
MEAT-PCKGD,LUNCHMEAT,7,348.96
MEAT-PCKGD,LUNCHMEAT,8,396.72
MEAT-PCKGD,LUNCHMEAT,9,429.69
MEAT-PCKGD,LUNCHMEAT,10,503.92
MEAT-PCKGD,LUNCHMEAT,11,790.6
MEAT-PCKGD,LUNCHMEAT,12,659.25
MEAT-PCKGD,LUNCHMEAT,13,633.37
MEAT-PCKGD,LUNCHMEAT,14,874.03
MEAT-PCKGD,LUNCHMEAT,15,824.31
MEAT-PCKGD,LUNCHMEAT,16,976.53
MEAT-PCKGD,LUNCHMEAT,17,997.09
MEAT-PCKGD,LUNCHMEAT,18,914.68
MEAT-PCKGD,LUNCHMEAT,19,1110.75
MEAT-PCKGD,LUNCHMEAT,20,1437.46
MEAT-PCKGD,LUNCHMEAT,21,1146.98
MEAT-PCKGD,LUNCHMEAT,22,1046.2
MEAT-PCKGD,LUNCHMEAT,23,924.68
MEAT-PCKGD,LUNCHMEAT,24,981.77
MEAT-PCKGD,LUNCHMEAT,25,927.7
MEAT-PCKGD,LUNCHMEAT,26,1067.94
MEAT-PCKGD,LUNCHMEAT,27,1033.43
MEAT-PCKGD,LUNCHMEAT,28,986.19
MEAT-PCKGD,LUNCHMEAT,29,986.4
MEAT-PCKGD,LUNCHMEAT,30,782.08
MEAT-PCKGD,LUNCHMEAT,31,859.89
MEAT-PCKGD,LUNCHMEAT,32,881.16
MEAT-PCKGD,LUNCHMEAT,33,944.38
MEAT-PCKGD,LUNCHMEAT,34,912.67
MEAT-PCKGD,LUNCHMEAT,35,965.18
MEAT-PCKGD,LUNCHMEAT,36,758.65
MEAT-PCKGD,LUNCHMEAT,37,1233.49
MEAT-PCKGD,LUNCHMEAT,38,1064.9
MEAT-PCKGD,LUNCHMEAT,39,762.23
MEAT-PCKGD,LUNCHMEAT,40,734.18
MEAT-PCKGD,LUNCHMEAT,41,1123.92
MEAT-PCKGD,LUNCHMEAT,42,1279.56
MEAT-PCKGD,LUNCHMEAT,43,890.21
MEAT-PCKGD,LUNCHMEAT,44,951.64
MEAT-PCKGD,LUNCHMEAT,45,934.95
MEAT-PCKGD,LUNCHMEAT,46,1143.82
MEAT-PCKGD,LUNCHMEAT,47,974.52
MEAT-PCKGD,LUNCHMEAT,48,960.95
MEAT-PCKGD,LUNCHMEAT,49,1060.71
MEAT-PCKGD,LUNCHMEAT,50,1001.17
MEAT-PCKGD,LUNCHMEAT,51,1075.08
MEAT-PCKGD,LUNCHMEAT,52,852.31
MEAT-PCKGD,LUNCHMEAT,53,989.07
MEAT-PCKGD,LUNCHMEAT,54,1094.2
MEAT-PCKGD,LUNCHMEAT,55,780.21
MEAT-PCKGD,LUNCHMEAT,56,861.89
MEAT-PCKGD,LUNCHMEAT,57,1012.04
MEAT-PCKGD,LUNCHMEAT,58,911.13
MEAT-PCKGD,LUNCHMEAT,59,1142.39
MEAT-PCKGD,LUNCHMEAT,60,915.25
MEAT-PCKGD,LUNCHMEAT,61,973.04
MEAT-PCKGD,LUNCHMEAT,62,838.47
MEAT-PCKGD,LUNCHMEAT,63,1097.47
MEAT-PCKGD,LUNCHMEAT,64,1073.11
MEAT-PCKGD,LUNCHMEAT,65,1064.86
MEAT-PCKGD,LUNCHMEAT,66,978.44
MEAT-PCKGD,LUNCHMEAT,67,1083.22
MEAT-PCKGD,LUNCHMEAT,68,1068.09
MEAT-PCKGD,LUNCHMEAT,69,1047.59
MEAT-PCKGD,LUNCHMEAT,70,1035.1
MEAT-PCKGD,LUNCHMEAT,71,946.18
MEAT-PCKGD,LUNCHMEAT,72,1147.33
MEAT-PCKGD,LUNCHMEAT,73,1024.51
MEAT-PCKGD,LUNCHMEAT,74,1328.56
MEAT-PCKGD,LUNCHMEAT,75,987.21
MEAT-PCKGD,LUNCHMEAT,76,1052.1
MEAT-PCKGD,LUNCHMEAT,77,1049.81
MEAT-PCKGD,LUNCHMEAT,78,947.43
MEAT-PCKGD,LUNCHMEAT,79,870.03
MEAT-PCKGD,LUNCHMEAT,80,1092.92
MEAT-PCKGD,LUNCHMEAT,81,1130.63
MEAT-PCKGD,LUNCHMEAT,82,822.07
MEAT-PCKGD,LUNCHMEAT,83,994.56
MEAT-PCKGD,LUNCHMEAT,84,845.94
MEAT-PCKGD,LUNCHMEAT,85,1182.42
MEAT-PCKGD,LUNCHMEAT,86,895.71
MEAT-PCKGD,LUNCHMEAT,87,758.17
MEAT-PCKGD,LUNCHMEAT,88,746.58
MEAT-PCKGD,LUNCHMEAT,89,882.99
MEAT-PCKGD,LUNCHMEAT,90,939.87
MEAT-PCKGD,LUNCHMEAT,91,992.8
MEAT-PCKGD,LUNCHMEAT,92,798.76
MEAT-PCKGD,LUNCHMEAT,93,1093.08
MEAT-PCKGD,LUNCHMEAT,94,1287.8
MEAT-PCKGD,LUNCHMEAT,95,1068.13
MEAT-PCKGD,LUNCHMEAT,96,1032.29
MEAT-PCKGD,LUNCHMEAT,97,1051.1
MEAT-PCKGD,LUNCHMEAT,98,1234.67
MEAT-PCKGD,LUNCHMEAT,99,1183.68
MEAT-PCKGD,LUNCHMEAT,100,839.56
MEAT-PCKGD,LUNCHMEAT,101,892.24
MEAT-PCKGD,LUNCHMEAT,102,605.98
MEAT-PCKGD,MEAT - MISC,1,50.23
MEAT-PCKGD,MEAT - MISC,2,99.33
MEAT-PCKGD,MEAT - MISC,3,147.42
MEAT-PCKGD,MEAT - MISC,4,156.95
MEAT-PCKGD,MEAT - MISC,5,262.59
MEAT-PCKGD,MEAT - MISC,6,182.05
MEAT-PCKGD,MEAT - MISC,7,269.11
MEAT-PCKGD,MEAT - MISC,8,196.56
MEAT-PCKGD,MEAT - MISC,9,333.9
MEAT-PCKGD,MEAT - MISC,10,588.42
MEAT-PCKGD,MEAT - MISC,11,613.98
MEAT-PCKGD,MEAT - MISC,12,542.48
MEAT-PCKGD,MEAT - MISC,13,594.03
MEAT-PCKGD,MEAT - MISC,14,573.19
MEAT-PCKGD,MEAT - MISC,15,846.49
MEAT-PCKGD,MEAT - MISC,16,672.13
MEAT-PCKGD,MEAT - MISC,17,735.8
MEAT-PCKGD,MEAT - MISC,18,630.0
MEAT-PCKGD,MEAT - MISC,19,656.15
MEAT-PCKGD,MEAT - MISC,20,775.16
MEAT-PCKGD,MEAT - MISC,21,816.26
MEAT-PCKGD,MEAT - MISC,22,617.83
MEAT-PCKGD,MEAT - MISC,23,527.03
MEAT-PCKGD,MEAT - MISC,24,1064.1
MEAT-PCKGD,MEAT - MISC,25,765.62
MEAT-PCKGD,MEAT - MISC,26,821.84
MEAT-PCKGD,MEAT - MISC,27,557.81
MEAT-PCKGD,MEAT - MISC,28,695.47
MEAT-PCKGD,MEAT - MISC,29,611.88
MEAT-PCKGD,MEAT - MISC,30,597.1
MEAT-PCKGD,MEAT - MISC,31,497.8
MEAT-PCKGD,MEAT - MISC,32,626.04
MEAT-PCKGD,MEAT - MISC,33,673.07
MEAT-PCKGD,MEAT - MISC,34,446.71
MEAT-PCKGD,MEAT - MISC,35,433.82
MEAT-PCKGD,MEAT - MISC,36,392.12
MEAT-PCKGD,MEAT - MISC,37,697.7
MEAT-PCKGD,MEAT - MISC,38,751.56
MEAT-PCKGD,MEAT - MISC,39,469.87
MEAT-PCKGD,MEAT - MISC,40,470.33
MEAT-PCKGD,MEAT - MISC,41,593.84
MEAT-PCKGD,MEAT - MISC,42,1020.73
MEAT-PCKGD,MEAT - MISC,43,714.65
MEAT-PCKGD,MEAT - MISC,44,748.83
MEAT-PCKGD,MEAT - MISC,45,620.47
MEAT-PCKGD,MEAT - MISC,46,945.53
MEAT-PCKGD,MEAT - MISC,47,617.44
MEAT-PCKGD,MEAT - MISC,48,509.28
MEAT-PCKGD,MEAT - MISC,49,540.15
MEAT-PCKGD,MEAT - MISC,50,783.88
MEAT-PCKGD,MEAT - MISC,51,731.31
MEAT-PCKGD,MEAT - MISC,52,480.69
MEAT-PCKGD,MEAT - MISC,53,585.89
MEAT-PCKGD,MEAT - MISC,54,764.88
MEAT-PCKGD,MEAT - MISC,55,818.09
MEAT-PCKGD,MEAT - MISC,56,844.67
MEAT-PCKGD,MEAT - MISC,57,704.58
MEAT-PCKGD,MEAT - MISC,58,764.89
MEAT-PCKGD,MEAT - MISC,59,1033.91
MEAT-PCKGD,MEAT - MISC,60,725.91
MEAT-PCKGD,MEAT - MISC,61,713.13
MEAT-PCKGD,MEAT - MISC,62,955.25
MEAT-PCKGD,MEAT - MISC,63,945.23
MEAT-PCKGD,MEAT - MISC,64,762.33
MEAT-PCKGD,MEAT - MISC,65,685.58
MEAT-PCKGD,MEAT - MISC,66,676.28
MEAT-PCKGD,MEAT - MISC,67,1232.58
MEAT-PCKGD,MEAT - MISC,68,861.29
MEAT-PCKGD,MEAT - MISC,69,716.46
MEAT-PCKGD,MEAT - MISC,70,769.69
MEAT-PCKGD,MEAT - MISC,71,735.28
MEAT-PCKGD,MEAT - MISC,72,1117.44
MEAT-PCKGD,MEAT - MISC,73,776.2
MEAT-PCKGD,MEAT - MISC,74,612.86
MEAT-PCKGD,MEAT - MISC,75,637.56
MEAT-PCKGD,MEAT - MISC,76,915.5
MEAT-PCKGD,MEAT - MISC,77,879.96
MEAT-PCKGD,MEAT - MISC,78,563.66
MEAT-PCKGD,MEAT - MISC,79,527.13
MEAT-PCKGD,MEAT - MISC,80,773.87
MEAT-PCKGD,MEAT - MISC,81,807.93
MEAT-PCKGD,MEAT - MISC,82,654.95
MEAT-PCKGD,MEAT - MISC,83,563.02
MEAT-PCKGD,MEAT - MISC,84,501.97
MEAT-PCKGD,MEAT - MISC,85,772.44
MEAT-PCKGD,MEAT - MISC,86,626.97
MEAT-PCKGD,MEAT - MISC,87,513.73
MEAT-PCKGD,MEAT - MISC,88,364.27
MEAT-PCKGD,MEAT - MISC,89,797.47
MEAT-PCKGD,MEAT - MISC,90,750.93
MEAT-PCKGD,MEAT - MISC,91,410.84
MEAT-PCKGD,MEAT - MISC,92,402.74
MEAT-PCKGD,MEAT - MISC,93,707.7
MEAT-PCKGD,MEAT - MISC,94,1080.9
MEAT-PCKGD,MEAT - MISC,95,848.01
MEAT-PCKGD,MEAT - MISC,96,512.83
MEAT-PCKGD,MEAT - MISC,97,603.67
MEAT-PCKGD,MEAT - MISC,98,979.25
MEAT-PCKGD,MEAT - MISC,99,753.09
MEAT-PCKGD,MEAT - MISC,100,439.79
MEAT-PCKGD,MEAT - MISC,101,445.86
MEAT-PCKGD,MEAT - MISC,102,432.41
MEAT-PCKGD,MISCELLANEOUS,1,5.49
MEAT-PCKGD,MISCELLANEOUS,2,20.32
MEAT-PCKGD,MISCELLANEOUS,3,30.28
MEAT-PCKGD,MISCELLANEOUS,4,8.36
MEAT-PCKGD,MISCELLANEOUS,5,9.07
MEAT-PCKGD,MISCELLANEOUS,6,20.95
MEAT-PCKGD,MISCELLANEOUS,7,23.34
MEAT-PCKGD,MISCELLANEOUS,8,25.86
MEAT-PCKGD,MISCELLANEOUS,9,14.04
MEAT-PCKGD,MISCELLANEOUS,10,38.3
MEAT-PCKGD,MISCELLANEOUS,11,38.24
MEAT-PCKGD,MISCELLANEOUS,12,36.43
MEAT-PCKGD,MISCELLANEOUS,13,61.56
MEAT-PCKGD,MISCELLANEOUS,14,47.1
MEAT-PCKGD,MISCELLANEOUS,15,78.5
MEAT-PCKGD,MISCELLANEOUS,16,50.66
MEAT-PCKGD,MISCELLANEOUS,17,52.26
MEAT-PCKGD,MISCELLANEOUS,18,57.58
MEAT-PCKGD,MISCELLANEOUS,19,54.76
MEAT-PCKGD,MISCELLANEOUS,20,59.64
MEAT-PCKGD,MISCELLANEOUS,21,40.72
MEAT-PCKGD,MISCELLANEOUS,22,65.83
MEAT-PCKGD,MISCELLANEOUS,23,39.48
MEAT-PCKGD,MISCELLANEOUS,24,60.44
MEAT-PCKGD,MISCELLANEOUS,25,32.27
MEAT-PCKGD,MISCELLANEOUS,26,67.14
MEAT-PCKGD,MISCELLANEOUS,27,53.43
MEAT-PCKGD,MISCELLANEOUS,28,48.57
MEAT-PCKGD,MISCELLANEOUS,29,67.38
MEAT-PCKGD,MISCELLANEOUS,30,53.1
MEAT-PCKGD,MISCELLANEOUS,31,66.64
MEAT-PCKGD,MISCELLANEOUS,32,61.55
MEAT-PCKGD,MISCELLANEOUS,33,61.56
MEAT-PCKGD,MISCELLANEOUS,34,51.13
MEAT-PCKGD,MISCELLANEOUS,35,98.08
MEAT-PCKGD,MISCELLANEOUS,36,110.55
MEAT-PCKGD,MISCELLANEOUS,37,70.93
MEAT-PCKGD,MISCELLANEOUS,38,99.01
MEAT-PCKGD,MISCELLANEOUS,39,79.14
MEAT-PCKGD,MISCELLANEOUS,40,120.92
MEAT-PCKGD,MISCELLANEOUS,41,100.46
MEAT-PCKGD,MISCELLANEOUS,42,52.94
MEAT-PCKGD,MISCELLANEOUS,43,60.46
MEAT-PCKGD,MISCELLANEOUS,44,57.34
MEAT-PCKGD,MISCELLANEOUS,45,61.56
MEAT-PCKGD,MISCELLANEOUS,46,64.63
MEAT-PCKGD,MISCELLANEOUS,47,35.65
MEAT-PCKGD,MISCELLANEOUS,48,30.08
MEAT-PCKGD,MISCELLANEOUS,49,50.5
MEAT-PCKGD,MISCELLANEOUS,50,84.39
MEAT-PCKGD,MISCELLANEOUS,51,59.33
MEAT-PCKGD,MISCELLANEOUS,52,65.53
MEAT-PCKGD,MISCELLANEOUS,53,67.8
MEAT-PCKGD,MISCELLANEOUS,54,75.23
MEAT-PCKGD,MISCELLANEOUS,55,42.58
MEAT-PCKGD,MISCELLANEOUS,56,45.48
MEAT-PCKGD,MISCELLANEOUS,57,41.74
MEAT-PCKGD,MISCELLANEOUS,58,76.91
MEAT-PCKGD,MISCELLANEOUS,59,82.42
MEAT-PCKGD,MISCELLANEOUS,60,49.92
MEAT-PCKGD,MISCELLANEOUS,61,59.16
MEAT-PCKGD,MISCELLANEOUS,62,104.46
MEAT-PCKGD,MISCELLANEOUS,63,57.06
MEAT-PCKGD,MISCELLANEOUS,64,50.75
MEAT-PCKGD,MISCELLANEOUS,65,74.16
MEAT-PCKGD,MISCELLANEOUS,66,38.19
MEAT-PCKGD,MISCELLANEOUS,67,71.51
MEAT-PCKGD,MISCELLANEOUS,68,69.61
MEAT-PCKGD,MISCELLANEOUS,69,45.25
MEAT-PCKGD,MISCELLANEOUS,70,46.03
MEAT-PCKGD,MISCELLANEOUS,71,48.2
MEAT-PCKGD,MISCELLANEOUS,72,73.73
MEAT-PCKGD,MISCELLANEOUS,73,55.64
MEAT-PCKGD,MISCELLANEOUS,74,67.3
MEAT-PCKGD,MISCELLANEOUS,75,64.0
MEAT-PCKGD,MISCELLANEOUS,76,41.88
MEAT-PCKGD,MISCELLANEOUS,77,54.58
MEAT-PCKGD,MISCELLANEOUS,78,42.31
MEAT-PCKGD,MISCELLANEOUS,79,44.85
MEAT-PCKGD,MISCELLANEOUS,80,45.4
MEAT-PCKGD,MISCELLANEOUS,81,78.01
MEAT-PCKGD,MISCELLANEOUS,82,58.63
MEAT-PCKGD,MISCELLANEOUS,83,50.78
MEAT-PCKGD,MISCELLANEOUS,84,48.59
MEAT-PCKGD,MISCELLANEOUS,85,55.04
MEAT-PCKGD,MISCELLANEOUS,86,106.09
MEAT-PCKGD,MISCELLANEOUS,87,97.62
MEAT-PCKGD,MISCELLANEOUS,88,50.7
MEAT-PCKGD,MISCELLANEOUS,89,48.05
MEAT-PCKGD,MISCELLANEOUS,90,42.61
MEAT-PCKGD,MISCELLANEOUS,91,41.51
MEAT-PCKGD,MISCELLANEOUS,92,102.99
MEAT-PCKGD,MISCELLANEOUS,93,160.22
MEAT-PCKGD,MISCELLANEOUS,94,87.51
MEAT-PCKGD,MISCELLANEOUS,95,69.21
MEAT-PCKGD,MISCELLANEOUS,96,45.38
MEAT-PCKGD,MISCELLANEOUS,97,90.58
MEAT-PCKGD,MISCELLANEOUS,98,64.25
MEAT-PCKGD,MISCELLANEOUS,99,81.22
MEAT-PCKGD,MISCELLANEOUS,100,46.7
MEAT-PCKGD,MISCELLANEOUS,101,73.72
MEAT-PCKGD,MISCELLANEOUS,102,37.65
MEAT-WHSE,COUPON,76,5.0
MEAT-WHSE,COUPON,77,1.0
MEAT-WHSE,COUPON,78,1.0
PASTRY,BAKERY PARTY TRAYS,10,3.99
PASTRY,BAKERY PARTY TRAYS,14,1.39
PASTRY,BAKERY PARTY TRAYS,15,44.82
PASTRY,BAKERY PARTY TRAYS,20,3.99
PASTRY,BAKERY PARTY TRAYS,26,8.34
PASTRY,BAKERY PARTY TRAYS,27,3.12
PASTRY,BAKERY PARTY TRAYS,28,1.39
PASTRY,BAKERY PARTY TRAYS,29,5.99
PASTRY,BAKERY PARTY TRAYS,30,12.98
PASTRY,BAKERY PARTY TRAYS,31,10.98
PASTRY,BAKERY PARTY TRAYS,32,16.97
PASTRY,BAKERY PARTY TRAYS,33,17.97
PASTRY,BAKERY PARTY TRAYS,34,4.99
PASTRY,BAKERY PARTY TRAYS,37,21.96
PASTRY,BAKERY PARTY TRAYS,38,15.97
PASTRY,BAKERY PARTY TRAYS,39,39.94
PASTRY,BAKERY PARTY TRAYS,40,5.99
PASTRY,BAKERY PARTY TRAYS,41,7.98
PASTRY,BAKERY PARTY TRAYS,42,5.99
PASTRY,BAKERY PARTY TRAYS,43,4.99
PASTRY,BAKERY PARTY TRAYS,44,11.98
PASTRY,BAKERY PARTY TRAYS,45,18.97
PASTRY,BAKERY PARTY TRAYS,46,4.99
PASTRY,BAKERY PARTY TRAYS,47,26.02
PASTRY,BAKERY PARTY TRAYS,48,9.98
PASTRY,BAKERY PARTY TRAYS,49,3.99
PASTRY,BAKERY PARTY TRAYS,51,3.99
PASTRY,BAKERY PARTY TRAYS,52,3.99
PASTRY,BAKERY PARTY TRAYS,53,5.99
PASTRY,BAKERY PARTY TRAYS,55,13.48
PASTRY,BAKERY PARTY TRAYS,56,7.49
PASTRY,BAKERY PARTY TRAYS,57,5.99
PASTRY,BAKERY PARTY TRAYS,58,5.99
PASTRY,BAKERY PARTY TRAYS,60,12.99
PASTRY,BAKERY PARTY TRAYS,61,5.99
PASTRY,BAKERY PARTY TRAYS,62,14.27
PASTRY,BAKERY PARTY TRAYS,63,14.98
PASTRY,BAKERY PARTY TRAYS,64,3.99
PASTRY,BAKERY PARTY TRAYS,67,10.28
PASTRY,BAKERY PARTY TRAYS,70,42.95
PASTRY,BAKERY PARTY TRAYS,72,11.97
PASTRY,BAKERY PARTY TRAYS,73,7.98
PASTRY,BAKERY PARTY TRAYS,74,3.99
PASTRY,BAKERY PARTY TRAYS,77,3.99
PASTRY,BAKERY PARTY TRAYS,79,3.99
PASTRY,BAKERY PARTY TRAYS,80,3.99
PASTRY,BAKERY PARTY TRAYS,81,11.98
PASTRY,BAKERY PARTY TRAYS,82,20.97
PASTRY,BAKERY PARTY TRAYS,83,13.98
PASTRY,BAKERY PARTY TRAYS,84,41.94
PASTRY,BAKERY PARTY TRAYS,86,10.98
PASTRY,BAKERY PARTY TRAYS,87,74.88
PASTRY,BAKERY PARTY TRAYS,88,18.98
PASTRY,BAKERY PARTY TRAYS,89,10.98
PASTRY,BAKERY PARTY TRAYS,90,37.36
PASTRY,BAKERY PARTY TRAYS,91,59.92
PASTRY,BAKERY PARTY TRAYS,92,32.72
PASTRY,BAKERY PARTY TRAYS,93,11.98
PASTRY,BAKERY PARTY TRAYS,94,27.96
PASTRY,BAKERY PARTY TRAYS,96,19.97
PASTRY,BAKERY PARTY TRAYS,97,11.98
PASTRY,BAKERY PARTY TRAYS,98,26.95
PASTRY,BAKERY PARTY TRAYS,99,19.97
PASTRY,BAKERY PARTY TRAYS,100,10.99
PASTRY,BAKERY PARTY TRAYS,102,3.99
PASTRY,BREAD,1,16.22
PASTRY,BREAD,2,30.45
PASTRY,BREAD,3,18.22
PASTRY,BREAD,4,21.21
PASTRY,BREAD,5,45.49
PASTRY,BREAD,6,37.91
PASTRY,BREAD,7,69.88
PASTRY,BREAD,8,46.08
PASTRY,BREAD,9,39.7
PASTRY,BREAD,10,78.59
PASTRY,BREAD,11,106.56
PASTRY,BREAD,12,108.62
PASTRY,BREAD,13,98.76
PASTRY,BREAD,14,117.49
PASTRY,BREAD,15,143.77
PASTRY,BREAD,16,188.65
PASTRY,BREAD,17,148.43
PASTRY,BREAD,18,151.46
PASTRY,BREAD,19,180.38
PASTRY,BREAD,20,153.74
PASTRY,BREAD,21,151.73
PASTRY,BREAD,22,138.88
PASTRY,BREAD,23,167.95
PASTRY,BREAD,24,190.77
PASTRY,BREAD,25,171.93
PASTRY,BREAD,26,193.45
PASTRY,BREAD,27,177.16
PASTRY,BREAD,28,175.75
PASTRY,BREAD,29,180.72
PASTRY,BREAD,30,189.08
PASTRY,BREAD,31,178.41
PASTRY,BREAD,32,184.79
PASTRY,BREAD,33,152.95
PASTRY,BREAD,34,175.73
PASTRY,BREAD,35,186.87
PASTRY,BREAD,36,180.36
PASTRY,BREAD,37,193.06
PASTRY,BREAD,38,199.07
PASTRY,BREAD,39,218.16
PASTRY,BREAD,40,263.91
PASTRY,BREAD,41,207.72
PASTRY,BREAD,42,202.23
PASTRY,BREAD,43,225.38
PASTRY,BREAD,44,200.23
PASTRY,BREAD,45,204.7
PASTRY,BREAD,46,216.5
PASTRY,BREAD,47,230.52
PASTRY,BREAD,48,183.78
PASTRY,BREAD,49,205.33
PASTRY,BREAD,50,232.03
PASTRY,BREAD,51,212.52
PASTRY,BREAD,52,201.45
PASTRY,BREAD,53,175.35
PASTRY,BREAD,54,172.99
PASTRY,BREAD,55,161.27
PASTRY,BREAD,56,202.98
PASTRY,BREAD,57,199.15
PASTRY,BREAD,58,165.35
PASTRY,BREAD,59,205.23
PASTRY,BREAD,60,161.25
PASTRY,BREAD,61,173.78
PASTRY,BREAD,62,162.1
PASTRY,BREAD,63,161.83
PASTRY,BREAD,64,170.65
PASTRY,BREAD,65,202.13
PASTRY,BREAD,66,129.31
PASTRY,BREAD,67,189.77
PASTRY,BREAD,68,230.17
PASTRY,BREAD,69,144.37
PASTRY,BREAD,70,176.2
PASTRY,BREAD,71,152.56
PASTRY,BREAD,72,194.56
PASTRY,BREAD,73,179.49
PASTRY,BREAD,74,190.91
PASTRY,BREAD,75,157.01
PASTRY,BREAD,76,203.16
PASTRY,BREAD,77,186.79
PASTRY,BREAD,78,158.71
PASTRY,BREAD,79,184.6
PASTRY,BREAD,80,208.74
PASTRY,BREAD,81,207.61
PASTRY,BREAD,82,148.82
PASTRY,BREAD,83,172.1
PASTRY,BREAD,84,213.08
PASTRY,BREAD,85,203.67
PASTRY,BREAD,86,247.27
PASTRY,BREAD,87,196.71
PASTRY,BREAD,88,149.74
PASTRY,BREAD,89,177.31
PASTRY,BREAD,90,205.61
PASTRY,BREAD,91,248.72
PASTRY,BREAD,92,233.04
PASTRY,BREAD,93,228.64
PASTRY,BREAD,94,257.91
PASTRY,BREAD,95,222.51
PASTRY,BREAD,96,207.71
PASTRY,BREAD,97,206.05
PASTRY,BREAD,98,227.03
PASTRY,BREAD,99,222.54
PASTRY,BREAD,100,196.08
PASTRY,BREAD,101,201.5
PASTRY,BREAD,102,115.63
PASTRY,BREAKFAST SWEETS,1,27.11
PASTRY,BREAKFAST SWEETS,2,41.4
PASTRY,BREAKFAST SWEETS,3,42.75
PASTRY,BREAKFAST SWEETS,4,43.82
PASTRY,BREAKFAST SWEETS,5,94.16
PASTRY,BREAKFAST SWEETS,6,58.55
PASTRY,BREAKFAST SWEETS,7,78.34
PASTRY,BREAKFAST SWEETS,8,126.59
PASTRY,BREAKFAST SWEETS,9,100.55
PASTRY,BREAKFAST SWEETS,10,107.37
PASTRY,BREAKFAST SWEETS,11,175.46
PASTRY,BREAKFAST SWEETS,12,134.19
PASTRY,BREAKFAST SWEETS,13,163.75
PASTRY,BREAKFAST SWEETS,14,179.76
PASTRY,BREAKFAST SWEETS,15,209.07
PASTRY,BREAKFAST SWEETS,16,193.5
PASTRY,BREAKFAST SWEETS,17,182.89
PASTRY,BREAKFAST SWEETS,18,203.58
PASTRY,BREAKFAST SWEETS,19,176.83
PASTRY,BREAKFAST SWEETS,20,182.8
PASTRY,BREAKFAST SWEETS,21,188.48
PASTRY,BREAKFAST SWEETS,22,180.39
PASTRY,BREAKFAST SWEETS,23,198.47
PASTRY,BREAKFAST SWEETS,24,143.98
PASTRY,BREAKFAST SWEETS,25,237.83
PASTRY,BREAKFAST SWEETS,26,238.26
PASTRY,BREAKFAST SWEETS,27,241.2
PASTRY,BREAKFAST SWEETS,28,180.84
PASTRY,BREAKFAST SWEETS,29,212.88
PASTRY,BREAKFAST SWEETS,30,177.91
PASTRY,BREAKFAST SWEETS,31,196.66
PASTRY,BREAKFAST SWEETS,32,176.34
PASTRY,BREAKFAST SWEETS,33,169.82
PASTRY,BREAKFAST SWEETS,34,220.38
PASTRY,BREAKFAST SWEETS,35,164.47
PASTRY,BREAKFAST SWEETS,36,196.53
PASTRY,BREAKFAST SWEETS,37,233.88
PASTRY,BREAKFAST SWEETS,38,305.21
PASTRY,BREAKFAST SWEETS,39,174.78
PASTRY,BREAKFAST SWEETS,40,207.9
PASTRY,BREAKFAST SWEETS,41,214.06
PASTRY,BREAKFAST SWEETS,42,222.78
PASTRY,BREAKFAST SWEETS,43,165.83
PASTRY,BREAKFAST SWEETS,44,158.15
PASTRY,BREAKFAST SWEETS,45,120.53
PASTRY,BREAKFAST SWEETS,46,235.45
PASTRY,BREAKFAST SWEETS,47,211.56
PASTRY,BREAKFAST SWEETS,48,156.85
PASTRY,BREAKFAST SWEETS,49,234.03
PASTRY,BREAKFAST SWEETS,50,214.87
PASTRY,BREAKFAST SWEETS,51,178.73
PASTRY,BREAKFAST SWEETS,52,213.79
PASTRY,BREAKFAST SWEETS,53,218.69
PASTRY,BREAKFAST SWEETS,54,256.68
PASTRY,BREAKFAST SWEETS,55,203.35
PASTRY,BREAKFAST SWEETS,56,211.98
PASTRY,BREAKFAST SWEETS,57,215.51
PASTRY,BREAKFAST SWEETS,58,210.16
PASTRY,BREAKFAST SWEETS,59,209.05
PASTRY,BREAKFAST SWEETS,60,279.95
PASTRY,BREAKFAST SWEETS,61,219.69
PASTRY,BREAKFAST SWEETS,62,165.42
PASTRY,BREAKFAST SWEETS,63,219.29
PASTRY,BREAKFAST SWEETS,64,245.72
PASTRY,BREAKFAST SWEETS,65,236.6
PASTRY,BREAKFAST SWEETS,66,236.5
PASTRY,BREAKFAST SWEETS,67,205.4
PASTRY,BREAKFAST SWEETS,68,288.98
PASTRY,BREAKFAST SWEETS,69,198.25
PASTRY,BREAKFAST SWEETS,70,198.88
PASTRY,BREAKFAST SWEETS,71,235.49
PASTRY,BREAKFAST SWEETS,72,316.62
PASTRY,BREAKFAST SWEETS,73,245.7
PASTRY,BREAKFAST SWEETS,74,208.46
PASTRY,BREAKFAST SWEETS,75,165.35
PASTRY,BREAKFAST SWEETS,76,176.98
PASTRY,BREAKFAST SWEETS,77,196.69
PASTRY,BREAKFAST SWEETS,78,208.36
PASTRY,BREAKFAST SWEETS,79,274.17
PASTRY,BREAKFAST SWEETS,80,213.86
PASTRY,BREAKFAST SWEETS,81,181.98
PASTRY,BREAKFAST SWEETS,82,184.3
PASTRY,BREAKFAST SWEETS,83,191.61
PASTRY,BREAKFAST SWEETS,84,221.4
PASTRY,BREAKFAST SWEETS,85,237.59
PASTRY,BREAKFAST SWEETS,86,194.33
PASTRY,BREAKFAST SWEETS,87,182.7
PASTRY,BREAKFAST SWEETS,88,156.98
PASTRY,BREAKFAST SWEETS,89,222.45
PASTRY,BREAKFAST SWEETS,90,248.36
PASTRY,BREAKFAST SWEETS,91,179.97
PASTRY,BREAKFAST SWEETS,92,211.81
PASTRY,BREAKFAST SWEETS,93,214.76
PASTRY,BREAKFAST SWEETS,94,155.01
PASTRY,BREAKFAST SWEETS,95,232.13
PASTRY,BREAKFAST SWEETS,96,232.68
PASTRY,BREAKFAST SWEETS,97,244.4
PASTRY,BREAKFAST SWEETS,98,233.43
PASTRY,BREAKFAST SWEETS,99,252.73
PASTRY,BREAKFAST SWEETS,100,231.63
PASTRY,BREAKFAST SWEETS,101,173.64
PASTRY,BREAKFAST SWEETS,102,123.39
PASTRY,CAKES,1,45.83
PASTRY,CAKES,2,18.48
PASTRY,CAKES,3,64.18
PASTRY,CAKES,4,116.56
PASTRY,CAKES,5,154.35
PASTRY,CAKES,6,110.85
PASTRY,CAKES,7,257.04
PASTRY,CAKES,8,189.93
PASTRY,CAKES,9,190.15
PASTRY,CAKES,10,239.42
PASTRY,CAKES,11,247.84
PASTRY,CAKES,12,293.05
PASTRY,CAKES,13,266.07
PASTRY,CAKES,14,256.01
PASTRY,CAKES,15,425.26
PASTRY,CAKES,16,360.97
PASTRY,CAKES,17,320.9
PASTRY,CAKES,18,216.56
PASTRY,CAKES,19,322.25
PASTRY,CAKES,20,485.0
PASTRY,CAKES,21,523.86
PASTRY,CAKES,22,253.37
PASTRY,CAKES,23,443.4
PASTRY,CAKES,24,470.11
PASTRY,CAKES,25,491.3
PASTRY,CAKES,26,418.11
PASTRY,CAKES,27,299.37
PASTRY,CAKES,28,352.85
PASTRY,CAKES,29,374.36
PASTRY,CAKES,30,373.42
PASTRY,CAKES,31,269.23
PASTRY,CAKES,32,729.66
PASTRY,CAKES,33,334.79
PASTRY,CAKES,34,351.14
PASTRY,CAKES,35,375.45
PASTRY,CAKES,36,371.59
PASTRY,CAKES,37,384.69
PASTRY,CAKES,38,385.51
PASTRY,CAKES,39,440.54
PASTRY,CAKES,40,310.61
PASTRY,CAKES,41,246.03
PASTRY,CAKES,42,434.67
PASTRY,CAKES,43,302.94
PASTRY,CAKES,44,601.81
PASTRY,CAKES,45,391.41
PASTRY,CAKES,46,467.58
PASTRY,CAKES,47,610.78
PASTRY,CAKES,48,274.4
PASTRY,CAKES,49,211.38
PASTRY,CAKES,50,456.71
PASTRY,CAKES,51,306.4
PASTRY,CAKES,52,570.44
PASTRY,CAKES,53,306.24
PASTRY,CAKES,54,381.78
PASTRY,CAKES,55,340.26
PASTRY,CAKES,56,504.67
PASTRY,CAKES,57,352.08
PASTRY,CAKES,58,584.0
PASTRY,CAKES,59,329.6
PASTRY,CAKES,60,682.27
PASTRY,CAKES,61,564.9
PASTRY,CAKES,62,594.35
PASTRY,CAKES,63,489.64
PASTRY,CAKES,64,623.34
PASTRY,CAKES,65,432.08
PASTRY,CAKES,66,413.42
PASTRY,CAKES,67,564.82
PASTRY,CAKES,68,235.76
PASTRY,CAKES,69,420.2
PASTRY,CAKES,70,486.67
PASTRY,CAKES,71,343.66
PASTRY,CAKES,72,476.83
PASTRY,CAKES,73,489.83
PASTRY,CAKES,74,323.26
PASTRY,CAKES,75,349.71
PASTRY,CAKES,76,552.9
PASTRY,CAKES,77,380.11
PASTRY,CAKES,78,358.29
PASTRY,CAKES,79,310.52
PASTRY,CAKES,80,624.43
PASTRY,CAKES,81,290.97
PASTRY,CAKES,82,499.57
PASTRY,CAKES,83,374.28
PASTRY,CAKES,84,514.5
PASTRY,CAKES,85,482.94
PASTRY,CAKES,86,342.31
PASTRY,CAKES,87,510.0
PASTRY,CAKES,88,443.0
PASTRY,CAKES,89,301.23
PASTRY,CAKES,90,360.31
PASTRY,CAKES,91,402.07
PASTRY,CAKES,92,325.47
PASTRY,CAKES,93,445.52
PASTRY,CAKES,94,266.09
PASTRY,CAKES,95,255.39
PASTRY,CAKES,96,513.65
PASTRY,CAKES,97,284.57
PASTRY,CAKES,98,650.66
PASTRY,CAKES,99,525.09
PASTRY,CAKES,100,459.11
PASTRY,CAKES,101,334.84
PASTRY,CAKES,102,184.85
PASTRY,COOKIES,1,28.46
PASTRY,COOKIES,2,14.39
PASTRY,COOKIES,3,26.98
PASTRY,COOKIES,4,43.96
PASTRY,COOKIES,5,41.96
PASTRY,COOKIES,6,33.41
PASTRY,COOKIES,7,68.17
PASTRY,COOKIES,8,74.39
PASTRY,COOKIES,9,98.9
PASTRY,COOKIES,10,90.49
PASTRY,COOKIES,11,169.93
PASTRY,COOKIES,12,119.79
PASTRY,COOKIES,13,114.16
PASTRY,COOKIES,14,120.2
PASTRY,COOKIES,15,200.59
PASTRY,COOKIES,16,187.94
PASTRY,COOKIES,17,151.24
PASTRY,COOKIES,18,143.06
PASTRY,COOKIES,19,175.11
PASTRY,COOKIES,20,153.26
PASTRY,COOKIES,21,123.07
PASTRY,COOKIES,22,157.94
PASTRY,COOKIES,23,216.46
PASTRY,COOKIES,24,175.03
PASTRY,COOKIES,25,147.7
PASTRY,COOKIES,26,105.72
PASTRY,COOKIES,27,141.75
PASTRY,COOKIES,28,103.23
PASTRY,COOKIES,29,146.2
PASTRY,COOKIES,30,184.75
PASTRY,COOKIES,31,160.46
PASTRY,COOKIES,32,209.01
PASTRY,COOKIES,33,173.07
PASTRY,COOKIES,34,164.12
PASTRY,COOKIES,35,135.7
PASTRY,COOKIES,36,78.81
PASTRY,COOKIES,37,286.06
PASTRY,COOKIES,38,227.51
PASTRY,COOKIES,39,203.9
PASTRY,COOKIES,40,83.66
PASTRY,COOKIES,41,106.67
PASTRY,COOKIES,42,97.35
PASTRY,COOKIES,43,145.01
PASTRY,COOKIES,44,128.77
PASTRY,COOKIES,45,120.51
PASTRY,COOKIES,46,223.85
PASTRY,COOKIES,47,198.64
PASTRY,COOKIES,48,109.4
PASTRY,COOKIES,49,79.85
PASTRY,COOKIES,50,115.48
PASTRY,COOKIES,51,107.08
PASTRY,COOKIES,52,180.96
PASTRY,COOKIES,53,112.03
PASTRY,COOKIES,54,129.4
PASTRY,COOKIES,55,139.48
PASTRY,COOKIES,56,160.56
PASTRY,COOKIES,57,182.9
PASTRY,COOKIES,58,151.0
PASTRY,COOKIES,59,164.1
PASTRY,COOKIES,60,251.8
PASTRY,COOKIES,61,172.73
PASTRY,COOKIES,62,127.01
PASTRY,COOKIES,63,223.09
PASTRY,COOKIES,64,186.06
PASTRY,COOKIES,65,130.78
PASTRY,COOKIES,66,132.85
PASTRY,COOKIES,67,190.39
PASTRY,COOKIES,68,132.79
PASTRY,COOKIES,69,135.48
PASTRY,COOKIES,70,136.02
PASTRY,COOKIES,71,145.93
PASTRY,COOKIES,72,115.76
PASTRY,COOKIES,73,163.82
PASTRY,COOKIES,74,159.18
PASTRY,COOKIES,75,161.82
PASTRY,COOKIES,76,196.51
PASTRY,COOKIES,77,194.94
PASTRY,COOKIES,78,150.9
PASTRY,COOKIES,79,110.09
PASTRY,COOKIES,80,188.41
PASTRY,COOKIES,81,237.82
PASTRY,COOKIES,82,175.56
PASTRY,COOKIES,83,161.57
PASTRY,COOKIES,84,279.31
PASTRY,COOKIES,85,130.75
PASTRY,COOKIES,86,152.32
PASTRY,COOKIES,87,228.3
PASTRY,COOKIES,88,130.18
PASTRY,COOKIES,89,227.13
PASTRY,COOKIES,90,218.21
PASTRY,COOKIES,91,318.33
PASTRY,COOKIES,92,195.19
PASTRY,COOKIES,93,93.99
PASTRY,COOKIES,94,180.68
PASTRY,COOKIES,95,141.8
PASTRY,COOKIES,96,148.24
PASTRY,COOKIES,97,148.06
PASTRY,COOKIES,98,201.38
PASTRY,COOKIES,99,168.8
PASTRY,COOKIES,100,137.78
PASTRY,COOKIES,101,119.05
PASTRY,COOKIES,102,68.64
PASTRY,DELI SUPPLIES,2,15.74
PASTRY,DELI SUPPLIES,5,1.25
PASTRY,DELI SUPPLIES,6,0.99
PASTRY,DELI SUPPLIES,7,1.99
PASTRY,DELI SUPPLIES,8,14.6
PASTRY,DELI SUPPLIES,9,18.46
PASTRY,DELI SUPPLIES,10,12.48
PASTRY,DELI SUPPLIES,11,2.29
PASTRY,DELI SUPPLIES,12,8.09
PASTRY,DELI SUPPLIES,13,9.47
PASTRY,DELI SUPPLIES,14,4.79
PASTRY,DELI SUPPLIES,15,6.96
PASTRY,DELI SUPPLIES,16,23.89
PASTRY,DELI SUPPLIES,18,14.36
PASTRY,DELI SUPPLIES,19,20.95
PASTRY,DELI SUPPLIES,20,4.28
PASTRY,DELI SUPPLIES,21,9.98
PASTRY,DELI SUPPLIES,22,7.48
PASTRY,DELI SUPPLIES,23,12.18
PASTRY,DELI SUPPLIES,24,1.0
PASTRY,DELI SUPPLIES,25,4.19
PASTRY,DELI SUPPLIES,26,8.98
PASTRY,DELI SUPPLIES,27,14.35
PASTRY,DELI SUPPLIES,28,13.27
PASTRY,DELI SUPPLIES,29,19.92
PASTRY,DELI SUPPLIES,30,24.04
PASTRY,DELI SUPPLIES,31,11.56
PASTRY,DELI SUPPLIES,32,19.97
PASTRY,DELI SUPPLIES,33,18.92
PASTRY,DELI SUPPLIES,34,12.87
PASTRY,DELI SUPPLIES,36,22.14
PASTRY,DELI SUPPLIES,37,4.5
PASTRY,DELI SUPPLIES,38,11.23
PASTRY,DELI SUPPLIES,39,34.68
PASTRY,DELI SUPPLIES,40,18.77
PASTRY,DELI SUPPLIES,41,6.48
PASTRY,DELI SUPPLIES,42,11.73
PASTRY,DELI SUPPLIES,43,7.68
PASTRY,DELI SUPPLIES,44,18.26
PASTRY,DELI SUPPLIES,45,4.94
PASTRY,DELI SUPPLIES,46,7.53
PASTRY,DELI SUPPLIES,47,13.49
PASTRY,DELI SUPPLIES,48,7.49
PASTRY,DELI SUPPLIES,49,6.25
PASTRY,DELI SUPPLIES,50,8.5
PASTRY,DELI SUPPLIES,51,10.98
PASTRY,DELI SUPPLIES,52,3.31
PASTRY,DELI SUPPLIES,53,14.53
PASTRY,DELI SUPPLIES,54,13.19
PASTRY,DELI SUPPLIES,55,6.98
PASTRY,DELI SUPPLIES,56,22.99
PASTRY,DELI SUPPLIES,57,17.77
PASTRY,DELI SUPPLIES,58,29.49
PASTRY,DELI SUPPLIES,59,2.99
PASTRY,DELI SUPPLIES,60,7.5
PASTRY,DELI SUPPLIES,61,10.5
PASTRY,DELI SUPPLIES,62,31.07
PASTRY,DELI SUPPLIES,63,6.66
PASTRY,DELI SUPPLIES,64,4.09
PASTRY,DELI SUPPLIES,65,8.49
PASTRY,DELI SUPPLIES,66,17.86
PASTRY,DELI SUPPLIES,67,11.29
PASTRY,DELI SUPPLIES,68,20.13
PASTRY,DELI SUPPLIES,69,3.25
PASTRY,DELI SUPPLIES,70,9.17
PASTRY,DELI SUPPLIES,72,14.68
PASTRY,DELI SUPPLIES,73,13.57
PASTRY,DELI SUPPLIES,74,8.48
PASTRY,DELI SUPPLIES,75,10.74
PASTRY,DELI SUPPLIES,76,10.47
PASTRY,DELI SUPPLIES,77,3.0
PASTRY,DELI SUPPLIES,78,9.74
PASTRY,DELI SUPPLIES,79,8.69
PASTRY,DELI SUPPLIES,80,14.17
PASTRY,DELI SUPPLIES,81,2.75
PASTRY,DELI SUPPLIES,82,0.69
PASTRY,DELI SUPPLIES,83,1.0
PASTRY,DELI SUPPLIES,84,2.85
PASTRY,DELI SUPPLIES,85,3.29
PASTRY,DELI SUPPLIES,86,1.29
PASTRY,DELI SUPPLIES,87,14.46
PASTRY,DELI SUPPLIES,88,11.76
PASTRY,DELI SUPPLIES,89,11.65
PASTRY,DELI SUPPLIES,90,6.98
PASTRY,DELI SUPPLIES,91,1.99
PASTRY,DELI SUPPLIES,92,5.25
PASTRY,DELI SUPPLIES,93,27.49
PASTRY,DELI SUPPLIES,94,19.49
PASTRY,DELI SUPPLIES,95,3.19
PASTRY,DELI SUPPLIES,96,33.9
PASTRY,DELI SUPPLIES,97,6.49
PASTRY,DELI SUPPLIES,98,32.21
PASTRY,DELI SUPPLIES,99,31.3
PASTRY,DELI SUPPLIES,100,1.0
PASTRY,DELI SUPPLIES,101,38.97
PASTRY,DELI SUPPLIES,102,2.0
PASTRY,PIES,1,12.98
PASTRY,PIES,2,20.96
PASTRY,PIES,3,12.46
PASTRY,PIES,4,7.98
PASTRY,PIES,5,10.98
PASTRY,PIES,6,42.41
PASTRY,PIES,7,47.39
PASTRY,PIES,8,62.84
PASTRY,PIES,9,58.82
PASTRY,PIES,10,77.4
PASTRY,PIES,11,33.89
PASTRY,PIES,12,55.85
PASTRY,PIES,13,34.41
PASTRY,PIES,14,83.32
PASTRY,PIES,15,151.17
PASTRY,PIES,16,104.36
PASTRY,PIES,17,93.79
PASTRY,PIES,18,80.81
PASTRY,PIES,19,89.29
PASTRY,PIES,20,78.32
PASTRY,PIES,21,97.56
PASTRY,PIES,22,58.35
PASTRY,PIES,23,111.25
PASTRY,PIES,24,98.26
PASTRY,PIES,25,63.86
PASTRY,PIES,26,127.1
PASTRY,PIES,27,111.98
PASTRY,PIES,28,139.7
PASTRY,PIES,29,174.16
PASTRY,PIES,30,170.14
PASTRY,PIES,31,181.12
PASTRY,PIES,32,152.16
PASTRY,PIES,33,253.92
PASTRY,PIES,34,172.64
PASTRY,PIES,35,475.71
PASTRY,PIES,36,688.86
PASTRY,PIES,37,140.21
PASTRY,PIES,38,163.25
PASTRY,PIES,39,153.4
PASTRY,PIES,40,300.81
PASTRY,PIES,41,113.24
PASTRY,PIES,42,85.32
PASTRY,PIES,43,52.38
PASTRY,PIES,44,70.84
PASTRY,PIES,45,48.88
PASTRY,PIES,46,77.8
PASTRY,PIES,47,91.28
PASTRY,PIES,48,88.31
PASTRY,PIES,49,92.62
PASTRY,PIES,50,77.35
PASTRY,PIES,51,147.9
PASTRY,PIES,52,87.69
PASTRY,PIES,53,164.63
PASTRY,PIES,54,133.31
PASTRY,PIES,55,91.25
PASTRY,PIES,56,144.88
PASTRY,PIES,57,87.81
PASTRY,PIES,58,121.98
PASTRY,PIES,59,85.81
PASTRY,PIES,60,77.01
PASTRY,PIES,61,105.24
PASTRY,PIES,62,161.15
PASTRY,PIES,63,100.25
PASTRY,PIES,64,111.47
PASTRY,PIES,65,141.74
PASTRY,PIES,66,99.16
PASTRY,PIES,67,169.76
PASTRY,PIES,68,78.27
PASTRY,PIES,69,116.78
PASTRY,PIES,70,159.57
PASTRY,PIES,71,119.07
PASTRY,PIES,72,98.09
PASTRY,PIES,73,121.52
PASTRY,PIES,74,117.69
PASTRY,PIES,75,110.26
PASTRY,PIES,76,146.0
PASTRY,PIES,77,61.08
PASTRY,PIES,78,149.19
PASTRY,PIES,79,135.87
PASTRY,PIES,80,102.42
PASTRY,PIES,81,202.43
PASTRY,PIES,82,206.81
PASTRY,PIES,83,213.81
PASTRY,PIES,84,213.96
PASTRY,PIES,85,175.61
PASTRY,PIES,86,188.97
PASTRY,PIES,87,358.54
PASTRY,PIES,88,471.98
PASTRY,PIES,89,105.28
PASTRY,PIES,90,92.64
PASTRY,PIES,91,146.1
PASTRY,PIES,92,303.33
PASTRY,PIES,93,119.64
PASTRY,PIES,94,69.46
PASTRY,PIES,95,43.41
PASTRY,PIES,96,65.36
PASTRY,PIES,97,54.73
PASTRY,PIES,98,152.41
PASTRY,PIES,99,130.75
PASTRY,PIES,100,95.34
PASTRY,PIES,101,96.8
PASTRY,PIES,102,48.47
PASTRY,ROLLS,1,18.35
PASTRY,ROLLS,2,31.98
PASTRY,ROLLS,3,33.49
PASTRY,ROLLS,4,22.53
PASTRY,ROLLS,5,39.25
PASTRY,ROLLS,6,44.38
PASTRY,ROLLS,7,28.16
PASTRY,ROLLS,8,60.73
PASTRY,ROLLS,9,44.73
PASTRY,ROLLS,10,64.33
PASTRY,ROLLS,11,71.89
PASTRY,ROLLS,12,61.15
PASTRY,ROLLS,13,57.94
PASTRY,ROLLS,14,67.62
PASTRY,ROLLS,15,101.9
PASTRY,ROLLS,16,91.94
PASTRY,ROLLS,17,96.28
PASTRY,ROLLS,18,80.83
PASTRY,ROLLS,19,85.78
PASTRY,ROLLS,20,137.25
PASTRY,ROLLS,21,145.06
PASTRY,ROLLS,22,74.8
PASTRY,ROLLS,23,129.64
PASTRY,ROLLS,24,148.63
PASTRY,ROLLS,25,87.14
PASTRY,ROLLS,26,92.91
PASTRY,ROLLS,27,120.18
PASTRY,ROLLS,28,96.13
PASTRY,ROLLS,29,101.48
PASTRY,ROLLS,30,95.77
PASTRY,ROLLS,31,103.28
PASTRY,ROLLS,32,115.31
PASTRY,ROLLS,33,87.62
PASTRY,ROLLS,34,90.3
PASTRY,ROLLS,35,143.08
PASTRY,ROLLS,36,175.03
PASTRY,ROLLS,37,96.94
PASTRY,ROLLS,38,76.26
PASTRY,ROLLS,39,141.91
PASTRY,ROLLS,40,121.23
PASTRY,ROLLS,41,131.6
PASTRY,ROLLS,42,122.2
PASTRY,ROLLS,43,114.57
PASTRY,ROLLS,44,93.6
PASTRY,ROLLS,45,93.59
PASTRY,ROLLS,46,117.5
PASTRY,ROLLS,47,105.66
PASTRY,ROLLS,48,106.82
PASTRY,ROLLS,49,121.75
PASTRY,ROLLS,50,110.14
PASTRY,ROLLS,51,87.13
PASTRY,ROLLS,52,106.78
PASTRY,ROLLS,53,102.74
PASTRY,ROLLS,54,91.46
PASTRY,ROLLS,55,121.19
PASTRY,ROLLS,56,190.38
PASTRY,ROLLS,57,91.93
PASTRY,ROLLS,58,88.35
PASTRY,ROLLS,59,114.46
PASTRY,ROLLS,60,143.7
PASTRY,ROLLS,61,92.77
PASTRY,ROLLS,62,98.88
PASTRY,ROLLS,63,88.94
PASTRY,ROLLS,64,93.65
PASTRY,ROLLS,65,139.6
PASTRY,ROLLS,66,127.91
PASTRY,ROLLS,67,145.3
PASTRY,ROLLS,68,110.94
PASTRY,ROLLS,69,112.02
PASTRY,ROLLS,70,104.74
PASTRY,ROLLS,71,72.82
PASTRY,ROLLS,72,121.43
PASTRY,ROLLS,73,151.1
PASTRY,ROLLS,74,101.72
PASTRY,ROLLS,75,68.05
PASTRY,ROLLS,76,193.84
PASTRY,ROLLS,77,126.7
PASTRY,ROLLS,78,81.16
PASTRY,ROLLS,79,76.99
PASTRY,ROLLS,80,109.05
PASTRY,ROLLS,81,92.2
PASTRY,ROLLS,82,110.19
PASTRY,ROLLS,83,121.83
PASTRY,ROLLS,84,76.66
PASTRY,ROLLS,85,129.69
PASTRY,ROLLS,86,117.6
PASTRY,ROLLS,87,174.87
PASTRY,ROLLS,88,207.67
PASTRY,ROLLS,89,96.82
PASTRY,ROLLS,90,115.19
PASTRY,ROLLS,91,80.6
PASTRY,ROLLS,92,131.17
PASTRY,ROLLS,93,115.33
PASTRY,ROLLS,94,82.64
PASTRY,ROLLS,95,110.78
PASTRY,ROLLS,96,117.52
PASTRY,ROLLS,97,78.4
PASTRY,ROLLS,98,130.07
PASTRY,ROLLS,99,110.94
PASTRY,ROLLS,100,100.8
PASTRY,ROLLS,101,86.64
PASTRY,ROLLS,102,57.61
PASTRY,SWEET GOODS & SNACKS,1,2.99
PASTRY,SWEET GOODS & SNACKS,2,10.15
PASTRY,SWEET GOODS & SNACKS,3,19.94
PASTRY,SWEET GOODS & SNACKS,4,9.48
PASTRY,SWEET GOODS & SNACKS,5,23.48
PASTRY,SWEET GOODS & SNACKS,6,2.99
PASTRY,SWEET GOODS & SNACKS,7,24.15
PASTRY,SWEET GOODS & SNACKS,8,14.95
PASTRY,SWEET GOODS & SNACKS,9,18.97
PASTRY,SWEET GOODS & SNACKS,10,44.19
PASTRY,SWEET GOODS & SNACKS,11,34.45
PASTRY,SWEET GOODS & SNACKS,12,25.03
PASTRY,SWEET GOODS & SNACKS,13,62.69
PASTRY,SWEET GOODS & SNACKS,14,54.24
PASTRY,SWEET GOODS & SNACKS,15,90.26
PASTRY,SWEET GOODS & SNACKS,16,45.9
PASTRY,SWEET GOODS & SNACKS,17,64.42
PASTRY,SWEET GOODS & SNACKS,18,64.01
PASTRY,SWEET GOODS & SNACKS,19,53.9
PASTRY,SWEET GOODS & SNACKS,20,69.93
PASTRY,SWEET GOODS & SNACKS,21,52.36
PASTRY,SWEET GOODS & SNACKS,22,40.88
PASTRY,SWEET GOODS & SNACKS,23,67.29
PASTRY,SWEET GOODS & SNACKS,24,61.29
PASTRY,SWEET GOODS & SNACKS,25,77.83
PASTRY,SWEET GOODS & SNACKS,26,74.8
PASTRY,SWEET GOODS & SNACKS,27,56.32
PASTRY,SWEET GOODS & SNACKS,28,60.83
PASTRY,SWEET GOODS & SNACKS,29,58.13
PASTRY,SWEET GOODS & SNACKS,30,57.15
PASTRY,SWEET GOODS & SNACKS,31,68.14
PASTRY,SWEET GOODS & SNACKS,32,106.07
PASTRY,SWEET GOODS & SNACKS,33,60.98
PASTRY,SWEET GOODS & SNACKS,34,50.74
PASTRY,SWEET GOODS & SNACKS,35,69.28
PASTRY,SWEET GOODS & SNACKS,36,29.01
PASTRY,SWEET GOODS & SNACKS,37,82.12
PASTRY,SWEET GOODS & SNACKS,38,69.65
PASTRY,SWEET GOODS & SNACKS,39,82.02
PASTRY,SWEET GOODS & SNACKS,40,52.31
PASTRY,SWEET GOODS & SNACKS,41,46.56
PASTRY,SWEET GOODS & SNACKS,42,49.38
PASTRY,SWEET GOODS & SNACKS,43,70.25
PASTRY,SWEET GOODS & SNACKS,44,29.31
PASTRY,SWEET GOODS & SNACKS,45,59.63
PASTRY,SWEET GOODS & SNACKS,46,76.97
PASTRY,SWEET GOODS & SNACKS,47,71.3
PASTRY,SWEET GOODS & SNACKS,48,34.9
PASTRY,SWEET GOODS & SNACKS,49,95.64
PASTRY,SWEET GOODS & SNACKS,50,62.49
PASTRY,SWEET GOODS & SNACKS,51,50.4
PASTRY,SWEET GOODS & SNACKS,52,44.88
PASTRY,SWEET GOODS & SNACKS,53,49.49
PASTRY,SWEET GOODS & SNACKS,54,56.84
PASTRY,SWEET GOODS & SNACKS,55,26.42
PASTRY,SWEET GOODS & SNACKS,56,30.99
PASTRY,SWEET GOODS & SNACKS,57,71.18
PASTRY,SWEET GOODS & SNACKS,58,75.78
PASTRY,SWEET GOODS & SNACKS,59,82.84
PASTRY,SWEET GOODS & SNACKS,60,79.32
PASTRY,SWEET GOODS & SNACKS,61,61.67
PASTRY,SWEET GOODS & SNACKS,62,68.19
PASTRY,SWEET GOODS & SNACKS,63,49.16
PASTRY,SWEET GOODS & SNACKS,64,51.91
PASTRY,SWEET GOODS & SNACKS,65,36.99
PASTRY,SWEET GOODS & SNACKS,66,42.84
PASTRY,SWEET GOODS & SNACKS,67,103.2
PASTRY,SWEET GOODS & SNACKS,68,59.96
PASTRY,SWEET GOODS & SNACKS,69,52.68
PASTRY,SWEET GOODS & SNACKS,70,16.94
PASTRY,SWEET GOODS & SNACKS,71,39.17
PASTRY,SWEET GOODS & SNACKS,72,52.98
PASTRY,SWEET GOODS & SNACKS,73,52.69
PASTRY,SWEET GOODS & SNACKS,74,44.33
PASTRY,SWEET GOODS & SNACKS,75,79.58
PASTRY,SWEET GOODS & SNACKS,76,46.68
PASTRY,SWEET GOODS & SNACKS,77,71.78
PASTRY,SWEET GOODS & SNACKS,78,31.54
PASTRY,SWEET GOODS & SNACKS,79,54.16
PASTRY,SWEET GOODS & SNACKS,80,42.9
PASTRY,SWEET GOODS & SNACKS,81,66.37
PASTRY,SWEET GOODS & SNACKS,82,62.94
PASTRY,SWEET GOODS & SNACKS,83,65.93
PASTRY,SWEET GOODS & SNACKS,84,52.52
PASTRY,SWEET GOODS & SNACKS,85,66.07
PASTRY,SWEET GOODS & SNACKS,86,37.99
PASTRY,SWEET GOODS & SNACKS,87,41.26
PASTRY,SWEET GOODS & SNACKS,88,38.14
PASTRY,SWEET GOODS & SNACKS,89,50.65
PASTRY,SWEET GOODS & SNACKS,90,100.43
PASTRY,SWEET GOODS & SNACKS,91,71.0
PASTRY,SWEET GOODS & SNACKS,92,48.86
PASTRY,SWEET GOODS & SNACKS,93,25.93
PASTRY,SWEET GOODS & SNACKS,94,46.6
PASTRY,SWEET GOODS & SNACKS,95,30.89
PASTRY,SWEET GOODS & SNACKS,96,40.73
PASTRY,SWEET GOODS & SNACKS,97,31.65
PASTRY,SWEET GOODS & SNACKS,98,39.73
PASTRY,SWEET GOODS & SNACKS,99,45.99
PASTRY,SWEET GOODS & SNACKS,100,35.47
PASTRY,SWEET GOODS & SNACKS,101,41.63
PASTRY,SWEET GOODS & SNACKS,102,22.03
PORK,PORK,11,7.96
PORK,PORK,27,7.74
PRODUCE,APPLES,1,32.51
PRODUCE,APPLES,2,51.94
PRODUCE,APPLES,3,64.91
PRODUCE,APPLES,4,69.16
PRODUCE,APPLES,5,96.96
PRODUCE,APPLES,6,132.59
PRODUCE,APPLES,7,113.09
PRODUCE,APPLES,8,122.63
PRODUCE,APPLES,9,154.97
PRODUCE,APPLES,10,189.56
PRODUCE,APPLES,11,185.8
PRODUCE,APPLES,12,163.18
PRODUCE,APPLES,13,214.64
PRODUCE,APPLES,14,217.72
PRODUCE,APPLES,15,205.21
PRODUCE,APPLES,16,193.62
PRODUCE,APPLES,17,263.77
PRODUCE,APPLES,18,269.11
PRODUCE,APPLES,19,240.85
PRODUCE,APPLES,20,266.3
PRODUCE,APPLES,21,255.82
PRODUCE,APPLES,22,266.28
PRODUCE,APPLES,23,326.61
PRODUCE,APPLES,24,309.13
PRODUCE,APPLES,25,322.56
PRODUCE,APPLES,26,401.74
PRODUCE,APPLES,27,399.43
PRODUCE,APPLES,28,474.89
PRODUCE,APPLES,29,426.55
PRODUCE,APPLES,30,452.75
PRODUCE,APPLES,31,359.43
PRODUCE,APPLES,32,482.21
PRODUCE,APPLES,33,435.77
PRODUCE,APPLES,34,465.97
PRODUCE,APPLES,35,456.34
PRODUCE,APPLES,36,305.29
PRODUCE,APPLES,37,446.91
PRODUCE,APPLES,38,383.36
PRODUCE,APPLES,39,326.47
PRODUCE,APPLES,40,341.72
PRODUCE,APPLES,41,440.69
PRODUCE,APPLES,42,480.34
PRODUCE,APPLES,43,397.87
PRODUCE,APPLES,44,399.03
PRODUCE,APPLES,45,433.72
PRODUCE,APPLES,46,378.19
PRODUCE,APPLES,47,390.88
PRODUCE,APPLES,48,387.25
PRODUCE,APPLES,49,455.41
PRODUCE,APPLES,50,432.23
PRODUCE,APPLES,51,369.46
PRODUCE,APPLES,52,440.78
PRODUCE,APPLES,53,449.75
PRODUCE,APPLES,54,392.43
PRODUCE,APPLES,55,370.35
PRODUCE,APPLES,56,359.57
PRODUCE,APPLES,57,342.34
PRODUCE,APPLES,58,312.56
PRODUCE,APPLES,59,392.73
PRODUCE,APPLES,60,384.1
PRODUCE,APPLES,61,357.11
PRODUCE,APPLES,62,321.08
PRODUCE,APPLES,63,368.06
PRODUCE,APPLES,64,382.68
PRODUCE,APPLES,65,299.04
PRODUCE,APPLES,66,307.61
PRODUCE,APPLES,67,308.65
PRODUCE,APPLES,68,326.63
PRODUCE,APPLES,69,271.86
PRODUCE,APPLES,70,303.12
PRODUCE,APPLES,71,371.53
PRODUCE,APPLES,72,367.02
PRODUCE,APPLES,73,296.02
PRODUCE,APPLES,74,421.86
PRODUCE,APPLES,75,403.97
PRODUCE,APPLES,76,360.97
PRODUCE,APPLES,77,383.19
PRODUCE,APPLES,78,386.64
PRODUCE,APPLES,79,495.88
PRODUCE,APPLES,80,533.72
PRODUCE,APPLES,81,576.39
PRODUCE,APPLES,82,455.9
PRODUCE,APPLES,83,596.26
PRODUCE,APPLES,84,397.57
PRODUCE,APPLES,85,500.73
PRODUCE,APPLES,86,454.83
PRODUCE,APPLES,87,550.66
PRODUCE,APPLES,88,414.73
PRODUCE,APPLES,89,425.85
PRODUCE,APPLES,90,376.03
PRODUCE,APPLES,91,410.06
PRODUCE,APPLES,92,422.48
PRODUCE,APPLES,93,349.83
PRODUCE,APPLES,94,493.0
PRODUCE,APPLES,95,495.09
PRODUCE,APPLES,96,468.63
PRODUCE,APPLES,97,434.59
PRODUCE,APPLES,98,489.31
PRODUCE,APPLES,99,503.43
PRODUCE,APPLES,100,437.49
PRODUCE,APPLES,101,477.65
PRODUCE,APPLES,102,266.17
PRODUCE,BERRIES,1,25.44
PRODUCE,BERRIES,2,56.67
PRODUCE,BERRIES,3,43.42
PRODUCE,BERRIES,4,133.16
PRODUCE,BERRIES,5,141.71
PRODUCE,BERRIES,6,120.24
PRODUCE,BERRIES,7,155.36
PRODUCE,BERRIES,8,97.68
PRODUCE,BERRIES,9,172.6
PRODUCE,BERRIES,10,225.43
PRODUCE,BERRIES,11,302.22
PRODUCE,BERRIES,12,299.43
PRODUCE,BERRIES,13,359.32
PRODUCE,BERRIES,14,398.34
PRODUCE,BERRIES,15,498.14
PRODUCE,BERRIES,16,409.37
PRODUCE,BERRIES,17,556.85
PRODUCE,BERRIES,18,448.79
PRODUCE,BERRIES,19,447.94
PRODUCE,BERRIES,20,445.58
PRODUCE,BERRIES,21,413.97
PRODUCE,BERRIES,22,324.47
PRODUCE,BERRIES,23,265.24
PRODUCE,BERRIES,24,251.0
PRODUCE,BERRIES,25,265.96
PRODUCE,BERRIES,26,432.35
PRODUCE,BERRIES,27,206.93
PRODUCE,BERRIES,28,199.67
PRODUCE,BERRIES,29,140.61
PRODUCE,BERRIES,30,252.9
PRODUCE,BERRIES,31,279.29
PRODUCE,BERRIES,32,234.11
PRODUCE,BERRIES,33,273.45
PRODUCE,BERRIES,34,189.03
PRODUCE,BERRIES,35,179.86
PRODUCE,BERRIES,36,222.22
PRODUCE,BERRIES,37,228.05
PRODUCE,BERRIES,38,163.54
PRODUCE,BERRIES,39,182.68
PRODUCE,BERRIES,40,222.4
PRODUCE,BERRIES,41,218.88
PRODUCE,BERRIES,42,331.98
PRODUCE,BERRIES,43,477.67
PRODUCE,BERRIES,44,356.41
PRODUCE,BERRIES,45,418.68
PRODUCE,BERRIES,46,288.7
PRODUCE,BERRIES,47,452.23
PRODUCE,BERRIES,48,481.5
PRODUCE,BERRIES,49,342.33
PRODUCE,BERRIES,50,361.9
PRODUCE,BERRIES,51,497.54
PRODUCE,BERRIES,52,304.3
PRODUCE,BERRIES,53,442.95
PRODUCE,BERRIES,54,593.41
PRODUCE,BERRIES,55,412.89
PRODUCE,BERRIES,56,562.37
PRODUCE,BERRIES,57,494.38
PRODUCE,BERRIES,58,581.81
PRODUCE,BERRIES,59,586.82
PRODUCE,BERRIES,60,684.13
PRODUCE,BERRIES,61,512.8
PRODUCE,BERRIES,62,715.93
PRODUCE,BERRIES,63,493.7
PRODUCE,BERRIES,64,575.91
PRODUCE,BERRIES,65,455.72
PRODUCE,BERRIES,66,325.95
PRODUCE,BERRIES,67,642.4
PRODUCE,BERRIES,68,825.8
PRODUCE,BERRIES,69,544.46
PRODUCE,BERRIES,70,750.75
PRODUCE,BERRIES,71,514.13
PRODUCE,BERRIES,72,353.87
PRODUCE,BERRIES,73,191.68
PRODUCE,BERRIES,74,236.25
PRODUCE,BERRIES,75,414.95
PRODUCE,BERRIES,76,552.09
PRODUCE,BERRIES,77,265.52
PRODUCE,BERRIES,78,269.82
PRODUCE,BERRIES,79,242.75
PRODUCE,BERRIES,80,182.39
PRODUCE,BERRIES,81,245.18
PRODUCE,BERRIES,82,164.47
PRODUCE,BERRIES,83,307.91
PRODUCE,BERRIES,84,436.05
PRODUCE,BERRIES,85,303.76
PRODUCE,BERRIES,86,203.67
PRODUCE,BERRIES,87,254.98
PRODUCE,BERRIES,88,163.06
PRODUCE,BERRIES,89,193.52
PRODUCE,BERRIES,90,148.78
PRODUCE,BERRIES,91,209.44
PRODUCE,BERRIES,92,301.81
PRODUCE,BERRIES,93,267.39
PRODUCE,BERRIES,94,263.06
PRODUCE,BERRIES,95,330.22
PRODUCE,BERRIES,96,215.36
PRODUCE,BERRIES,97,323.28
PRODUCE,BERRIES,98,502.97
PRODUCE,BERRIES,99,283.76
PRODUCE,BERRIES,100,264.87
PRODUCE,BERRIES,101,350.22
PRODUCE,BERRIES,102,185.38
PRODUCE,BROCCOLI/CAULIFLOWER,1,6.94
PRODUCE,BROCCOLI/CAULIFLOWER,2,11.34
PRODUCE,BROCCOLI/CAULIFLOWER,3,16.61
PRODUCE,BROCCOLI/CAULIFLOWER,4,28.76
PRODUCE,BROCCOLI/CAULIFLOWER,5,24.62
PRODUCE,BROCCOLI/CAULIFLOWER,6,35.9
PRODUCE,BROCCOLI/CAULIFLOWER,7,44.53
PRODUCE,BROCCOLI/CAULIFLOWER,8,35.19
PRODUCE,BROCCOLI/CAULIFLOWER,9,54.55
PRODUCE,BROCCOLI/CAULIFLOWER,10,40.77
PRODUCE,BROCCOLI/CAULIFLOWER,11,54.12
PRODUCE,BROCCOLI/CAULIFLOWER,12,58.11
PRODUCE,BROCCOLI/CAULIFLOWER,13,67.55
PRODUCE,BROCCOLI/CAULIFLOWER,14,92.14
PRODUCE,BROCCOLI/CAULIFLOWER,15,97.72
PRODUCE,BROCCOLI/CAULIFLOWER,16,86.29
PRODUCE,BROCCOLI/CAULIFLOWER,17,78.53
PRODUCE,BROCCOLI/CAULIFLOWER,18,76.65
PRODUCE,BROCCOLI/CAULIFLOWER,19,79.41
PRODUCE,BROCCOLI/CAULIFLOWER,20,91.45
PRODUCE,BROCCOLI/CAULIFLOWER,21,82.27
PRODUCE,BROCCOLI/CAULIFLOWER,22,62.62
PRODUCE,BROCCOLI/CAULIFLOWER,23,73.81
PRODUCE,BROCCOLI/CAULIFLOWER,24,90.92
PRODUCE,BROCCOLI/CAULIFLOWER,25,66.75
PRODUCE,BROCCOLI/CAULIFLOWER,26,108.31
PRODUCE,BROCCOLI/CAULIFLOWER,27,100.65
PRODUCE,BROCCOLI/CAULIFLOWER,28,105.92
PRODUCE,BROCCOLI/CAULIFLOWER,29,77.52
PRODUCE,BROCCOLI/CAULIFLOWER,30,114.46
PRODUCE,BROCCOLI/CAULIFLOWER,31,87.81
PRODUCE,BROCCOLI/CAULIFLOWER,32,86.38
PRODUCE,BROCCOLI/CAULIFLOWER,33,114.19
PRODUCE,BROCCOLI/CAULIFLOWER,34,67.69
PRODUCE,BROCCOLI/CAULIFLOWER,35,102.21
PRODUCE,BROCCOLI/CAULIFLOWER,36,119.35
PRODUCE,BROCCOLI/CAULIFLOWER,37,136.89
PRODUCE,BROCCOLI/CAULIFLOWER,38,100.31
PRODUCE,BROCCOLI/CAULIFLOWER,39,103.13
PRODUCE,BROCCOLI/CAULIFLOWER,40,145.6
PRODUCE,BROCCOLI/CAULIFLOWER,41,132.35
PRODUCE,BROCCOLI/CAULIFLOWER,42,111.14
PRODUCE,BROCCOLI/CAULIFLOWER,43,168.85
PRODUCE,BROCCOLI/CAULIFLOWER,44,98.85
PRODUCE,BROCCOLI/CAULIFLOWER,45,121.77
PRODUCE,BROCCOLI/CAULIFLOWER,46,121.27
PRODUCE,BROCCOLI/CAULIFLOWER,47,95.55
PRODUCE,BROCCOLI/CAULIFLOWER,48,128.65
PRODUCE,BROCCOLI/CAULIFLOWER,49,111.82
PRODUCE,BROCCOLI/CAULIFLOWER,50,155.16
PRODUCE,BROCCOLI/CAULIFLOWER,51,99.86
PRODUCE,BROCCOLI/CAULIFLOWER,52,92.5
PRODUCE,BROCCOLI/CAULIFLOWER,53,89.91
PRODUCE,BROCCOLI/CAULIFLOWER,54,95.81
PRODUCE,BROCCOLI/CAULIFLOWER,55,111.76
PRODUCE,BROCCOLI/CAULIFLOWER,56,120.55
PRODUCE,BROCCOLI/CAULIFLOWER,57,87.13
PRODUCE,BROCCOLI/CAULIFLOWER,58,105.95
PRODUCE,BROCCOLI/CAULIFLOWER,59,118.51
PRODUCE,BROCCOLI/CAULIFLOWER,60,114.93
PRODUCE,BROCCOLI/CAULIFLOWER,61,94.65
PRODUCE,BROCCOLI/CAULIFLOWER,62,89.91
PRODUCE,BROCCOLI/CAULIFLOWER,63,83.15
PRODUCE,BROCCOLI/CAULIFLOWER,64,74.45
PRODUCE,BROCCOLI/CAULIFLOWER,65,115.58
PRODUCE,BROCCOLI/CAULIFLOWER,66,98.78
PRODUCE,BROCCOLI/CAULIFLOWER,67,128.79
PRODUCE,BROCCOLI/CAULIFLOWER,68,142.35
PRODUCE,BROCCOLI/CAULIFLOWER,69,106.45
PRODUCE,BROCCOLI/CAULIFLOWER,70,77.61
PRODUCE,BROCCOLI/CAULIFLOWER,71,110.65
PRODUCE,BROCCOLI/CAULIFLOWER,72,100.51
PRODUCE,BROCCOLI/CAULIFLOWER,73,94.78
PRODUCE,BROCCOLI/CAULIFLOWER,74,91.36
PRODUCE,BROCCOLI/CAULIFLOWER,75,88.85
PRODUCE,BROCCOLI/CAULIFLOWER,76,94.6
PRODUCE,BROCCOLI/CAULIFLOWER,77,138.39
PRODUCE,BROCCOLI/CAULIFLOWER,78,89.57
PRODUCE,BROCCOLI/CAULIFLOWER,79,100.64
PRODUCE,BROCCOLI/CAULIFLOWER,80,108.54
PRODUCE,BROCCOLI/CAULIFLOWER,81,125.6
PRODUCE,BROCCOLI/CAULIFLOWER,82,114.45
PRODUCE,BROCCOLI/CAULIFLOWER,83,118.02
PRODUCE,BROCCOLI/CAULIFLOWER,84,130.16
PRODUCE,BROCCOLI/CAULIFLOWER,85,129.06
PRODUCE,BROCCOLI/CAULIFLOWER,86,107.32
PRODUCE,BROCCOLI/CAULIFLOWER,87,145.15
PRODUCE,BROCCOLI/CAULIFLOWER,88,133.02
PRODUCE,BROCCOLI/CAULIFLOWER,89,102.03
PRODUCE,BROCCOLI/CAULIFLOWER,90,85.76
PRODUCE,BROCCOLI/CAULIFLOWER,91,123.98
PRODUCE,BROCCOLI/CAULIFLOWER,92,107.72
PRODUCE,BROCCOLI/CAULIFLOWER,93,143.35
PRODUCE,BROCCOLI/CAULIFLOWER,94,163.51
PRODUCE,BROCCOLI/CAULIFLOWER,95,159.09
PRODUCE,BROCCOLI/CAULIFLOWER,96,131.96
PRODUCE,BROCCOLI/CAULIFLOWER,97,96.63
PRODUCE,BROCCOLI/CAULIFLOWER,98,129.5
PRODUCE,BROCCOLI/CAULIFLOWER,99,120.02
PRODUCE,BROCCOLI/CAULIFLOWER,100,111.49
PRODUCE,BROCCOLI/CAULIFLOWER,101,133.92
PRODUCE,BROCCOLI/CAULIFLOWER,102,59.39
PRODUCE,CARROTS,1,27.9
PRODUCE,CARROTS,2,43.95
PRODUCE,CARROTS,3,31.59
PRODUCE,CARROTS,4,22.45
PRODUCE,CARROTS,5,28.87
PRODUCE,CARROTS,6,42.56
PRODUCE,CARROTS,7,72.95
PRODUCE,CARROTS,8,64.79
PRODUCE,CARROTS,9,65.38
PRODUCE,CARROTS,10,82.87
PRODUCE,CARROTS,11,75.95
PRODUCE,CARROTS,12,93.62
PRODUCE,CARROTS,13,110.01
PRODUCE,CARROTS,14,105.2
PRODUCE,CARROTS,15,124.73
PRODUCE,CARROTS,16,119.48
PRODUCE,CARROTS,17,158.23
PRODUCE,CARROTS,18,130.72
PRODUCE,CARROTS,19,145.19
PRODUCE,CARROTS,20,118.44
PRODUCE,CARROTS,21,119.26
PRODUCE,CARROTS,22,133.71
PRODUCE,CARROTS,23,109.55
PRODUCE,CARROTS,24,152.31
PRODUCE,CARROTS,25,120.41
PRODUCE,CARROTS,26,177.3
PRODUCE,CARROTS,27,163.44
PRODUCE,CARROTS,28,190.92
PRODUCE,CARROTS,29,160.83
PRODUCE,CARROTS,30,167.32
PRODUCE,CARROTS,31,177.16
PRODUCE,CARROTS,32,154.46
PRODUCE,CARROTS,33,161.58
PRODUCE,CARROTS,34,193.49
PRODUCE,CARROTS,35,231.49
PRODUCE,CARROTS,36,134.77
PRODUCE,CARROTS,37,195.99
PRODUCE,CARROTS,38,167.87
PRODUCE,CARROTS,39,161.89
PRODUCE,CARROTS,40,217.36
PRODUCE,CARROTS,41,210.09
PRODUCE,CARROTS,42,241.07
PRODUCE,CARROTS,43,231.32
PRODUCE,CARROTS,44,179.26
PRODUCE,CARROTS,45,184.47
PRODUCE,CARROTS,46,201.04
PRODUCE,CARROTS,47,195.78
PRODUCE,CARROTS,48,174.58
PRODUCE,CARROTS,49,198.53
PRODUCE,CARROTS,50,165.52
PRODUCE,CARROTS,51,147.86
PRODUCE,CARROTS,52,187.55
PRODUCE,CARROTS,53,218.29
PRODUCE,CARROTS,54,187.67
PRODUCE,CARROTS,55,194.55
PRODUCE,CARROTS,56,173.05
PRODUCE,CARROTS,57,149.62
PRODUCE,CARROTS,58,157.63
PRODUCE,CARROTS,59,167.84
PRODUCE,CARROTS,60,148.9
PRODUCE,CARROTS,61,165.46
PRODUCE,CARROTS,62,124.55
PRODUCE,CARROTS,63,151.12
PRODUCE,CARROTS,64,137.3
PRODUCE,CARROTS,65,152.93
PRODUCE,CARROTS,66,155.98
PRODUCE,CARROTS,67,176.35
PRODUCE,CARROTS,68,152.89
PRODUCE,CARROTS,69,166.27
PRODUCE,CARROTS,70,154.31
PRODUCE,CARROTS,71,144.75
PRODUCE,CARROTS,72,198.08
PRODUCE,CARROTS,73,161.46
PRODUCE,CARROTS,74,191.0
PRODUCE,CARROTS,75,192.8
PRODUCE,CARROTS,76,151.11
PRODUCE,CARROTS,77,159.1
PRODUCE,CARROTS,78,154.89
PRODUCE,CARROTS,79,146.53
PRODUCE,CARROTS,80,186.18
PRODUCE,CARROTS,81,190.38
PRODUCE,CARROTS,82,180.94
PRODUCE,CARROTS,83,157.27
PRODUCE,CARROTS,84,175.19
PRODUCE,CARROTS,85,215.79
PRODUCE,CARROTS,86,204.03
PRODUCE,CARROTS,87,197.07
PRODUCE,CARROTS,88,152.83
PRODUCE,CARROTS,89,167.62
PRODUCE,CARROTS,90,158.14
PRODUCE,CARROTS,91,149.12
PRODUCE,CARROTS,92,190.66
PRODUCE,CARROTS,93,176.54
PRODUCE,CARROTS,94,239.72
PRODUCE,CARROTS,95,192.2
PRODUCE,CARROTS,96,177.86
PRODUCE,CARROTS,97,156.47
PRODUCE,CARROTS,98,240.06
PRODUCE,CARROTS,99,209.05
PRODUCE,CARROTS,100,183.83
PRODUCE,CARROTS,101,182.97
PRODUCE,CARROTS,102,75.01
PRODUCE,CITRUS,1,32.87
PRODUCE,CITRUS,2,41.29
PRODUCE,CITRUS,3,36.81
PRODUCE,CITRUS,4,56.13
PRODUCE,CITRUS,5,93.01
PRODUCE,CITRUS,6,88.21
PRODUCE,CITRUS,7,71.58
PRODUCE,CITRUS,8,74.61
PRODUCE,CITRUS,9,90.59
PRODUCE,CITRUS,10,123.7
PRODUCE,CITRUS,11,110.84
PRODUCE,CITRUS,12,116.11
PRODUCE,CITRUS,13,121.22
PRODUCE,CITRUS,14,137.99
PRODUCE,CITRUS,15,129.15
PRODUCE,CITRUS,16,167.71
PRODUCE,CITRUS,17,138.56
PRODUCE,CITRUS,18,150.35
PRODUCE,CITRUS,19,148.14
PRODUCE,CITRUS,20,165.63
PRODUCE,CITRUS,21,142.23
PRODUCE,CITRUS,22,128.75
PRODUCE,CITRUS,23,145.84
PRODUCE,CITRUS,24,201.48
PRODUCE,CITRUS,25,106.99
PRODUCE,CITRUS,26,139.66
PRODUCE,CITRUS,27,100.72
PRODUCE,CITRUS,28,145.47
PRODUCE,CITRUS,29,149.51
PRODUCE,CITRUS,30,126.36
PRODUCE,CITRUS,31,105.75
PRODUCE,CITRUS,32,168.68
PRODUCE,CITRUS,33,136.25
PRODUCE,CITRUS,34,298.27
PRODUCE,CITRUS,35,395.9
PRODUCE,CITRUS,36,267.86
PRODUCE,CITRUS,37,384.09
PRODUCE,CITRUS,38,456.63
PRODUCE,CITRUS,39,400.26
PRODUCE,CITRUS,40,363.0
PRODUCE,CITRUS,41,428.74
PRODUCE,CITRUS,42,516.76
PRODUCE,CITRUS,43,474.28
PRODUCE,CITRUS,44,373.16
PRODUCE,CITRUS,45,344.87
PRODUCE,CITRUS,46,425.92
PRODUCE,CITRUS,47,270.88
PRODUCE,CITRUS,48,274.95
PRODUCE,CITRUS,49,332.68
PRODUCE,CITRUS,50,491.27
PRODUCE,CITRUS,51,305.74
PRODUCE,CITRUS,52,294.66
PRODUCE,CITRUS,53,268.93
PRODUCE,CITRUS,54,327.41
PRODUCE,CITRUS,55,251.57
PRODUCE,CITRUS,56,279.59
PRODUCE,CITRUS,57,224.41
PRODUCE,CITRUS,58,220.23
PRODUCE,CITRUS,59,301.24
PRODUCE,CITRUS,60,236.25
PRODUCE,CITRUS,61,240.38
PRODUCE,CITRUS,62,239.52
PRODUCE,CITRUS,63,207.58
PRODUCE,CITRUS,64,227.81
PRODUCE,CITRUS,65,202.74
PRODUCE,CITRUS,66,137.43
PRODUCE,CITRUS,67,192.67
PRODUCE,CITRUS,68,193.85
PRODUCE,CITRUS,69,159.28
PRODUCE,CITRUS,70,171.45
PRODUCE,CITRUS,71,188.4
PRODUCE,CITRUS,72,209.54
PRODUCE,CITRUS,73,132.76
PRODUCE,CITRUS,74,155.35
PRODUCE,CITRUS,75,195.62
PRODUCE,CITRUS,76,153.26
PRODUCE,CITRUS,77,198.92
PRODUCE,CITRUS,78,163.24
PRODUCE,CITRUS,79,151.41
PRODUCE,CITRUS,80,104.94
PRODUCE,CITRUS,81,212.86
PRODUCE,CITRUS,82,165.34
PRODUCE,CITRUS,83,171.48
PRODUCE,CITRUS,84,199.48
PRODUCE,CITRUS,85,263.25
PRODUCE,CITRUS,86,411.33
PRODUCE,CITRUS,87,540.51
PRODUCE,CITRUS,88,357.4
PRODUCE,CITRUS,89,398.32
PRODUCE,CITRUS,90,464.04
PRODUCE,CITRUS,91,402.0
PRODUCE,CITRUS,92,407.22
PRODUCE,CITRUS,93,406.22
PRODUCE,CITRUS,94,430.03
PRODUCE,CITRUS,95,483.67
PRODUCE,CITRUS,96,397.77
PRODUCE,CITRUS,97,374.16
PRODUCE,CITRUS,98,374.26
PRODUCE,CITRUS,99,418.05
PRODUCE,CITRUS,100,332.09
PRODUCE,CITRUS,101,367.67
PRODUCE,CITRUS,102,222.86
PRODUCE,CORN,1,1.54
PRODUCE,CORN,2,10.74
PRODUCE,CORN,3,17.31
PRODUCE,CORN,4,22.21
PRODUCE,CORN,5,19.65
PRODUCE,CORN,6,18.42
PRODUCE,CORN,7,49.75
PRODUCE,CORN,8,23.67
PRODUCE,CORN,9,55.96
PRODUCE,CORN,10,192.63
PRODUCE,CORN,11,63.44
PRODUCE,CORN,12,88.57
PRODUCE,CORN,13,94.91
PRODUCE,CORN,14,118.07
PRODUCE,CORN,15,279.01
PRODUCE,CORN,16,87.13
PRODUCE,CORN,17,120.62
PRODUCE,CORN,18,189.96
PRODUCE,CORN,19,128.16
PRODUCE,CORN,20,171.99
PRODUCE,CORN,21,194.88
PRODUCE,CORN,22,206.26
PRODUCE,CORN,23,89.11
PRODUCE,CORN,24,133.01
PRODUCE,CORN,25,88.49
PRODUCE,CORN,26,77.7
PRODUCE,CORN,27,58.87
PRODUCE,CORN,28,50.36
PRODUCE,CORN,29,53.96
PRODUCE,CORN,30,24.92
PRODUCE,CORN,31,26.02
PRODUCE,CORN,32,17.94
PRODUCE,CORN,33,54.33
PRODUCE,CORN,34,9.97
PRODUCE,CORN,35,30.91
PRODUCE,CORN,36,3.69
PRODUCE,CORN,37,0.0
PRODUCE,CORN,38,2.0
PRODUCE,CORN,40,0.0
PRODUCE,CORN,46,45.09
PRODUCE,CORN,47,40.58
PRODUCE,CORN,48,12.98
PRODUCE,CORN,49,9.64
PRODUCE,CORN,50,23.37
PRODUCE,CORN,51,36.89
PRODUCE,CORN,52,23.07
PRODUCE,CORN,53,24.09
PRODUCE,CORN,54,37.93
PRODUCE,CORN,55,38.78
PRODUCE,CORN,56,60.24
PRODUCE,CORN,57,66.47
PRODUCE,CORN,58,98.02
PRODUCE,CORN,59,146.11
PRODUCE,CORN,60,120.93
PRODUCE,CORN,61,130.8
PRODUCE,CORN,62,153.75
PRODUCE,CORN,63,97.63
PRODUCE,CORN,64,95.56
PRODUCE,CORN,65,150.32
PRODUCE,CORN,66,95.21
PRODUCE,CORN,67,161.24
PRODUCE,CORN,68,71.79
PRODUCE,CORN,69,72.8
PRODUCE,CORN,70,88.15
PRODUCE,CORN,71,81.0
PRODUCE,CORN,72,113.0
PRODUCE,CORN,73,77.85
PRODUCE,CORN,74,61.15
PRODUCE,CORN,75,80.4
PRODUCE,CORN,76,44.27
PRODUCE,CORN,77,32.37
PRODUCE,CORN,78,27.0
PRODUCE,CORN,79,15.5
PRODUCE,CORN,80,23.04
PRODUCE,CORN,81,12.5
PRODUCE,CORN,82,13.5
PRODUCE,CORN,83,11.0
PRODUCE,CORN,84,14.0
PRODUCE,CORN,85,6.0
PRODUCE,CORN,86,2.8
PRODUCE,CORN,87,1.6
PRODUCE,CORN,88,8.8
PRODUCE,CORN,89,0.8
PRODUCE,CORN,90,0.4
PRODUCE,CORN,92,2.4
PRODUCE,CORN,93,3.2
PRODUCE,CORN,94,4.4
PRODUCE,CORN,95,4.4
PRODUCE,CORN,96,0.8
PRODUCE,CORN,98,1.6
PRODUCE,CORN,99,1.6
PRODUCE,CORN,100,2.8
PRODUCE,CORN,101,7.2
PRODUCE,CORN,102,2.4
PRODUCE,DRIED FRUIT,60,1.69
PRODUCE,DRIED FRUIT,83,7.45
PRODUCE,DRIED FRUIT,84,8.94
PRODUCE,DRIED FRUIT,85,4.47
PRODUCE,DRIED FRUIT,87,1.0
PRODUCE,DRIED FRUIT,88,4.99
PRODUCE,DRIED FRUIT,89,1.0
PRODUCE,DRIED FRUIT,90,9.0
PRODUCE,DRIED FRUIT,92,0.85
PRODUCE,DRIED FRUIT,96,4.29
PRODUCE,DRIED FRUIT,98,0.69
PRODUCE,DRIED FRUIT,100,4.29
PRODUCE,GRAPES,1,18.95
PRODUCE,GRAPES,2,51.15
PRODUCE,GRAPES,3,66.55
PRODUCE,GRAPES,4,72.59
PRODUCE,GRAPES,5,92.8
PRODUCE,GRAPES,6,78.3
PRODUCE,GRAPES,7,85.76
PRODUCE,GRAPES,8,103.85
PRODUCE,GRAPES,9,108.83
PRODUCE,GRAPES,10,190.19
PRODUCE,GRAPES,11,221.64
PRODUCE,GRAPES,12,301.9
PRODUCE,GRAPES,13,256.15
PRODUCE,GRAPES,14,259.4
PRODUCE,GRAPES,15,333.05
PRODUCE,GRAPES,16,332.05
PRODUCE,GRAPES,17,325.05
PRODUCE,GRAPES,18,400.63
PRODUCE,GRAPES,19,359.3
PRODUCE,GRAPES,20,437.09
PRODUCE,GRAPES,21,466.66
PRODUCE,GRAPES,22,367.74
PRODUCE,GRAPES,23,420.77
PRODUCE,GRAPES,24,434.48
PRODUCE,GRAPES,25,443.71
PRODUCE,GRAPES,26,398.2
PRODUCE,GRAPES,27,468.67
PRODUCE,GRAPES,28,402.62
PRODUCE,GRAPES,29,393.96
PRODUCE,GRAPES,30,214.39
PRODUCE,GRAPES,31,286.66
PRODUCE,GRAPES,32,392.16
PRODUCE,GRAPES,33,284.81
PRODUCE,GRAPES,34,340.64
PRODUCE,GRAPES,35,376.0
PRODUCE,GRAPES,36,240.82
PRODUCE,GRAPES,37,350.4
PRODUCE,GRAPES,38,295.73
PRODUCE,GRAPES,39,224.7
PRODUCE,GRAPES,40,343.75
PRODUCE,GRAPES,41,333.25
PRODUCE,GRAPES,42,418.91
PRODUCE,GRAPES,43,367.01
PRODUCE,GRAPES,44,248.76
PRODUCE,GRAPES,45,224.79
PRODUCE,GRAPES,46,373.46
PRODUCE,GRAPES,47,456.26
PRODUCE,GRAPES,48,198.28
PRODUCE,GRAPES,49,393.31
PRODUCE,GRAPES,50,429.5
PRODUCE,GRAPES,51,361.19
PRODUCE,GRAPES,52,456.54
PRODUCE,GRAPES,53,319.77
PRODUCE,GRAPES,54,428.77
PRODUCE,GRAPES,55,446.55
PRODUCE,GRAPES,56,439.32
PRODUCE,GRAPES,57,351.84
PRODUCE,GRAPES,58,357.21
PRODUCE,GRAPES,59,349.38
PRODUCE,GRAPES,60,368.79
PRODUCE,GRAPES,61,323.29
PRODUCE,GRAPES,62,338.02
PRODUCE,GRAPES,63,445.12
PRODUCE,GRAPES,64,257.74
PRODUCE,GRAPES,65,278.64
PRODUCE,GRAPES,66,297.81
PRODUCE,GRAPES,67,320.94
PRODUCE,GRAPES,68,311.3
PRODUCE,GRAPES,69,380.73
PRODUCE,GRAPES,70,332.32
PRODUCE,GRAPES,71,438.58
PRODUCE,GRAPES,72,400.97
PRODUCE,GRAPES,73,565.27
PRODUCE,GRAPES,74,453.2
PRODUCE,GRAPES,75,566.76
PRODUCE,GRAPES,76,430.37
PRODUCE,GRAPES,77,547.46
PRODUCE,GRAPES,78,424.75
PRODUCE,GRAPES,79,365.82
PRODUCE,GRAPES,80,323.04
PRODUCE,GRAPES,81,420.44
PRODUCE,GRAPES,82,334.06
PRODUCE,GRAPES,83,262.92
PRODUCE,GRAPES,84,344.99
PRODUCE,GRAPES,85,544.57
PRODUCE,GRAPES,86,416.02
PRODUCE,GRAPES,87,482.05
PRODUCE,GRAPES,88,247.85
PRODUCE,GRAPES,89,289.85
PRODUCE,GRAPES,90,362.12
PRODUCE,GRAPES,91,250.6
PRODUCE,GRAPES,92,308.21
PRODUCE,GRAPES,93,358.28
PRODUCE,GRAPES,94,418.21
PRODUCE,GRAPES,95,335.11
PRODUCE,GRAPES,96,383.64
PRODUCE,GRAPES,97,296.49
PRODUCE,GRAPES,98,347.95
PRODUCE,GRAPES,99,420.38
PRODUCE,GRAPES,100,283.24
PRODUCE,GRAPES,101,443.55
PRODUCE,GRAPES,102,121.04
PRODUCE,HERBS,1,19.41
PRODUCE,HERBS,2,6.87
PRODUCE,HERBS,3,5.91
PRODUCE,HERBS,4,17.92
PRODUCE,HERBS,5,18.65
PRODUCE,HERBS,6,34.1
PRODUCE,HERBS,7,18.3
PRODUCE,HERBS,8,9.85
PRODUCE,HERBS,9,15.63
PRODUCE,HERBS,10,26.65
PRODUCE,HERBS,11,21.82
PRODUCE,HERBS,12,30.68
PRODUCE,HERBS,13,41.85
PRODUCE,HERBS,14,56.11
PRODUCE,HERBS,15,40.44
PRODUCE,HERBS,16,47.02
PRODUCE,HERBS,17,42.94
PRODUCE,HERBS,18,90.01
PRODUCE,HERBS,19,79.07
PRODUCE,HERBS,20,64.85
PRODUCE,HERBS,21,61.58
PRODUCE,HERBS,22,61.43
PRODUCE,HERBS,23,95.51
PRODUCE,HERBS,24,69.02
PRODUCE,HERBS,25,78.7
PRODUCE,HERBS,26,68.41
PRODUCE,HERBS,27,70.02
PRODUCE,HERBS,28,78.35
PRODUCE,HERBS,29,69.79
PRODUCE,HERBS,30,60.81
PRODUCE,HERBS,31,49.57
PRODUCE,HERBS,32,82.44
PRODUCE,HERBS,33,59.44
PRODUCE,HERBS,34,63.79
PRODUCE,HERBS,35,87.15
PRODUCE,HERBS,36,50.03
PRODUCE,HERBS,37,35.95
PRODUCE,HERBS,38,35.42
PRODUCE,HERBS,39,29.24
PRODUCE,HERBS,40,45.39
PRODUCE,HERBS,41,47.87
PRODUCE,HERBS,42,53.07
PRODUCE,HERBS,43,56.97
PRODUCE,HERBS,44,33.26
PRODUCE,HERBS,45,33.67
PRODUCE,HERBS,46,43.57
PRODUCE,HERBS,47,35.04
PRODUCE,HERBS,48,40.78
PRODUCE,HERBS,49,53.92
PRODUCE,HERBS,50,51.89
PRODUCE,HERBS,51,29.54
PRODUCE,HERBS,52,37.01
PRODUCE,HERBS,53,55.45
PRODUCE,HERBS,54,64.91
PRODUCE,HERBS,55,32.52
PRODUCE,HERBS,56,40.91
PRODUCE,HERBS,57,39.66
PRODUCE,HERBS,58,45.35
PRODUCE,HERBS,59,38.99
PRODUCE,HERBS,60,46.34
PRODUCE,HERBS,61,27.17
PRODUCE,HERBS,62,32.4
PRODUCE,HERBS,63,16.22
PRODUCE,HERBS,64,32.84
PRODUCE,HERBS,65,36.69
PRODUCE,HERBS,66,27.49
PRODUCE,HERBS,67,68.64
PRODUCE,HERBS,68,30.27
PRODUCE,HERBS,69,38.51
PRODUCE,HERBS,70,36.2
PRODUCE,HERBS,71,37.8
PRODUCE,HERBS,72,32.21
PRODUCE,HERBS,73,46.44
PRODUCE,HERBS,74,42.31
PRODUCE,HERBS,75,61.86
PRODUCE,HERBS,76,38.15
PRODUCE,HERBS,77,50.11
PRODUCE,HERBS,78,34.8
PRODUCE,HERBS,79,38.67
PRODUCE,HERBS,80,36.54
PRODUCE,HERBS,81,54.6
PRODUCE,HERBS,82,31.76
PRODUCE,HERBS,83,30.39
PRODUCE,HERBS,84,58.49
PRODUCE,HERBS,85,59.1
PRODUCE,HERBS,86,28.35
PRODUCE,HERBS,87,47.06
PRODUCE,HERBS,88,56.77
PRODUCE,HERBS,89,29.58
PRODUCE,HERBS,90,24.04
PRODUCE,HERBS,91,56.31
PRODUCE,HERBS,92,63.48
PRODUCE,HERBS,93,66.29
PRODUCE,HERBS,94,42.59
PRODUCE,HERBS,95,65.12
PRODUCE,HERBS,96,41.26
PRODUCE,HERBS,97,76.78
PRODUCE,HERBS,98,41.47
PRODUCE,HERBS,99,48.48
PRODUCE,HERBS,100,50.11
PRODUCE,HERBS,101,69.76
PRODUCE,HERBS,102,40.78
PRODUCE,MELONS,1,4.58
PRODUCE,MELONS,2,19.28
PRODUCE,MELONS,3,13.17
PRODUCE,MELONS,4,14.29
PRODUCE,MELONS,5,17.44
PRODUCE,MELONS,6,32.2
PRODUCE,MELONS,7,42.38
PRODUCE,MELONS,8,41.9
PRODUCE,MELONS,9,68.81
PRODUCE,MELONS,10,144.03
PRODUCE,MELONS,11,148.31
PRODUCE,MELONS,12,180.89
PRODUCE,MELONS,13,217.06
PRODUCE,MELONS,14,207.58
PRODUCE,MELONS,15,350.18
PRODUCE,MELONS,16,337.37
PRODUCE,MELONS,17,385.79
PRODUCE,MELONS,18,348.38
PRODUCE,MELONS,19,347.16
PRODUCE,MELONS,20,302.57
PRODUCE,MELONS,21,299.27
PRODUCE,MELONS,22,197.46
PRODUCE,MELONS,23,206.89
PRODUCE,MELONS,24,313.92
PRODUCE,MELONS,25,133.62
PRODUCE,MELONS,26,126.87
PRODUCE,MELONS,27,79.93
PRODUCE,MELONS,28,76.76
PRODUCE,MELONS,29,119.41
PRODUCE,MELONS,30,36.49
PRODUCE,MELONS,31,28.49
PRODUCE,MELONS,32,44.49
PRODUCE,MELONS,33,93.95
PRODUCE,MELONS,34,35.48
PRODUCE,MELONS,35,31.47
PRODUCE,MELONS,36,53.92
PRODUCE,MELONS,37,51.86
PRODUCE,MELONS,38,23.93
PRODUCE,MELONS,39,21.93
PRODUCE,MELONS,40,52.86
PRODUCE,MELONS,41,23.43
PRODUCE,MELONS,42,46.85
PRODUCE,MELONS,43,48.85
PRODUCE,MELONS,44,38.88
PRODUCE,MELONS,45,26.92
PRODUCE,MELONS,46,43.44
PRODUCE,MELONS,47,105.37
PRODUCE,MELONS,48,34.99
PRODUCE,MELONS,49,44.96
PRODUCE,MELONS,50,36.47
PRODUCE,MELONS,51,36.48
PRODUCE,MELONS,52,40.47
PRODUCE,MELONS,53,69.96
PRODUCE,MELONS,54,69.37
PRODUCE,MELONS,55,92.33
PRODUCE,MELONS,56,143.39
PRODUCE,MELONS,57,135.71
PRODUCE,MELONS,58,154.87
PRODUCE,MELONS,59,213.24
PRODUCE,MELONS,60,184.26
PRODUCE,MELONS,61,289.85
PRODUCE,MELONS,62,468.57
PRODUCE,MELONS,63,272.02
PRODUCE,MELONS,64,348.83
PRODUCE,MELONS,65,401.54
PRODUCE,MELONS,66,439.25
PRODUCE,MELONS,67,678.51
PRODUCE,MELONS,68,279.64
PRODUCE,MELONS,69,283.52
PRODUCE,MELONS,70,413.02
PRODUCE,MELONS,71,393.2
PRODUCE,MELONS,72,411.25
PRODUCE,MELONS,73,207.65
PRODUCE,MELONS,74,241.22
PRODUCE,MELONS,75,295.51
PRODUCE,MELONS,76,169.45
PRODUCE,MELONS,77,233.39
PRODUCE,MELONS,78,122.18
PRODUCE,MELONS,79,113.35
PRODUCE,MELONS,80,104.41
PRODUCE,MELONS,81,132.77
PRODUCE,MELONS,82,95.47
PRODUCE,MELONS,83,80.43
PRODUCE,MELONS,84,82.75
PRODUCE,MELONS,85,43.68
PRODUCE,MELONS,86,37.72
PRODUCE,MELONS,87,28.29
PRODUCE,MELONS,88,22.26
PRODUCE,MELONS,89,36.18
PRODUCE,MELONS,90,33.5
PRODUCE,MELONS,91,25.93
PRODUCE,MELONS,92,37.29
PRODUCE,MELONS,93,40.08
PRODUCE,MELONS,94,102.26
PRODUCE,MELONS,95,54.49
PRODUCE,MELONS,96,52.83
PRODUCE,MELONS,97,26.93
PRODUCE,MELONS,98,52.95
PRODUCE,MELONS,99,73.25
PRODUCE,MELONS,100,31.9
PRODUCE,MELONS,101,55.9
PRODUCE,MELONS,102,38.99
PRODUCE,MISCELLANEOUS(CORP USE ONLY),27,2.29
PRODUCE,MUSHROOMS,1,9.96
PRODUCE,MUSHROOMS,2,23.9
PRODUCE,MUSHROOMS,3,22.36
PRODUCE,MUSHROOMS,4,16.22
PRODUCE,MUSHROOMS,5,44.41
PRODUCE,MUSHROOMS,6,40.01
PRODUCE,MUSHROOMS,7,32.33
PRODUCE,MUSHROOMS,8,70.3
PRODUCE,MUSHROOMS,9,63.31
PRODUCE,MUSHROOMS,10,60.07
PRODUCE,MUSHROOMS,11,75.81
PRODUCE,MUSHROOMS,12,60.64
PRODUCE,MUSHROOMS,13,96.87
PRODUCE,MUSHROOMS,14,103.83
PRODUCE,MUSHROOMS,15,94.9
PRODUCE,MUSHROOMS,16,135.29
PRODUCE,MUSHROOMS,17,129.33
PRODUCE,MUSHROOMS,18,114.61
PRODUCE,MUSHROOMS,19,118.2
PRODUCE,MUSHROOMS,20,99.64
PRODUCE,MUSHROOMS,21,105.81
PRODUCE,MUSHROOMS,22,123.1
PRODUCE,MUSHROOMS,23,129.36
PRODUCE,MUSHROOMS,24,126.48
PRODUCE,MUSHROOMS,25,101.44
PRODUCE,MUSHROOMS,26,113.82
PRODUCE,MUSHROOMS,27,139.18
PRODUCE,MUSHROOMS,28,113.79
PRODUCE,MUSHROOMS,29,93.71
PRODUCE,MUSHROOMS,30,90.51
PRODUCE,MUSHROOMS,31,107.13
PRODUCE,MUSHROOMS,32,137.31
PRODUCE,MUSHROOMS,33,94.39
PRODUCE,MUSHROOMS,34,99.42
PRODUCE,MUSHROOMS,35,131.14
PRODUCE,MUSHROOMS,36,95.06
PRODUCE,MUSHROOMS,37,133.52
PRODUCE,MUSHROOMS,38,81.67
PRODUCE,MUSHROOMS,39,126.4
PRODUCE,MUSHROOMS,40,131.12
PRODUCE,MUSHROOMS,41,163.91
PRODUCE,MUSHROOMS,42,128.01
PRODUCE,MUSHROOMS,43,125.83
PRODUCE,MUSHROOMS,44,117.94
PRODUCE,MUSHROOMS,45,143.06
PRODUCE,MUSHROOMS,46,121.95
PRODUCE,MUSHROOMS,47,162.74
PRODUCE,MUSHROOMS,48,139.76
PRODUCE,MUSHROOMS,49,129.17
PRODUCE,MUSHROOMS,50,132.81
PRODUCE,MUSHROOMS,51,144.19
PRODUCE,MUSHROOMS,52,147.43
PRODUCE,MUSHROOMS,53,143.05
PRODUCE,MUSHROOMS,54,117.37
PRODUCE,MUSHROOMS,55,141.59
PRODUCE,MUSHROOMS,56,126.1
PRODUCE,MUSHROOMS,57,147.53
PRODUCE,MUSHROOMS,58,153.73
PRODUCE,MUSHROOMS,59,135.99
PRODUCE,MUSHROOMS,60,152.74
PRODUCE,MUSHROOMS,61,141.37
PRODUCE,MUSHROOMS,62,136.78
PRODUCE,MUSHROOMS,63,135.46
PRODUCE,MUSHROOMS,64,110.57
PRODUCE,MUSHROOMS,65,148.18
PRODUCE,MUSHROOMS,66,107.22
PRODUCE,MUSHROOMS,67,139.78
PRODUCE,MUSHROOMS,68,139.52
PRODUCE,MUSHROOMS,69,87.82
PRODUCE,MUSHROOMS,70,137.25
PRODUCE,MUSHROOMS,71,102.07
PRODUCE,MUSHROOMS,72,141.08
PRODUCE,MUSHROOMS,73,120.04
PRODUCE,MUSHROOMS,74,95.41
PRODUCE,MUSHROOMS,75,100.85
PRODUCE,MUSHROOMS,76,116.11
PRODUCE,MUSHROOMS,77,110.81
PRODUCE,MUSHROOMS,78,146.53
PRODUCE,MUSHROOMS,79,82.81
PRODUCE,MUSHROOMS,80,147.56
PRODUCE,MUSHROOMS,81,130.11
PRODUCE,MUSHROOMS,82,132.35
PRODUCE,MUSHROOMS,83,136.92
PRODUCE,MUSHROOMS,84,119.48
PRODUCE,MUSHROOMS,85,110.78
PRODUCE,MUSHROOMS,86,114.24
PRODUCE,MUSHROOMS,87,122.8
PRODUCE,MUSHROOMS,88,116.06
PRODUCE,MUSHROOMS,89,129.7
PRODUCE,MUSHROOMS,90,134.51
PRODUCE,MUSHROOMS,91,168.18
PRODUCE,MUSHROOMS,92,157.67
PRODUCE,MUSHROOMS,93,130.52
PRODUCE,MUSHROOMS,94,145.72
PRODUCE,MUSHROOMS,95,153.47
PRODUCE,MUSHROOMS,96,167.19
PRODUCE,MUSHROOMS,97,151.62
PRODUCE,MUSHROOMS,98,169.61
PRODUCE,MUSHROOMS,99,174.6
PRODUCE,MUSHROOMS,100,90.6
PRODUCE,MUSHROOMS,101,139.15
PRODUCE,MUSHROOMS,102,70.27
PRODUCE,NUTS,2,24.25
PRODUCE,NUTS,4,5.38
PRODUCE,NUTS,5,24.05
PRODUCE,NUTS,6,23.83
PRODUCE,NUTS,7,13.46
PRODUCE,NUTS,8,24.34
PRODUCE,NUTS,9,26.23
PRODUCE,NUTS,10,45.76
PRODUCE,NUTS,11,44.47
PRODUCE,NUTS,12,45.3
PRODUCE,NUTS,13,29.93
PRODUCE,NUTS,14,69.84
PRODUCE,NUTS,15,38.91
PRODUCE,NUTS,16,88.11
PRODUCE,NUTS,17,73.89
PRODUCE,NUTS,18,44.87
PRODUCE,NUTS,19,77.42
PRODUCE,NUTS,20,48.08
PRODUCE,NUTS,21,57.27
PRODUCE,NUTS,22,66.23
PRODUCE,NUTS,23,59.9
PRODUCE,NUTS,24,59.74
PRODUCE,NUTS,25,81.4
PRODUCE,NUTS,26,77.92
PRODUCE,NUTS,27,57.91
PRODUCE,NUTS,28,79.65
PRODUCE,NUTS,29,64.7
PRODUCE,NUTS,30,69.08
PRODUCE,NUTS,31,72.71
PRODUCE,NUTS,32,119.87
PRODUCE,NUTS,33,147.84
PRODUCE,NUTS,34,95.3
PRODUCE,NUTS,35,219.26
PRODUCE,NUTS,36,155.99
PRODUCE,NUTS,37,124.88
PRODUCE,NUTS,38,172.27
PRODUCE,NUTS,39,195.77
PRODUCE,NUTS,40,181.27
PRODUCE,NUTS,41,101.62
PRODUCE,NUTS,42,79.9
PRODUCE,NUTS,43,138.64
PRODUCE,NUTS,44,77.23
PRODUCE,NUTS,45,48.73
PRODUCE,NUTS,46,106.9
PRODUCE,NUTS,47,84.01
PRODUCE,NUTS,48,66.65
PRODUCE,NUTS,49,62.72
PRODUCE,NUTS,50,99.51
PRODUCE,NUTS,51,72.06
PRODUCE,NUTS,52,77.85
PRODUCE,NUTS,53,60.43
PRODUCE,NUTS,54,113.15
PRODUCE,NUTS,55,113.79
PRODUCE,NUTS,56,105.76
PRODUCE,NUTS,57,61.56
PRODUCE,NUTS,58,89.9
PRODUCE,NUTS,59,85.7
PRODUCE,NUTS,60,95.48
PRODUCE,NUTS,61,115.63
PRODUCE,NUTS,62,134.61
PRODUCE,NUTS,63,109.44
PRODUCE,NUTS,64,64.32
PRODUCE,NUTS,65,44.44
PRODUCE,NUTS,66,96.3
PRODUCE,NUTS,67,105.58
PRODUCE,NUTS,68,79.04
PRODUCE,NUTS,69,70.85
PRODUCE,NUTS,70,56.76
PRODUCE,NUTS,71,74.84
PRODUCE,NUTS,72,43.17
PRODUCE,NUTS,73,73.93
PRODUCE,NUTS,74,46.44
PRODUCE,NUTS,75,72.23
PRODUCE,NUTS,76,96.93
PRODUCE,NUTS,77,84.7
PRODUCE,NUTS,78,71.64
PRODUCE,NUTS,79,78.33
PRODUCE,NUTS,80,53.67
PRODUCE,NUTS,81,83.34
PRODUCE,NUTS,82,85.13
PRODUCE,NUTS,83,105.13
PRODUCE,NUTS,84,137.48
PRODUCE,NUTS,85,121.62
PRODUCE,NUTS,86,148.46
PRODUCE,NUTS,87,228.29
PRODUCE,NUTS,88,182.77
PRODUCE,NUTS,89,171.56
PRODUCE,NUTS,90,191.64
PRODUCE,NUTS,91,176.54
PRODUCE,NUTS,92,202.61
PRODUCE,NUTS,93,70.35
PRODUCE,NUTS,94,60.66
PRODUCE,NUTS,95,83.72
PRODUCE,NUTS,96,112.36
PRODUCE,NUTS,97,150.51
PRODUCE,NUTS,98,102.42
PRODUCE,NUTS,99,120.67
PRODUCE,NUTS,100,110.66
PRODUCE,NUTS,101,97.89
PRODUCE,NUTS,102,65.15
PRODUCE,ONIONS,1,21.16
PRODUCE,ONIONS,2,25.78
PRODUCE,ONIONS,3,37.13
PRODUCE,ONIONS,4,43.55
PRODUCE,ONIONS,5,51.83
PRODUCE,ONIONS,6,63.66
PRODUCE,ONIONS,7,109.07
PRODUCE,ONIONS,8,64.31
PRODUCE,ONIONS,9,126.38
PRODUCE,ONIONS,10,172.11
PRODUCE,ONIONS,11,132.93
PRODUCE,ONIONS,12,130.77
PRODUCE,ONIONS,13,151.95
PRODUCE,ONIONS,14,175.44
PRODUCE,ONIONS,15,237.71
PRODUCE,ONIONS,16,214.56
PRODUCE,ONIONS,17,198.25
PRODUCE,ONIONS,18,204.53
PRODUCE,ONIONS,19,199.01
PRODUCE,ONIONS,20,243.69
PRODUCE,ONIONS,21,234.97
PRODUCE,ONIONS,22,206.84
PRODUCE,ONIONS,23,215.97
PRODUCE,ONIONS,24,265.95
PRODUCE,ONIONS,25,248.45
PRODUCE,ONIONS,26,217.38
PRODUCE,ONIONS,27,249.04
PRODUCE,ONIONS,28,247.78
PRODUCE,ONIONS,29,268.84
PRODUCE,ONIONS,30,211.57
PRODUCE,ONIONS,31,274.82
PRODUCE,ONIONS,32,250.75
PRODUCE,ONIONS,33,280.34
PRODUCE,ONIONS,34,252.92
PRODUCE,ONIONS,35,426.91
PRODUCE,ONIONS,36,289.22
PRODUCE,ONIONS,37,287.95
PRODUCE,ONIONS,38,286.56
PRODUCE,ONIONS,39,254.95
PRODUCE,ONIONS,40,279.97
PRODUCE,ONIONS,41,300.27
PRODUCE,ONIONS,42,304.6
PRODUCE,ONIONS,43,251.38
PRODUCE,ONIONS,44,246.9
PRODUCE,ONIONS,45,241.42
PRODUCE,ONIONS,46,284.53
PRODUCE,ONIONS,47,252.01
PRODUCE,ONIONS,48,248.96
PRODUCE,ONIONS,49,298.26
PRODUCE,ONIONS,50,222.64
PRODUCE,ONIONS,51,206.56
PRODUCE,ONIONS,52,224.39
PRODUCE,ONIONS,53,223.63
PRODUCE,ONIONS,54,247.82
PRODUCE,ONIONS,55,196.39
PRODUCE,ONIONS,56,250.59
PRODUCE,ONIONS,57,183.93
PRODUCE,ONIONS,58,207.73
PRODUCE,ONIONS,59,253.76
PRODUCE,ONIONS,60,217.32
PRODUCE,ONIONS,61,215.26
PRODUCE,ONIONS,62,239.09
PRODUCE,ONIONS,63,241.42
PRODUCE,ONIONS,64,203.17
PRODUCE,ONIONS,65,171.8
PRODUCE,ONIONS,66,179.52
PRODUCE,ONIONS,67,272.43
PRODUCE,ONIONS,68,306.22
PRODUCE,ONIONS,69,261.97
PRODUCE,ONIONS,70,259.55
PRODUCE,ONIONS,71,236.51
PRODUCE,ONIONS,72,255.62
PRODUCE,ONIONS,73,219.33
PRODUCE,ONIONS,74,185.71
PRODUCE,ONIONS,75,222.73
PRODUCE,ONIONS,76,262.86
PRODUCE,ONIONS,77,269.99
PRODUCE,ONIONS,78,214.31
PRODUCE,ONIONS,79,195.2
PRODUCE,ONIONS,80,256.17
PRODUCE,ONIONS,81,309.71
PRODUCE,ONIONS,82,253.81
PRODUCE,ONIONS,83,190.49
PRODUCE,ONIONS,84,278.79
PRODUCE,ONIONS,85,298.66
PRODUCE,ONIONS,86,261.48
PRODUCE,ONIONS,87,405.64
PRODUCE,ONIONS,88,262.66
PRODUCE,ONIONS,89,271.89
PRODUCE,ONIONS,90,202.25
PRODUCE,ONIONS,91,235.85
PRODUCE,ONIONS,92,324.25
PRODUCE,ONIONS,93,246.71
PRODUCE,ONIONS,94,316.7
PRODUCE,ONIONS,95,293.06
PRODUCE,ONIONS,96,347.77
PRODUCE,ONIONS,97,303.38
PRODUCE,ONIONS,98,369.66
PRODUCE,ONIONS,99,391.04
PRODUCE,ONIONS,100,348.17
PRODUCE,ONIONS,101,330.04
PRODUCE,ONIONS,102,142.9
PRODUCE,ORGANICS FRUIT & VEGETABLES,1,21.1
PRODUCE,ORGANICS FRUIT & VEGETABLES,2,18.76
PRODUCE,ORGANICS FRUIT & VEGETABLES,3,36.97
PRODUCE,ORGANICS FRUIT & VEGETABLES,4,52.79
PRODUCE,ORGANICS FRUIT & VEGETABLES,5,67.72
PRODUCE,ORGANICS FRUIT & VEGETABLES,6,44.82
PRODUCE,ORGANICS FRUIT & VEGETABLES,7,62.0
PRODUCE,ORGANICS FRUIT & VEGETABLES,8,55.77
PRODUCE,ORGANICS FRUIT & VEGETABLES,9,64.42
PRODUCE,ORGANICS FRUIT & VEGETABLES,10,49.05
PRODUCE,ORGANICS FRUIT & VEGETABLES,11,66.07
PRODUCE,ORGANICS FRUIT & VEGETABLES,12,83.39
PRODUCE,ORGANICS FRUIT & VEGETABLES,13,110.8
PRODUCE,ORGANICS FRUIT & VEGETABLES,14,98.64
PRODUCE,ORGANICS FRUIT & VEGETABLES,15,114.81
PRODUCE,ORGANICS FRUIT & VEGETABLES,16,121.39
PRODUCE,ORGANICS FRUIT & VEGETABLES,17,149.28
PRODUCE,ORGANICS FRUIT & VEGETABLES,18,141.3
PRODUCE,ORGANICS FRUIT & VEGETABLES,19,122.25
PRODUCE,ORGANICS FRUIT & VEGETABLES,20,124.66
PRODUCE,ORGANICS FRUIT & VEGETABLES,21,126.0
PRODUCE,ORGANICS FRUIT & VEGETABLES,22,106.53
PRODUCE,ORGANICS FRUIT & VEGETABLES,23,134.14
PRODUCE,ORGANICS FRUIT & VEGETABLES,24,129.85
PRODUCE,ORGANICS FRUIT & VEGETABLES,25,112.52
PRODUCE,ORGANICS FRUIT & VEGETABLES,26,112.65
PRODUCE,ORGANICS FRUIT & VEGETABLES,27,110.97
PRODUCE,ORGANICS FRUIT & VEGETABLES,28,131.26
PRODUCE,ORGANICS FRUIT & VEGETABLES,29,55.06
PRODUCE,ORGANICS FRUIT & VEGETABLES,30,110.3
PRODUCE,ORGANICS FRUIT & VEGETABLES,31,90.45
PRODUCE,ORGANICS FRUIT & VEGETABLES,32,83.12
PRODUCE,ORGANICS FRUIT & VEGETABLES,33,86.31
PRODUCE,ORGANICS FRUIT & VEGETABLES,34,87.94
PRODUCE,ORGANICS FRUIT & VEGETABLES,35,163.87
PRODUCE,ORGANICS FRUIT & VEGETABLES,36,103.43
PRODUCE,ORGANICS FRUIT & VEGETABLES,37,169.59
PRODUCE,ORGANICS FRUIT & VEGETABLES,38,187.37
PRODUCE,ORGANICS FRUIT & VEGETABLES,39,144.74
PRODUCE,ORGANICS FRUIT & VEGETABLES,40,123.27
PRODUCE,ORGANICS FRUIT & VEGETABLES,41,195.43
PRODUCE,ORGANICS FRUIT & VEGETABLES,42,225.51
PRODUCE,ORGANICS FRUIT & VEGETABLES,43,178.52
PRODUCE,ORGANICS FRUIT & VEGETABLES,44,192.56
PRODUCE,ORGANICS FRUIT & VEGETABLES,45,139.1
PRODUCE,ORGANICS FRUIT & VEGETABLES,46,139.13
PRODUCE,ORGANICS FRUIT & VEGETABLES,47,161.2
PRODUCE,ORGANICS FRUIT & VEGETABLES,48,128.57
PRODUCE,ORGANICS FRUIT & VEGETABLES,49,164.03
PRODUCE,ORGANICS FRUIT & VEGETABLES,50,261.57
PRODUCE,ORGANICS FRUIT & VEGETABLES,51,218.3
PRODUCE,ORGANICS FRUIT & VEGETABLES,52,205.11
PRODUCE,ORGANICS FRUIT & VEGETABLES,53,171.35
PRODUCE,ORGANICS FRUIT & VEGETABLES,54,183.49
PRODUCE,ORGANICS FRUIT & VEGETABLES,55,146.44
PRODUCE,ORGANICS FRUIT & VEGETABLES,56,235.41
PRODUCE,ORGANICS FRUIT & VEGETABLES,57,221.55
PRODUCE,ORGANICS FRUIT & VEGETABLES,58,245.03
PRODUCE,ORGANICS FRUIT & VEGETABLES,59,201.78
PRODUCE,ORGANICS FRUIT & VEGETABLES,60,161.06
PRODUCE,ORGANICS FRUIT & VEGETABLES,61,181.56
PRODUCE,ORGANICS FRUIT & VEGETABLES,62,200.77
PRODUCE,ORGANICS FRUIT & VEGETABLES,63,294.18
PRODUCE,ORGANICS FRUIT & VEGETABLES,64,201.5
PRODUCE,ORGANICS FRUIT & VEGETABLES,65,212.66
PRODUCE,ORGANICS FRUIT & VEGETABLES,66,211.55
PRODUCE,ORGANICS FRUIT & VEGETABLES,67,196.32
PRODUCE,ORGANICS FRUIT & VEGETABLES,68,244.91
PRODUCE,ORGANICS FRUIT & VEGETABLES,69,235.21
PRODUCE,ORGANICS FRUIT & VEGETABLES,70,291.48
PRODUCE,ORGANICS FRUIT & VEGETABLES,71,354.78
PRODUCE,ORGANICS FRUIT & VEGETABLES,72,259.02
PRODUCE,ORGANICS FRUIT & VEGETABLES,73,226.49
PRODUCE,ORGANICS FRUIT & VEGETABLES,74,165.57
PRODUCE,ORGANICS FRUIT & VEGETABLES,75,239.2
PRODUCE,ORGANICS FRUIT & VEGETABLES,76,260.89
PRODUCE,ORGANICS FRUIT & VEGETABLES,77,208.08
PRODUCE,ORGANICS FRUIT & VEGETABLES,78,252.02
PRODUCE,ORGANICS FRUIT & VEGETABLES,79,219.45
PRODUCE,ORGANICS FRUIT & VEGETABLES,80,173.18
PRODUCE,ORGANICS FRUIT & VEGETABLES,81,206.62
PRODUCE,ORGANICS FRUIT & VEGETABLES,82,233.85
PRODUCE,ORGANICS FRUIT & VEGETABLES,83,189.74
PRODUCE,ORGANICS FRUIT & VEGETABLES,84,239.91
PRODUCE,ORGANICS FRUIT & VEGETABLES,85,252.33
PRODUCE,ORGANICS FRUIT & VEGETABLES,86,219.89
PRODUCE,ORGANICS FRUIT & VEGETABLES,87,221.5
PRODUCE,ORGANICS FRUIT & VEGETABLES,88,189.25
PRODUCE,ORGANICS FRUIT & VEGETABLES,89,198.25
PRODUCE,ORGANICS FRUIT & VEGETABLES,90,209.71
PRODUCE,ORGANICS FRUIT & VEGETABLES,91,128.38
PRODUCE,ORGANICS FRUIT & VEGETABLES,92,251.68
PRODUCE,ORGANICS FRUIT & VEGETABLES,93,202.36
PRODUCE,ORGANICS FRUIT & VEGETABLES,94,231.39
PRODUCE,ORGANICS FRUIT & VEGETABLES,95,210.65
PRODUCE,ORGANICS FRUIT & VEGETABLES,96,248.9
PRODUCE,ORGANICS FRUIT & VEGETABLES,97,221.56
PRODUCE,ORGANICS FRUIT & VEGETABLES,98,234.46
PRODUCE,ORGANICS FRUIT & VEGETABLES,99,199.88
PRODUCE,ORGANICS FRUIT & VEGETABLES,100,196.31
PRODUCE,ORGANICS FRUIT & VEGETABLES,101,245.41
PRODUCE,ORGANICS FRUIT & VEGETABLES,102,142.52
PRODUCE,PEARS,2,6.38
PRODUCE,PEARS,3,10.0
PRODUCE,PEARS,4,17.56
PRODUCE,PEARS,5,4.1
PRODUCE,PEARS,6,9.32
PRODUCE,PEARS,7,8.72
PRODUCE,PEARS,8,11.22
PRODUCE,PEARS,9,11.54
PRODUCE,PEARS,10,17.68
PRODUCE,PEARS,11,14.45
PRODUCE,PEARS,12,29.51
PRODUCE,PEARS,13,27.65
PRODUCE,PEARS,14,11.39
PRODUCE,PEARS,15,26.97
PRODUCE,PEARS,16,22.65
PRODUCE,PEARS,17,12.83
PRODUCE,PEARS,18,20.84
PRODUCE,PEARS,19,20.03
PRODUCE,PEARS,20,25.39
PRODUCE,PEARS,21,22.08
PRODUCE,PEARS,22,28.14
PRODUCE,PEARS,23,32.66
PRODUCE,PEARS,24,51.84
PRODUCE,PEARS,25,43.22
PRODUCE,PEARS,26,40.16
PRODUCE,PEARS,27,44.63
PRODUCE,PEARS,28,66.0
PRODUCE,PEARS,29,46.77
PRODUCE,PEARS,30,79.37
PRODUCE,PEARS,31,90.38
PRODUCE,PEARS,32,73.65
PRODUCE,PEARS,33,56.38
PRODUCE,PEARS,34,52.44
PRODUCE,PEARS,35,53.15
PRODUCE,PEARS,36,53.89
PRODUCE,PEARS,37,81.3
PRODUCE,PEARS,38,55.35
PRODUCE,PEARS,39,56.98
PRODUCE,PEARS,40,39.0
PRODUCE,PEARS,41,31.5
PRODUCE,PEARS,42,43.63
PRODUCE,PEARS,43,45.2
PRODUCE,PEARS,44,63.2
PRODUCE,PEARS,45,68.94
PRODUCE,PEARS,46,43.56
PRODUCE,PEARS,47,59.83
PRODUCE,PEARS,48,38.79
PRODUCE,PEARS,49,72.95
PRODUCE,PEARS,50,46.64
PRODUCE,PEARS,51,44.3
PRODUCE,PEARS,52,35.55
PRODUCE,PEARS,53,48.82
PRODUCE,PEARS,54,48.04
PRODUCE,PEARS,55,38.86
PRODUCE,PEARS,56,39.0
PRODUCE,PEARS,57,32.65
PRODUCE,PEARS,58,34.15
PRODUCE,PEARS,59,23.56
PRODUCE,PEARS,60,32.98
PRODUCE,PEARS,61,38.13
PRODUCE,PEARS,62,29.97
PRODUCE,PEARS,63,30.22
PRODUCE,PEARS,64,30.84
PRODUCE,PEARS,65,43.35
PRODUCE,PEARS,66,27.34
PRODUCE,PEARS,67,35.91
PRODUCE,PEARS,68,17.86
PRODUCE,PEARS,69,24.64
PRODUCE,PEARS,70,26.97
PRODUCE,PEARS,71,30.57
PRODUCE,PEARS,72,25.42
PRODUCE,PEARS,73,53.92
PRODUCE,PEARS,74,65.63
PRODUCE,PEARS,75,35.41
PRODUCE,PEARS,76,35.06
PRODUCE,PEARS,77,44.65
PRODUCE,PEARS,78,66.88
PRODUCE,PEARS,79,90.48
PRODUCE,PEARS,80,54.41
PRODUCE,PEARS,81,96.58
PRODUCE,PEARS,82,117.59
PRODUCE,PEARS,83,57.09
PRODUCE,PEARS,84,51.81
PRODUCE,PEARS,85,80.95
PRODUCE,PEARS,86,60.14
PRODUCE,PEARS,87,78.67
PRODUCE,PEARS,88,42.6
PRODUCE,PEARS,89,107.05
PRODUCE,PEARS,90,47.47
PRODUCE,PEARS,91,65.67
PRODUCE,PEARS,92,68.26
PRODUCE,PEARS,93,26.43
PRODUCE,PEARS,94,91.81
PRODUCE,PEARS,95,74.85
PRODUCE,PEARS,96,59.38
PRODUCE,PEARS,97,52.42
PRODUCE,PEARS,98,42.85
PRODUCE,PEARS,99,63.92
PRODUCE,PEARS,100,79.91
PRODUCE,PEARS,101,46.89
PRODUCE,PEARS,102,31.4
PRODUCE,PEPPERS-ALL,1,16.52
PRODUCE,PEPPERS-ALL,2,26.47
PRODUCE,PEPPERS-ALL,3,16.12
PRODUCE,PEPPERS-ALL,4,43.82
PRODUCE,PEPPERS-ALL,5,56.11
PRODUCE,PEPPERS-ALL,6,80.43
PRODUCE,PEPPERS-ALL,7,57.22
PRODUCE,PEPPERS-ALL,8,67.22
PRODUCE,PEPPERS-ALL,9,75.28
PRODUCE,PEPPERS-ALL,10,139.54
PRODUCE,PEPPERS-ALL,11,122.15
PRODUCE,PEPPERS-ALL,12,75.69
PRODUCE,PEPPERS-ALL,13,124.23
PRODUCE,PEPPERS-ALL,14,125.31
PRODUCE,PEPPERS-ALL,15,163.75
PRODUCE,PEPPERS-ALL,16,204.16
PRODUCE,PEPPERS-ALL,17,138.45
PRODUCE,PEPPERS-ALL,18,173.39
PRODUCE,PEPPERS-ALL,19,153.36
PRODUCE,PEPPERS-ALL,20,133.38
PRODUCE,PEPPERS-ALL,21,166.56
PRODUCE,PEPPERS-ALL,22,137.65
PRODUCE,PEPPERS-ALL,23,138.88
PRODUCE,PEPPERS-ALL,24,138.82
PRODUCE,PEPPERS-ALL,25,125.79
PRODUCE,PEPPERS-ALL,26,78.58
PRODUCE,PEPPERS-ALL,27,147.83
PRODUCE,PEPPERS-ALL,28,152.07
PRODUCE,PEPPERS-ALL,29,146.91
PRODUCE,PEPPERS-ALL,30,148.4
PRODUCE,PEPPERS-ALL,31,142.69
PRODUCE,PEPPERS-ALL,32,127.95
PRODUCE,PEPPERS-ALL,33,119.78
PRODUCE,PEPPERS-ALL,34,154.19
PRODUCE,PEPPERS-ALL,35,206.65
PRODUCE,PEPPERS-ALL,36,171.42
PRODUCE,PEPPERS-ALL,37,179.87
PRODUCE,PEPPERS-ALL,38,143.35
PRODUCE,PEPPERS-ALL,39,146.62
PRODUCE,PEPPERS-ALL,40,176.41
PRODUCE,PEPPERS-ALL,41,200.95
PRODUCE,PEPPERS-ALL,42,238.85
PRODUCE,PEPPERS-ALL,43,194.43
PRODUCE,PEPPERS-ALL,44,201.63
PRODUCE,PEPPERS-ALL,45,171.7
PRODUCE,PEPPERS-ALL,46,222.82
PRODUCE,PEPPERS-ALL,47,195.13
PRODUCE,PEPPERS-ALL,48,162.37
PRODUCE,PEPPERS-ALL,49,173.9
PRODUCE,PEPPERS-ALL,50,175.34
PRODUCE,PEPPERS-ALL,51,137.7
PRODUCE,PEPPERS-ALL,52,136.49
PRODUCE,PEPPERS-ALL,53,129.73
PRODUCE,PEPPERS-ALL,54,176.08
PRODUCE,PEPPERS-ALL,55,227.67
PRODUCE,PEPPERS-ALL,56,164.8
PRODUCE,PEPPERS-ALL,57,165.09
PRODUCE,PEPPERS-ALL,58,213.49
PRODUCE,PEPPERS-ALL,59,251.17
PRODUCE,PEPPERS-ALL,60,164.38
PRODUCE,PEPPERS-ALL,61,191.57
PRODUCE,PEPPERS-ALL,62,178.87
PRODUCE,PEPPERS-ALL,63,245.82
PRODUCE,PEPPERS-ALL,64,183.49
PRODUCE,PEPPERS-ALL,65,165.08
PRODUCE,PEPPERS-ALL,66,175.98
PRODUCE,PEPPERS-ALL,67,210.07
PRODUCE,PEPPERS-ALL,68,198.75
PRODUCE,PEPPERS-ALL,69,141.03
PRODUCE,PEPPERS-ALL,70,139.64
PRODUCE,PEPPERS-ALL,71,210.03
PRODUCE,PEPPERS-ALL,72,164.65
PRODUCE,PEPPERS-ALL,73,127.21
PRODUCE,PEPPERS-ALL,74,156.24
PRODUCE,PEPPERS-ALL,75,103.11
PRODUCE,PEPPERS-ALL,76,131.64
PRODUCE,PEPPERS-ALL,77,199.88
PRODUCE,PEPPERS-ALL,78,161.56
PRODUCE,PEPPERS-ALL,79,133.34
PRODUCE,PEPPERS-ALL,80,196.19
PRODUCE,PEPPERS-ALL,81,198.48
PRODUCE,PEPPERS-ALL,82,164.48
PRODUCE,PEPPERS-ALL,83,204.3
PRODUCE,PEPPERS-ALL,84,180.53
PRODUCE,PEPPERS-ALL,85,188.07
PRODUCE,PEPPERS-ALL,86,161.27
PRODUCE,PEPPERS-ALL,87,151.91
PRODUCE,PEPPERS-ALL,88,179.71
PRODUCE,PEPPERS-ALL,89,160.11
PRODUCE,PEPPERS-ALL,90,168.84
PRODUCE,PEPPERS-ALL,91,190.48
PRODUCE,PEPPERS-ALL,92,213.47
PRODUCE,PEPPERS-ALL,93,189.0
PRODUCE,PEPPERS-ALL,94,208.44
PRODUCE,PEPPERS-ALL,95,234.48
PRODUCE,PEPPERS-ALL,96,200.18
PRODUCE,PEPPERS-ALL,97,215.4
PRODUCE,PEPPERS-ALL,98,223.52
PRODUCE,PEPPERS-ALL,99,198.72
PRODUCE,PEPPERS-ALL,100,191.52
PRODUCE,PEPPERS-ALL,101,185.06
PRODUCE,PEPPERS-ALL,102,81.8
PRODUCE,POPCORN,1,15.84
PRODUCE,POPCORN,2,13.97
PRODUCE,POPCORN,3,21.94
PRODUCE,POPCORN,4,8.99
PRODUCE,POPCORN,5,46.24
PRODUCE,POPCORN,6,16.98
PRODUCE,POPCORN,7,24.96
PRODUCE,POPCORN,8,39.47
PRODUCE,POPCORN,9,42.41
PRODUCE,POPCORN,10,59.18
PRODUCE,POPCORN,11,43.25
PRODUCE,POPCORN,12,93.26
PRODUCE,POPCORN,13,75.39
PRODUCE,POPCORN,14,58.09
PRODUCE,POPCORN,15,134.63
PRODUCE,POPCORN,16,125.05
PRODUCE,POPCORN,17,59.7
PRODUCE,POPCORN,18,104.96
PRODUCE,POPCORN,19,195.71
PRODUCE,POPCORN,20,206.22
PRODUCE,POPCORN,21,164.26
PRODUCE,POPCORN,22,139.62
PRODUCE,POPCORN,23,141.23
PRODUCE,POPCORN,24,142.57
PRODUCE,POPCORN,25,128.25
PRODUCE,POPCORN,26,87.93
PRODUCE,POPCORN,27,141.66
PRODUCE,POPCORN,28,135.96
PRODUCE,POPCORN,29,107.15
PRODUCE,POPCORN,30,116.27
PRODUCE,POPCORN,31,177.12
PRODUCE,POPCORN,32,147.54
PRODUCE,POPCORN,33,143.39
PRODUCE,POPCORN,34,159.1
PRODUCE,POPCORN,35,92.23
PRODUCE,POPCORN,36,94.36
PRODUCE,POPCORN,37,156.11
PRODUCE,POPCORN,38,180.68
PRODUCE,POPCORN,39,144.41
PRODUCE,POPCORN,40,117.02
PRODUCE,POPCORN,41,155.6
PRODUCE,POPCORN,42,124.83
PRODUCE,POPCORN,43,171.89
PRODUCE,POPCORN,44,140.35
PRODUCE,POPCORN,45,123.32
PRODUCE,POPCORN,46,173.91
PRODUCE,POPCORN,47,120.49
PRODUCE,POPCORN,48,163.72
PRODUCE,POPCORN,49,143.37
PRODUCE,POPCORN,50,161.17
PRODUCE,POPCORN,51,177.9
PRODUCE,POPCORN,52,153.45
PRODUCE,POPCORN,53,127.19
PRODUCE,POPCORN,54,118.53
PRODUCE,POPCORN,55,95.93
PRODUCE,POPCORN,56,117.01
PRODUCE,POPCORN,57,95.75
PRODUCE,POPCORN,58,152.33
PRODUCE,POPCORN,59,147.61
PRODUCE,POPCORN,60,121.19
PRODUCE,POPCORN,61,137.72
PRODUCE,POPCORN,62,77.94
PRODUCE,POPCORN,63,164.45
PRODUCE,POPCORN,64,186.46
PRODUCE,POPCORN,65,145.66
PRODUCE,POPCORN,66,90.68
PRODUCE,POPCORN,67,92.57
PRODUCE,POPCORN,68,85.92
PRODUCE,POPCORN,69,129.94
PRODUCE,POPCORN,70,112.28
PRODUCE,POPCORN,71,78.18
PRODUCE,POPCORN,72,131.35
PRODUCE,POPCORN,73,161.6
PRODUCE,POPCORN,74,146.86
PRODUCE,POPCORN,75,88.06
PRODUCE,POPCORN,76,112.5
PRODUCE,POPCORN,77,146.99
PRODUCE,POPCORN,78,99.87
PRODUCE,POPCORN,79,133.18
PRODUCE,POPCORN,80,173.3
PRODUCE,POPCORN,81,115.16
PRODUCE,POPCORN,82,165.2
PRODUCE,POPCORN,83,133.88
PRODUCE,POPCORN,84,170.3
PRODUCE,POPCORN,85,129.91
PRODUCE,POPCORN,86,130.97
PRODUCE,POPCORN,87,108.5
PRODUCE,POPCORN,88,106.99
PRODUCE,POPCORN,89,211.53
PRODUCE,POPCORN,90,156.87
PRODUCE,POPCORN,91,117.28
PRODUCE,POPCORN,92,97.99
PRODUCE,POPCORN,93,116.55
PRODUCE,POPCORN,94,150.99
PRODUCE,POPCORN,95,147.62
PRODUCE,POPCORN,96,200.5
PRODUCE,POPCORN,97,137.6
PRODUCE,POPCORN,98,197.07
PRODUCE,POPCORN,99,166.28
PRODUCE,POPCORN,100,135.84
PRODUCE,POPCORN,101,160.13
PRODUCE,POPCORN,102,85.34
PRODUCE,POTATOES,1,20.63
PRODUCE,POTATOES,2,40.3
PRODUCE,POTATOES,3,68.68
PRODUCE,POTATOES,4,60.14
PRODUCE,POTATOES,5,101.29
PRODUCE,POTATOES,6,125.65
PRODUCE,POTATOES,7,91.05
PRODUCE,POTATOES,8,139.76
PRODUCE,POTATOES,9,135.64
PRODUCE,POTATOES,10,201.69
PRODUCE,POTATOES,11,198.28
PRODUCE,POTATOES,12,214.17
PRODUCE,POTATOES,13,216.6
PRODUCE,POTATOES,14,269.69
PRODUCE,POTATOES,15,348.59
PRODUCE,POTATOES,16,361.91
PRODUCE,POTATOES,17,390.4
PRODUCE,POTATOES,18,356.41
PRODUCE,POTATOES,19,361.04
PRODUCE,POTATOES,20,366.44
PRODUCE,POTATOES,21,424.92
PRODUCE,POTATOES,22,339.7
PRODUCE,POTATOES,23,393.94
PRODUCE,POTATOES,24,472.01
PRODUCE,POTATOES,25,427.27
PRODUCE,POTATOES,26,418.81
PRODUCE,POTATOES,27,400.06
PRODUCE,POTATOES,28,455.92
PRODUCE,POTATOES,29,439.76
PRODUCE,POTATOES,30,462.56
PRODUCE,POTATOES,31,448.66
PRODUCE,POTATOES,32,466.3
PRODUCE,POTATOES,33,447.35
PRODUCE,POTATOES,34,516.62
PRODUCE,POTATOES,35,822.93
PRODUCE,POTATOES,36,515.43
PRODUCE,POTATOES,37,527.53
PRODUCE,POTATOES,38,509.47
PRODUCE,POTATOES,39,503.66
PRODUCE,POTATOES,40,694.58
PRODUCE,POTATOES,41,503.67
PRODUCE,POTATOES,42,600.95
PRODUCE,POTATOES,43,448.25
PRODUCE,POTATOES,44,454.69
PRODUCE,POTATOES,45,445.17
PRODUCE,POTATOES,46,526.87
PRODUCE,POTATOES,47,498.89
PRODUCE,POTATOES,48,447.6
PRODUCE,POTATOES,49,498.45
PRODUCE,POTATOES,50,486.07
PRODUCE,POTATOES,51,419.8
PRODUCE,POTATOES,52,556.04
PRODUCE,POTATOES,53,504.74
PRODUCE,POTATOES,54,591.03
PRODUCE,POTATOES,55,490.58
PRODUCE,POTATOES,56,601.31
PRODUCE,POTATOES,57,418.09
PRODUCE,POTATOES,58,461.76
PRODUCE,POTATOES,59,550.14
PRODUCE,POTATOES,60,521.69
PRODUCE,POTATOES,61,551.63
PRODUCE,POTATOES,62,497.37
PRODUCE,POTATOES,63,576.38
PRODUCE,POTATOES,64,488.55
PRODUCE,POTATOES,65,461.11
PRODUCE,POTATOES,66,404.78
PRODUCE,POTATOES,67,660.2
PRODUCE,POTATOES,68,467.68
PRODUCE,POTATOES,69,409.81
PRODUCE,POTATOES,70,438.69
PRODUCE,POTATOES,71,366.87
PRODUCE,POTATOES,72,552.29
PRODUCE,POTATOES,73,434.41
PRODUCE,POTATOES,74,447.0
PRODUCE,POTATOES,75,460.44
PRODUCE,POTATOES,76,567.31
PRODUCE,POTATOES,77,533.22
PRODUCE,POTATOES,78,447.62
PRODUCE,POTATOES,79,416.05
PRODUCE,POTATOES,80,514.23
PRODUCE,POTATOES,81,528.74
PRODUCE,POTATOES,82,385.63
PRODUCE,POTATOES,83,490.1
PRODUCE,POTATOES,84,504.36
PRODUCE,POTATOES,85,584.3
PRODUCE,POTATOES,86,538.93
PRODUCE,POTATOES,87,861.47
PRODUCE,POTATOES,88,519.43
PRODUCE,POTATOES,89,452.78
PRODUCE,POTATOES,90,475.52
PRODUCE,POTATOES,91,489.55
PRODUCE,POTATOES,92,805.47
PRODUCE,POTATOES,93,524.95
PRODUCE,POTATOES,94,569.07
PRODUCE,POTATOES,95,503.53
PRODUCE,POTATOES,96,592.52
PRODUCE,POTATOES,97,469.28
PRODUCE,POTATOES,98,562.12
PRODUCE,POTATOES,99,614.6
PRODUCE,POTATOES,100,464.48
PRODUCE,POTATOES,101,522.13
PRODUCE,POTATOES,102,233.39
PRODUCE,PROCESSED,1,25.25
PRODUCE,PROCESSED,2,11.78
PRODUCE,PROCESSED,3,22.55
PRODUCE,PROCESSED,4,21.44
PRODUCE,PROCESSED,5,55.81
PRODUCE,PROCESSED,6,34.9
PRODUCE,PROCESSED,7,61.23
PRODUCE,PROCESSED,8,30.42
PRODUCE,PROCESSED,9,44.29
PRODUCE,PROCESSED,10,61.76
PRODUCE,PROCESSED,11,114.27
PRODUCE,PROCESSED,12,93.15
PRODUCE,PROCESSED,13,72.04
PRODUCE,PROCESSED,14,108.86
PRODUCE,PROCESSED,15,129.24
PRODUCE,PROCESSED,16,124.36
PRODUCE,PROCESSED,17,106.62
PRODUCE,PROCESSED,18,152.46
PRODUCE,PROCESSED,19,151.75
PRODUCE,PROCESSED,20,160.03
PRODUCE,PROCESSED,21,93.88
PRODUCE,PROCESSED,22,120.43
PRODUCE,PROCESSED,23,150.01
PRODUCE,PROCESSED,24,138.8
PRODUCE,PROCESSED,25,176.28
PRODUCE,PROCESSED,26,167.04
PRODUCE,PROCESSED,27,200.77
PRODUCE,PROCESSED,28,224.72
PRODUCE,PROCESSED,29,160.12
PRODUCE,PROCESSED,30,207.73
PRODUCE,PROCESSED,31,163.35
PRODUCE,PROCESSED,32,211.66
PRODUCE,PROCESSED,33,145.73
PRODUCE,PROCESSED,34,146.93
PRODUCE,PROCESSED,35,160.37
PRODUCE,PROCESSED,36,144.07
PRODUCE,PROCESSED,37,177.91
PRODUCE,PROCESSED,38,173.43
PRODUCE,PROCESSED,39,154.46
PRODUCE,PROCESSED,40,145.37
PRODUCE,PROCESSED,41,161.25
PRODUCE,PROCESSED,42,165.35
PRODUCE,PROCESSED,43,162.69
PRODUCE,PROCESSED,44,173.55
PRODUCE,PROCESSED,45,102.84
PRODUCE,PROCESSED,46,195.31
PRODUCE,PROCESSED,47,151.48
PRODUCE,PROCESSED,48,137.11
PRODUCE,PROCESSED,49,140.34
PRODUCE,PROCESSED,50,288.79
PRODUCE,PROCESSED,51,165.0
PRODUCE,PROCESSED,52,166.22
PRODUCE,PROCESSED,53,165.46
PRODUCE,PROCESSED,54,253.0
PRODUCE,PROCESSED,55,174.56
PRODUCE,PROCESSED,56,183.63
PRODUCE,PROCESSED,57,194.53
PRODUCE,PROCESSED,58,132.57
PRODUCE,PROCESSED,59,193.39
PRODUCE,PROCESSED,60,216.52
PRODUCE,PROCESSED,61,174.49
PRODUCE,PROCESSED,62,136.85
PRODUCE,PROCESSED,63,199.17
PRODUCE,PROCESSED,64,150.91
PRODUCE,PROCESSED,65,238.74
PRODUCE,PROCESSED,66,122.27
PRODUCE,PROCESSED,67,243.15
PRODUCE,PROCESSED,68,168.7
PRODUCE,PROCESSED,69,135.57
PRODUCE,PROCESSED,70,121.43
PRODUCE,PROCESSED,71,110.72
PRODUCE,PROCESSED,72,170.92
PRODUCE,PROCESSED,73,115.93
PRODUCE,PROCESSED,74,144.83
PRODUCE,PROCESSED,75,149.26
PRODUCE,PROCESSED,76,213.64
PRODUCE,PROCESSED,77,213.98
PRODUCE,PROCESSED,78,122.9
PRODUCE,PROCESSED,79,195.51
PRODUCE,PROCESSED,80,217.59
PRODUCE,PROCESSED,81,228.38
PRODUCE,PROCESSED,82,232.35
PRODUCE,PROCESSED,83,179.9
PRODUCE,PROCESSED,84,218.66
PRODUCE,PROCESSED,85,181.59
PRODUCE,PROCESSED,86,182.01
PRODUCE,PROCESSED,87,198.62
PRODUCE,PROCESSED,88,179.84
PRODUCE,PROCESSED,89,165.17
PRODUCE,PROCESSED,90,157.06
PRODUCE,PROCESSED,91,205.47
PRODUCE,PROCESSED,92,187.59
PRODUCE,PROCESSED,93,171.93
PRODUCE,PROCESSED,94,196.61
PRODUCE,PROCESSED,95,124.77
PRODUCE,PROCESSED,96,173.71
PRODUCE,PROCESSED,97,83.48
PRODUCE,PROCESSED,98,194.18
PRODUCE,PROCESSED,99,202.19
PRODUCE,PROCESSED,100,143.38
PRODUCE,PROCESSED,101,154.93
PRODUCE,PROCESSED,102,120.55
PRODUCE,PROD SUPPLIES,10,0.99
PRODUCE,PROD SUPPLIES,16,0.99
PRODUCE,PROD SUPPLIES,25,0.5
PRODUCE,PROD SUPPLIES,29,0.99
PRODUCE,PROD SUPPLIES,30,1.69
PRODUCE,PROD SUPPLIES,35,3.29
PRODUCE,PROD SUPPLIES,39,0.99
PRODUCE,PROD SUPPLIES,41,1.79
PRODUCE,PROD SUPPLIES,52,1.99
PRODUCE,PROD SUPPLIES,58,6.99
PRODUCE,PROD SUPPLIES,63,0.99
PRODUCE,PROD SUPPLIES,73,1.0
PRODUCE,PROD SUPPLIES,74,0.99
PRODUCE,PROD SUPPLIES,87,0.5
PRODUCE,SALAD BAR,23,11.65
PRODUCE,SALAD BAR,56,3.23
PRODUCE,SALAD BAR,57,9.28
PRODUCE,SALAD BAR,73,4.09
PRODUCE,SALAD MIX,1,37.39
PRODUCE,SALAD MIX,2,95.29
PRODUCE,SALAD MIX,3,85.84
PRODUCE,SALAD MIX,4,84.02
PRODUCE,SALAD MIX,5,148.82
PRODUCE,SALAD MIX,6,129.3
PRODUCE,SALAD MIX,7,186.24
PRODUCE,SALAD MIX,8,186.29
PRODUCE,SALAD MIX,9,167.36
PRODUCE,SALAD MIX,10,289.1
PRODUCE,SALAD MIX,11,274.35
PRODUCE,SALAD MIX,12,309.37
PRODUCE,SALAD MIX,13,304.27
PRODUCE,SALAD MIX,14,307.25
PRODUCE,SALAD MIX,15,380.61
PRODUCE,SALAD MIX,16,415.63
PRODUCE,SALAD MIX,17,450.55
PRODUCE,SALAD MIX,18,365.89
PRODUCE,SALAD MIX,19,450.94
PRODUCE,SALAD MIX,20,452.05
PRODUCE,SALAD MIX,21,426.54
PRODUCE,SALAD MIX,22,418.26
PRODUCE,SALAD MIX,23,401.34
PRODUCE,SALAD MIX,24,441.63
PRODUCE,SALAD MIX,25,462.45
PRODUCE,SALAD MIX,26,475.12
PRODUCE,SALAD MIX,27,432.15
PRODUCE,SALAD MIX,28,441.88
PRODUCE,SALAD MIX,29,403.82
PRODUCE,SALAD MIX,30,398.07
PRODUCE,SALAD MIX,31,410.28
PRODUCE,SALAD MIX,32,497.44
PRODUCE,SALAD MIX,33,416.51
PRODUCE,SALAD MIX,34,498.58
PRODUCE,SALAD MIX,35,419.21
PRODUCE,SALAD MIX,36,350.65
PRODUCE,SALAD MIX,37,524.85
PRODUCE,SALAD MIX,38,384.03
PRODUCE,SALAD MIX,39,367.25
PRODUCE,SALAD MIX,40,447.16
PRODUCE,SALAD MIX,41,501.91
PRODUCE,SALAD MIX,42,627.87
PRODUCE,SALAD MIX,43,559.24
PRODUCE,SALAD MIX,44,502.4
PRODUCE,SALAD MIX,45,475.58
PRODUCE,SALAD MIX,46,633.2
PRODUCE,SALAD MIX,47,529.98
PRODUCE,SALAD MIX,48,480.73
PRODUCE,SALAD MIX,49,507.79
PRODUCE,SALAD MIX,50,654.54
PRODUCE,SALAD MIX,51,571.39
PRODUCE,SALAD MIX,52,558.18
PRODUCE,SALAD MIX,53,451.89
PRODUCE,SALAD MIX,54,619.3
PRODUCE,SALAD MIX,55,535.77
PRODUCE,SALAD MIX,56,520.18
PRODUCE,SALAD MIX,57,487.22
PRODUCE,SALAD MIX,58,491.96
PRODUCE,SALAD MIX,59,640.91
PRODUCE,SALAD MIX,60,550.33
PRODUCE,SALAD MIX,61,498.27
PRODUCE,SALAD MIX,62,549.29
PRODUCE,SALAD MIX,63,552.29
PRODUCE,SALAD MIX,64,522.05
PRODUCE,SALAD MIX,65,545.82
PRODUCE,SALAD MIX,66,436.93
PRODUCE,SALAD MIX,67,518.02
PRODUCE,SALAD MIX,68,546.6
PRODUCE,SALAD MIX,69,533.4
PRODUCE,SALAD MIX,70,521.31
PRODUCE,SALAD MIX,71,483.13
PRODUCE,SALAD MIX,72,551.27
PRODUCE,SALAD MIX,73,486.33
PRODUCE,SALAD MIX,74,472.81
PRODUCE,SALAD MIX,75,502.38
PRODUCE,SALAD MIX,76,515.54
PRODUCE,SALAD MIX,77,555.54
PRODUCE,SALAD MIX,78,419.81
PRODUCE,SALAD MIX,79,335.85
PRODUCE,SALAD MIX,80,481.09
PRODUCE,SALAD MIX,81,405.21
PRODUCE,SALAD MIX,82,356.36
PRODUCE,SALAD MIX,83,405.42
PRODUCE,SALAD MIX,84,387.26
PRODUCE,SALAD MIX,85,567.26
PRODUCE,SALAD MIX,86,425.58
PRODUCE,SALAD MIX,87,409.93
PRODUCE,SALAD MIX,88,385.62
PRODUCE,SALAD MIX,89,448.78
PRODUCE,SALAD MIX,90,437.4
PRODUCE,SALAD MIX,91,412.06
PRODUCE,SALAD MIX,92,425.69
PRODUCE,SALAD MIX,93,487.39
PRODUCE,SALAD MIX,94,607.0
PRODUCE,SALAD MIX,95,594.33
PRODUCE,SALAD MIX,96,639.41
PRODUCE,SALAD MIX,97,451.58
PRODUCE,SALAD MIX,98,521.06
PRODUCE,SALAD MIX,99,562.13
PRODUCE,SALAD MIX,100,417.36
PRODUCE,SALAD MIX,101,523.67
PRODUCE,SALAD MIX,102,270.65
PRODUCE,SEASONAL,15,0.0
PRODUCE,SEASONAL,18,3.99
PRODUCE,SEASONAL,25,3.99
PRODUCE,SEASONAL,26,11.97
PRODUCE,SEASONAL,27,36.54
PRODUCE,SEASONAL,28,101.28
PRODUCE,SEASONAL,29,82.44
PRODUCE,SEASONAL,30,99.14
PRODUCE,SEASONAL,31,239.26
PRODUCE,SEASONAL,32,124.19
PRODUCE,SEASONAL,33,3.99
PRODUCE,SEASONAL,42,2.99
PRODUCE,SEASONAL,77,9.98
PRODUCE,SEASONAL,78,9.98
PRODUCE,SEASONAL,79,51.9
PRODUCE,SEASONAL,80,158.92
PRODUCE,SEASONAL,81,85.37
PRODUCE,SEASONAL,82,148.68
PRODUCE,SEASONAL,83,194.47
PRODUCE,SEASONAL,84,169.68
PRODUCE,SEASONAL,85,1.5
PRODUCE,SEASONAL,86,1.0
PRODUCE,SQUASH,1,1.75
PRODUCE,SQUASH,2,3.76
PRODUCE,SQUASH,3,4.5
PRODUCE,SQUASH,4,12.75
PRODUCE,SQUASH,5,9.96
PRODUCE,SQUASH,6,14.92
PRODUCE,SQUASH,7,9.8
PRODUCE,SQUASH,8,16.51
PRODUCE,SQUASH,9,5.51
PRODUCE,SQUASH,10,17.22
PRODUCE,SQUASH,11,8.7
PRODUCE,SQUASH,12,10.37
PRODUCE,SQUASH,13,25.5
PRODUCE,SQUASH,14,35.62
PRODUCE,SQUASH,15,23.92
PRODUCE,SQUASH,16,32.98
PRODUCE,SQUASH,17,24.59
PRODUCE,SQUASH,18,15.32
PRODUCE,SQUASH,19,22.65
PRODUCE,SQUASH,20,25.27
PRODUCE,SQUASH,21,28.93
PRODUCE,SQUASH,22,26.69
PRODUCE,SQUASH,23,42.43
PRODUCE,SQUASH,24,30.25
PRODUCE,SQUASH,25,32.16
PRODUCE,SQUASH,26,53.94
PRODUCE,SQUASH,27,42.78
PRODUCE,SQUASH,28,55.48
PRODUCE,SQUASH,29,44.05
PRODUCE,SQUASH,30,43.38
PRODUCE,SQUASH,31,64.03
PRODUCE,SQUASH,32,41.67
PRODUCE,SQUASH,33,34.94
PRODUCE,SQUASH,34,39.56
PRODUCE,SQUASH,35,34.75
PRODUCE,SQUASH,36,42.17
PRODUCE,SQUASH,37,20.22
PRODUCE,SQUASH,38,35.49
PRODUCE,SQUASH,39,40.14
PRODUCE,SQUASH,40,36.52
PRODUCE,SQUASH,41,39.86
PRODUCE,SQUASH,42,32.9
PRODUCE,SQUASH,43,37.52
PRODUCE,SQUASH,44,31.57
PRODUCE,SQUASH,45,28.11
PRODUCE,SQUASH,46,34.74
PRODUCE,SQUASH,47,26.94
PRODUCE,SQUASH,48,30.73
PRODUCE,SQUASH,49,8.88
PRODUCE,SQUASH,50,22.18
PRODUCE,SQUASH,51,33.17
PRODUCE,SQUASH,52,38.34
PRODUCE,SQUASH,53,49.56
PRODUCE,SQUASH,54,30.57
PRODUCE,SQUASH,55,35.96
PRODUCE,SQUASH,56,34.77
PRODUCE,SQUASH,57,35.41
PRODUCE,SQUASH,58,42.04
PRODUCE,SQUASH,59,28.66
PRODUCE,SQUASH,60,24.28
PRODUCE,SQUASH,61,22.61
PRODUCE,SQUASH,62,32.72
PRODUCE,SQUASH,63,39.3
PRODUCE,SQUASH,64,42.36
PRODUCE,SQUASH,65,41.69
PRODUCE,SQUASH,66,20.25
PRODUCE,SQUASH,67,40.36
PRODUCE,SQUASH,68,55.6
PRODUCE,SQUASH,69,36.2
PRODUCE,SQUASH,70,29.73
PRODUCE,SQUASH,71,29.45
PRODUCE,SQUASH,72,32.83
PRODUCE,SQUASH,73,46.05
PRODUCE,SQUASH,74,28.09
PRODUCE,SQUASH,75,41.42
PRODUCE,SQUASH,76,23.86
PRODUCE,SQUASH,77,39.94
PRODUCE,SQUASH,78,53.07
PRODUCE,SQUASH,79,46.97
PRODUCE,SQUASH,80,54.2
PRODUCE,SQUASH,81,39.41
PRODUCE,SQUASH,82,48.96
PRODUCE,SQUASH,83,45.37
PRODUCE,SQUASH,84,41.62
PRODUCE,SQUASH,85,52.85
PRODUCE,SQUASH,86,25.02
PRODUCE,SQUASH,87,47.91
PRODUCE,SQUASH,88,24.31
PRODUCE,SQUASH,89,27.76
PRODUCE,SQUASH,90,32.53
PRODUCE,SQUASH,91,33.54
PRODUCE,SQUASH,92,25.64
PRODUCE,SQUASH,93,29.88
PRODUCE,SQUASH,94,42.16
PRODUCE,SQUASH,95,21.29
PRODUCE,SQUASH,96,44.97
PRODUCE,SQUASH,97,55.41
PRODUCE,SQUASH,98,62.49
PRODUCE,SQUASH,99,69.19
PRODUCE,SQUASH,100,43.84
PRODUCE,SQUASH,101,36.39
PRODUCE,SQUASH,102,10.33
PRODUCE,STONE FRUIT,1,6.34
PRODUCE,STONE FRUIT,3,7.64
PRODUCE,STONE FRUIT,4,6.01
PRODUCE,STONE FRUIT,6,1.05
PRODUCE,STONE FRUIT,7,4.22
PRODUCE,STONE FRUIT,8,20.45
PRODUCE,STONE FRUIT,9,59.7
PRODUCE,STONE FRUIT,10,110.92
PRODUCE,STONE FRUIT,11,185.86
PRODUCE,STONE FRUIT,12,192.15
PRODUCE,STONE FRUIT,13,179.88
PRODUCE,STONE FRUIT,14,599.35
PRODUCE,STONE FRUIT,15,729.82
PRODUCE,STONE FRUIT,16,711.7
PRODUCE,STONE FRUIT,17,566.28
PRODUCE,STONE FRUIT,18,600.22
PRODUCE,STONE FRUIT,19,450.47
PRODUCE,STONE FRUIT,20,376.52
PRODUCE,STONE FRUIT,21,312.73
PRODUCE,STONE FRUIT,22,251.91
PRODUCE,STONE FRUIT,23,198.6
PRODUCE,STONE FRUIT,24,244.4
PRODUCE,STONE FRUIT,25,227.78
PRODUCE,STONE FRUIT,26,182.83
PRODUCE,STONE FRUIT,27,150.68
PRODUCE,STONE FRUIT,28,141.49
PRODUCE,STONE FRUIT,29,97.18
PRODUCE,STONE FRUIT,30,77.77
PRODUCE,STONE FRUIT,31,49.28
PRODUCE,STONE FRUIT,32,46.3
PRODUCE,STONE FRUIT,33,7.48
PRODUCE,STONE FRUIT,34,7.27
PRODUCE,STONE FRUIT,35,0.76
PRODUCE,STONE FRUIT,36,0.0
PRODUCE,STONE FRUIT,37,9.13
PRODUCE,STONE FRUIT,38,5.09
PRODUCE,STONE FRUIT,39,2.6
PRODUCE,STONE FRUIT,40,0.0
PRODUCE,STONE FRUIT,41,15.56
PRODUCE,STONE FRUIT,42,21.49
PRODUCE,STONE FRUIT,43,30.31
PRODUCE,STONE FRUIT,44,20.2
PRODUCE,STONE FRUIT,45,10.24
PRODUCE,STONE FRUIT,46,56.6
PRODUCE,STONE FRUIT,47,134.35
PRODUCE,STONE FRUIT,48,57.74
PRODUCE,STONE FRUIT,49,25.66
PRODUCE,STONE FRUIT,50,83.37
PRODUCE,STONE FRUIT,51,58.09
PRODUCE,STONE FRUIT,52,38.72
PRODUCE,STONE FRUIT,53,17.56
PRODUCE,STONE FRUIT,54,12.92
PRODUCE,STONE FRUIT,55,14.83
PRODUCE,STONE FRUIT,56,7.43
PRODUCE,STONE FRUIT,57,14.7
PRODUCE,STONE FRUIT,58,9.35
PRODUCE,STONE FRUIT,59,3.79
PRODUCE,STONE FRUIT,60,12.87
PRODUCE,STONE FRUIT,61,11.39
PRODUCE,STONE FRUIT,62,60.64
PRODUCE,STONE FRUIT,63,127.33
PRODUCE,STONE FRUIT,64,156.48
PRODUCE,STONE FRUIT,65,283.4
PRODUCE,STONE FRUIT,66,596.43
PRODUCE,STONE FRUIT,67,845.73
PRODUCE,STONE FRUIT,68,635.39
PRODUCE,STONE FRUIT,69,806.98
PRODUCE,STONE FRUIT,70,657.73
PRODUCE,STONE FRUIT,71,697.68
PRODUCE,STONE FRUIT,72,642.71
PRODUCE,STONE FRUIT,73,464.72
PRODUCE,STONE FRUIT,74,460.7
PRODUCE,STONE FRUIT,75,408.42
PRODUCE,STONE FRUIT,76,337.96
PRODUCE,STONE FRUIT,77,284.43
PRODUCE,STONE FRUIT,78,284.86
PRODUCE,STONE FRUIT,79,230.51
PRODUCE,STONE FRUIT,80,166.27
PRODUCE,STONE FRUIT,81,279.32
PRODUCE,STONE FRUIT,82,128.09
PRODUCE,STONE FRUIT,83,60.92
PRODUCE,STONE FRUIT,84,10.05
PRODUCE,STONE FRUIT,85,4.15
PRODUCE,STONE FRUIT,86,0.0
PRODUCE,STONE FRUIT,87,5.93
PRODUCE,STONE FRUIT,88,3.18
PRODUCE,STONE FRUIT,89,10.32
PRODUCE,STONE FRUIT,90,8.05
PRODUCE,STONE FRUIT,92,26.5
PRODUCE,STONE FRUIT,93,20.31
PRODUCE,STONE FRUIT,94,28.72
PRODUCE,STONE FRUIT,95,68.18
PRODUCE,STONE FRUIT,96,56.79
PRODUCE,STONE FRUIT,97,18.92
PRODUCE,STONE FRUIT,98,40.09
PRODUCE,STONE FRUIT,99,95.05
PRODUCE,STONE FRUIT,100,30.37
PRODUCE,STONE FRUIT,101,56.02
PRODUCE,STONE FRUIT,102,50.64
PRODUCE,TOMATOES,1,45.97
PRODUCE,TOMATOES,2,75.19
PRODUCE,TOMATOES,3,87.36
PRODUCE,TOMATOES,4,112.48
PRODUCE,TOMATOES,5,124.5
PRODUCE,TOMATOES,6,149.74
PRODUCE,TOMATOES,7,217.22
PRODUCE,TOMATOES,8,154.65
PRODUCE,TOMATOES,9,232.82
PRODUCE,TOMATOES,10,310.08
PRODUCE,TOMATOES,11,305.42
PRODUCE,TOMATOES,12,341.01
PRODUCE,TOMATOES,13,309.35
PRODUCE,TOMATOES,14,452.74
PRODUCE,TOMATOES,15,498.58
PRODUCE,TOMATOES,16,371.38
PRODUCE,TOMATOES,17,355.02
PRODUCE,TOMATOES,18,424.26
PRODUCE,TOMATOES,19,326.92
PRODUCE,TOMATOES,20,310.36
PRODUCE,TOMATOES,21,318.08
PRODUCE,TOMATOES,22,274.32
PRODUCE,TOMATOES,23,217.2
PRODUCE,TOMATOES,24,315.17
PRODUCE,TOMATOES,25,334.0
PRODUCE,TOMATOES,26,272.96
PRODUCE,TOMATOES,27,284.71
PRODUCE,TOMATOES,28,344.94
PRODUCE,TOMATOES,29,364.05
PRODUCE,TOMATOES,30,331.37
PRODUCE,TOMATOES,31,332.94
PRODUCE,TOMATOES,32,405.43
PRODUCE,TOMATOES,33,411.92
PRODUCE,TOMATOES,34,341.55
PRODUCE,TOMATOES,35,373.35
PRODUCE,TOMATOES,36,321.4
PRODUCE,TOMATOES,37,447.05
PRODUCE,TOMATOES,38,296.85
PRODUCE,TOMATOES,39,367.37
PRODUCE,TOMATOES,40,353.5
PRODUCE,TOMATOES,41,598.27
PRODUCE,TOMATOES,42,506.08
PRODUCE,TOMATOES,43,452.57
PRODUCE,TOMATOES,44,427.99
PRODUCE,TOMATOES,45,474.8
PRODUCE,TOMATOES,46,578.15
PRODUCE,TOMATOES,47,533.78
PRODUCE,TOMATOES,48,400.54
PRODUCE,TOMATOES,49,424.65
PRODUCE,TOMATOES,50,504.06
PRODUCE,TOMATOES,51,433.41
PRODUCE,TOMATOES,52,412.03
PRODUCE,TOMATOES,53,450.21
PRODUCE,TOMATOES,54,569.42
PRODUCE,TOMATOES,55,374.33
PRODUCE,TOMATOES,56,584.69
PRODUCE,TOMATOES,57,550.36
PRODUCE,TOMATOES,58,508.71
PRODUCE,TOMATOES,59,549.81
PRODUCE,TOMATOES,60,536.87
PRODUCE,TOMATOES,61,559.86
PRODUCE,TOMATOES,62,553.65
PRODUCE,TOMATOES,63,534.73
PRODUCE,TOMATOES,64,566.23
PRODUCE,TOMATOES,65,608.96
PRODUCE,TOMATOES,66,453.18
PRODUCE,TOMATOES,67,537.98
PRODUCE,TOMATOES,68,491.33
PRODUCE,TOMATOES,69,485.81
PRODUCE,TOMATOES,70,545.73
PRODUCE,TOMATOES,71,439.5
PRODUCE,TOMATOES,72,432.74
PRODUCE,TOMATOES,73,322.16
PRODUCE,TOMATOES,74,309.64
PRODUCE,TOMATOES,75,331.14
PRODUCE,TOMATOES,76,405.58
PRODUCE,TOMATOES,77,389.38
PRODUCE,TOMATOES,78,415.87
PRODUCE,TOMATOES,79,438.76
PRODUCE,TOMATOES,80,470.3
PRODUCE,TOMATOES,81,556.82
PRODUCE,TOMATOES,82,475.04
PRODUCE,TOMATOES,83,540.29
PRODUCE,TOMATOES,84,570.69
PRODUCE,TOMATOES,85,559.5
PRODUCE,TOMATOES,86,511.4
PRODUCE,TOMATOES,87,471.55
PRODUCE,TOMATOES,88,382.4
PRODUCE,TOMATOES,89,522.52
PRODUCE,TOMATOES,90,504.37
PRODUCE,TOMATOES,91,434.0
PRODUCE,TOMATOES,92,443.51
PRODUCE,TOMATOES,93,557.44
PRODUCE,TOMATOES,94,601.16
PRODUCE,TOMATOES,95,596.28
PRODUCE,TOMATOES,96,441.35
PRODUCE,TOMATOES,97,499.13
PRODUCE,TOMATOES,98,456.81
PRODUCE,TOMATOES,99,457.34
PRODUCE,TOMATOES,100,420.14
PRODUCE,TOMATOES,101,549.39
PRODUCE,TOMATOES,102,234.19
PRODUCE,TROPICAL FRUIT,1,58.91
PRODUCE,TROPICAL FRUIT,2,56.53
PRODUCE,TROPICAL FRUIT,3,70.0
PRODUCE,TROPICAL FRUIT,4,105.32
PRODUCE,TROPICAL FRUIT,5,134.36
PRODUCE,TROPICAL FRUIT,6,198.64
PRODUCE,TROPICAL FRUIT,7,151.15
PRODUCE,TROPICAL FRUIT,8,148.81
PRODUCE,TROPICAL FRUIT,9,198.29
PRODUCE,TROPICAL FRUIT,10,248.07
PRODUCE,TROPICAL FRUIT,11,300.15
PRODUCE,TROPICAL FRUIT,12,268.79
PRODUCE,TROPICAL FRUIT,13,302.28
PRODUCE,TROPICAL FRUIT,14,320.15
PRODUCE,TROPICAL FRUIT,15,348.54
PRODUCE,TROPICAL FRUIT,16,367.99
PRODUCE,TROPICAL FRUIT,17,376.45
PRODUCE,TROPICAL FRUIT,18,386.82
PRODUCE,TROPICAL FRUIT,19,372.41
PRODUCE,TROPICAL FRUIT,20,442.99
PRODUCE,TROPICAL FRUIT,21,429.42
PRODUCE,TROPICAL FRUIT,22,415.94
PRODUCE,TROPICAL FRUIT,23,348.75
PRODUCE,TROPICAL FRUIT,24,479.46
PRODUCE,TROPICAL FRUIT,25,378.68
PRODUCE,TROPICAL FRUIT,26,418.35
PRODUCE,TROPICAL FRUIT,27,400.16
PRODUCE,TROPICAL FRUIT,28,447.17
PRODUCE,TROPICAL FRUIT,29,336.65
PRODUCE,TROPICAL FRUIT,30,347.45
PRODUCE,TROPICAL FRUIT,31,366.88
PRODUCE,TROPICAL FRUIT,32,422.35
PRODUCE,TROPICAL FRUIT,33,422.23
PRODUCE,TROPICAL FRUIT,34,414.15
PRODUCE,TROPICAL FRUIT,35,406.47
PRODUCE,TROPICAL FRUIT,36,381.1
PRODUCE,TROPICAL FRUIT,37,446.24
PRODUCE,TROPICAL FRUIT,38,322.11
PRODUCE,TROPICAL FRUIT,39,398.17
PRODUCE,TROPICAL FRUIT,40,355.58
PRODUCE,TROPICAL FRUIT,41,407.94
PRODUCE,TROPICAL FRUIT,42,444.48
PRODUCE,TROPICAL FRUIT,43,425.25
PRODUCE,TROPICAL FRUIT,44,481.43
PRODUCE,TROPICAL FRUIT,45,422.32
PRODUCE,TROPICAL FRUIT,46,469.86
PRODUCE,TROPICAL FRUIT,47,360.69
PRODUCE,TROPICAL FRUIT,48,394.49
PRODUCE,TROPICAL FRUIT,49,428.32
PRODUCE,TROPICAL FRUIT,50,473.39
PRODUCE,TROPICAL FRUIT,51,455.23
PRODUCE,TROPICAL FRUIT,52,459.19
PRODUCE,TROPICAL FRUIT,53,488.53
PRODUCE,TROPICAL FRUIT,54,460.14
PRODUCE,TROPICAL FRUIT,55,504.25
PRODUCE,TROPICAL FRUIT,56,482.61
PRODUCE,TROPICAL FRUIT,57,458.49
PRODUCE,TROPICAL FRUIT,58,467.3
PRODUCE,TROPICAL FRUIT,59,532.84
PRODUCE,TROPICAL FRUIT,60,468.86
PRODUCE,TROPICAL FRUIT,61,456.73
PRODUCE,TROPICAL FRUIT,62,476.4
PRODUCE,TROPICAL FRUIT,63,523.81
PRODUCE,TROPICAL FRUIT,64,487.29
PRODUCE,TROPICAL FRUIT,65,475.64
PRODUCE,TROPICAL FRUIT,66,422.71
PRODUCE,TROPICAL FRUIT,67,454.59
PRODUCE,TROPICAL FRUIT,68,512.66
PRODUCE,TROPICAL FRUIT,69,503.55
PRODUCE,TROPICAL FRUIT,70,442.73
PRODUCE,TROPICAL FRUIT,71,477.26
PRODUCE,TROPICAL FRUIT,72,464.32
PRODUCE,TROPICAL FRUIT,73,429.5
PRODUCE,TROPICAL FRUIT,74,439.34
PRODUCE,TROPICAL FRUIT,75,467.44
PRODUCE,TROPICAL FRUIT,76,486.64
PRODUCE,TROPICAL FRUIT,77,408.2
PRODUCE,TROPICAL FRUIT,78,416.62
PRODUCE,TROPICAL FRUIT,79,422.66
PRODUCE,TROPICAL FRUIT,80,437.91
PRODUCE,TROPICAL FRUIT,81,493.38
PRODUCE,TROPICAL FRUIT,82,479.65
PRODUCE,TROPICAL FRUIT,83,437.19
PRODUCE,TROPICAL FRUIT,84,427.37
PRODUCE,TROPICAL FRUIT,85,500.28
PRODUCE,TROPICAL FRUIT,86,443.32
PRODUCE,TROPICAL FRUIT,87,451.58
PRODUCE,TROPICAL FRUIT,88,395.13
PRODUCE,TROPICAL FRUIT,89,497.16
PRODUCE,TROPICAL FRUIT,90,408.38
PRODUCE,TROPICAL FRUIT,91,415.61
PRODUCE,TROPICAL FRUIT,92,412.41
PRODUCE,TROPICAL FRUIT,93,445.8
PRODUCE,TROPICAL FRUIT,94,438.81
PRODUCE,TROPICAL FRUIT,95,442.74
PRODUCE,TROPICAL FRUIT,96,427.19
PRODUCE,TROPICAL FRUIT,97,432.22
PRODUCE,TROPICAL FRUIT,98,459.5
PRODUCE,TROPICAL FRUIT,99,422.14
PRODUCE,TROPICAL FRUIT,100,340.37
PRODUCE,TROPICAL FRUIT,101,466.55
PRODUCE,TROPICAL FRUIT,102,228.88
PRODUCE,VALUE ADDED FRUIT,1,29.33
PRODUCE,VALUE ADDED FRUIT,2,29.25
PRODUCE,VALUE ADDED FRUIT,3,64.82
PRODUCE,VALUE ADDED FRUIT,4,101.44
PRODUCE,VALUE ADDED FRUIT,5,94.5
PRODUCE,VALUE ADDED FRUIT,6,141.0
PRODUCE,VALUE ADDED FRUIT,7,117.55
PRODUCE,VALUE ADDED FRUIT,8,112.43
PRODUCE,VALUE ADDED FRUIT,9,117.67
PRODUCE,VALUE ADDED FRUIT,10,191.75
PRODUCE,VALUE ADDED FRUIT,11,150.07
PRODUCE,VALUE ADDED FRUIT,12,220.25
PRODUCE,VALUE ADDED FRUIT,13,232.82
PRODUCE,VALUE ADDED FRUIT,14,202.67
PRODUCE,VALUE ADDED FRUIT,15,222.46
PRODUCE,VALUE ADDED FRUIT,16,288.77
PRODUCE,VALUE ADDED FRUIT,17,272.27
PRODUCE,VALUE ADDED FRUIT,18,258.39
PRODUCE,VALUE ADDED FRUIT,19,229.55
PRODUCE,VALUE ADDED FRUIT,20,232.18
PRODUCE,VALUE ADDED FRUIT,21,213.22
PRODUCE,VALUE ADDED FRUIT,22,267.77
PRODUCE,VALUE ADDED FRUIT,23,179.33
PRODUCE,VALUE ADDED FRUIT,24,248.91
PRODUCE,VALUE ADDED FRUIT,25,269.84
PRODUCE,VALUE ADDED FRUIT,26,212.58
PRODUCE,VALUE ADDED FRUIT,27,162.52
PRODUCE,VALUE ADDED FRUIT,28,193.53
PRODUCE,VALUE ADDED FRUIT,29,191.32
PRODUCE,VALUE ADDED FRUIT,30,158.03
PRODUCE,VALUE ADDED FRUIT,31,127.31
PRODUCE,VALUE ADDED FRUIT,32,182.31
PRODUCE,VALUE ADDED FRUIT,33,157.44
PRODUCE,VALUE ADDED FRUIT,34,103.76
PRODUCE,VALUE ADDED FRUIT,35,148.94
PRODUCE,VALUE ADDED FRUIT,36,71.9
PRODUCE,VALUE ADDED FRUIT,37,186.65
PRODUCE,VALUE ADDED FRUIT,38,103.12
PRODUCE,VALUE ADDED FRUIT,39,100.66
PRODUCE,VALUE ADDED FRUIT,40,159.9
PRODUCE,VALUE ADDED FRUIT,41,207.94
PRODUCE,VALUE ADDED FRUIT,42,214.41
PRODUCE,VALUE ADDED FRUIT,43,198.0
PRODUCE,VALUE ADDED FRUIT,44,197.46
PRODUCE,VALUE ADDED FRUIT,45,219.8
PRODUCE,VALUE ADDED FRUIT,46,179.32
PRODUCE,VALUE ADDED FRUIT,47,207.88
PRODUCE,VALUE ADDED FRUIT,48,174.41
PRODUCE,VALUE ADDED FRUIT,49,236.38
PRODUCE,VALUE ADDED FRUIT,50,254.37
PRODUCE,VALUE ADDED FRUIT,51,136.34
PRODUCE,VALUE ADDED FRUIT,52,204.47
PRODUCE,VALUE ADDED FRUIT,53,160.54
PRODUCE,VALUE ADDED FRUIT,54,192.2
PRODUCE,VALUE ADDED FRUIT,55,194.49
PRODUCE,VALUE ADDED FRUIT,56,372.17
PRODUCE,VALUE ADDED FRUIT,57,269.52
PRODUCE,VALUE ADDED FRUIT,58,158.29
PRODUCE,VALUE ADDED FRUIT,59,293.53
PRODUCE,VALUE ADDED FRUIT,60,233.35
PRODUCE,VALUE ADDED FRUIT,61,247.31
PRODUCE,VALUE ADDED FRUIT,62,307.91
PRODUCE,VALUE ADDED FRUIT,63,299.89
PRODUCE,VALUE ADDED FRUIT,64,289.56
PRODUCE,VALUE ADDED FRUIT,65,295.19
PRODUCE,VALUE ADDED FRUIT,66,255.86
PRODUCE,VALUE ADDED FRUIT,67,335.77
PRODUCE,VALUE ADDED FRUIT,68,225.95
PRODUCE,VALUE ADDED FRUIT,69,198.62
PRODUCE,VALUE ADDED FRUIT,70,200.19
PRODUCE,VALUE ADDED FRUIT,71,181.7
PRODUCE,VALUE ADDED FRUIT,72,266.74
PRODUCE,VALUE ADDED FRUIT,73,240.27
PRODUCE,VALUE ADDED FRUIT,74,154.34
PRODUCE,VALUE ADDED FRUIT,75,201.97
PRODUCE,VALUE ADDED FRUIT,76,234.6
PRODUCE,VALUE ADDED FRUIT,77,241.1
PRODUCE,VALUE ADDED FRUIT,78,210.19
PRODUCE,VALUE ADDED FRUIT,79,163.05
PRODUCE,VALUE ADDED FRUIT,80,186.47
PRODUCE,VALUE ADDED FRUIT,81,170.62
PRODUCE,VALUE ADDED FRUIT,82,156.77
PRODUCE,VALUE ADDED FRUIT,83,170.3
PRODUCE,VALUE ADDED FRUIT,84,167.01
PRODUCE,VALUE ADDED FRUIT,85,180.42
PRODUCE,VALUE ADDED FRUIT,86,140.43
PRODUCE,VALUE ADDED FRUIT,87,134.44
PRODUCE,VALUE ADDED FRUIT,88,139.02
PRODUCE,VALUE ADDED FRUIT,89,129.84
PRODUCE,VALUE ADDED FRUIT,90,100.96
PRODUCE,VALUE ADDED FRUIT,91,137.45
PRODUCE,VALUE ADDED FRUIT,92,237.82
PRODUCE,VALUE ADDED FRUIT,93,209.53
PRODUCE,VALUE ADDED FRUIT,94,125.65
PRODUCE,VALUE ADDED FRUIT,95,138.02
PRODUCE,VALUE ADDED FRUIT,96,113.42
PRODUCE,VALUE ADDED FRUIT,97,119.29
PRODUCE,VALUE ADDED FRUIT,98,130.33
PRODUCE,VALUE ADDED FRUIT,99,161.1
PRODUCE,VALUE ADDED FRUIT,100,112.77
PRODUCE,VALUE ADDED FRUIT,101,149.85
PRODUCE,VALUE ADDED FRUIT,102,94.21
PRODUCE,VALUE ADDED VEGETABLES,1,24.65
PRODUCE,VALUE ADDED VEGETABLES,2,5.98
PRODUCE,VALUE ADDED VEGETABLES,3,19.97
PRODUCE,VALUE ADDED VEGETABLES,4,27.94
PRODUCE,VALUE ADDED VEGETABLES,5,6.97
PRODUCE,VALUE ADDED VEGETABLES,6,25.12
PRODUCE,VALUE ADDED VEGETABLES,7,23.12
PRODUCE,VALUE ADDED VEGETABLES,8,29.12
PRODUCE,VALUE ADDED VEGETABLES,9,23.65
PRODUCE,VALUE ADDED VEGETABLES,10,41.3
PRODUCE,VALUE ADDED VEGETABLES,11,48.76
PRODUCE,VALUE ADDED VEGETABLES,12,37.9
PRODUCE,VALUE ADDED VEGETABLES,13,90.98
PRODUCE,VALUE ADDED VEGETABLES,14,60.54
PRODUCE,VALUE ADDED VEGETABLES,15,85.25
PRODUCE,VALUE ADDED VEGETABLES,16,40.83
PRODUCE,VALUE ADDED VEGETABLES,17,64.92
PRODUCE,VALUE ADDED VEGETABLES,18,54.87
PRODUCE,VALUE ADDED VEGETABLES,19,61.66
PRODUCE,VALUE ADDED VEGETABLES,20,107.83
PRODUCE,VALUE ADDED VEGETABLES,21,61.4
PRODUCE,VALUE ADDED VEGETABLES,22,51.88
PRODUCE,VALUE ADDED VEGETABLES,23,97.25
PRODUCE,VALUE ADDED VEGETABLES,24,68.91
PRODUCE,VALUE ADDED VEGETABLES,25,113.11
PRODUCE,VALUE ADDED VEGETABLES,26,53.87
PRODUCE,VALUE ADDED VEGETABLES,27,99.34
PRODUCE,VALUE ADDED VEGETABLES,28,76.47
PRODUCE,VALUE ADDED VEGETABLES,29,73.81
PRODUCE,VALUE ADDED VEGETABLES,30,89.67
PRODUCE,VALUE ADDED VEGETABLES,31,27.9
PRODUCE,VALUE ADDED VEGETABLES,32,72.2
PRODUCE,VALUE ADDED VEGETABLES,33,75.67
PRODUCE,VALUE ADDED VEGETABLES,34,70.24
PRODUCE,VALUE ADDED VEGETABLES,35,161.23
PRODUCE,VALUE ADDED VEGETABLES,36,99.31
PRODUCE,VALUE ADDED VEGETABLES,37,102.8
PRODUCE,VALUE ADDED VEGETABLES,38,61.16
PRODUCE,VALUE ADDED VEGETABLES,39,100.87
PRODUCE,VALUE ADDED VEGETABLES,40,152.8
PRODUCE,VALUE ADDED VEGETABLES,41,140.14
PRODUCE,VALUE ADDED VEGETABLES,42,129.98
PRODUCE,VALUE ADDED VEGETABLES,43,98.25
PRODUCE,VALUE ADDED VEGETABLES,44,101.54
PRODUCE,VALUE ADDED VEGETABLES,45,87.32
PRODUCE,VALUE ADDED VEGETABLES,46,124.25
PRODUCE,VALUE ADDED VEGETABLES,47,64.54
PRODUCE,VALUE ADDED VEGETABLES,48,73.26
PRODUCE,VALUE ADDED VEGETABLES,49,82.34
PRODUCE,VALUE ADDED VEGETABLES,50,107.74
PRODUCE,VALUE ADDED VEGETABLES,51,80.48
PRODUCE,VALUE ADDED VEGETABLES,52,55.07
PRODUCE,VALUE ADDED VEGETABLES,53,71.13
PRODUCE,VALUE ADDED VEGETABLES,54,95.55
PRODUCE,VALUE ADDED VEGETABLES,55,84.72
PRODUCE,VALUE ADDED VEGETABLES,56,109.99
PRODUCE,VALUE ADDED VEGETABLES,57,68.17
PRODUCE,VALUE ADDED VEGETABLES,58,66.32
PRODUCE,VALUE ADDED VEGETABLES,59,109.21
PRODUCE,VALUE ADDED VEGETABLES,60,104.96
PRODUCE,VALUE ADDED VEGETABLES,61,58.08
PRODUCE,VALUE ADDED VEGETABLES,62,110.67
PRODUCE,VALUE ADDED VEGETABLES,63,110.56
PRODUCE,VALUE ADDED VEGETABLES,64,65.61
PRODUCE,VALUE ADDED VEGETABLES,65,81.1
PRODUCE,VALUE ADDED VEGETABLES,66,52.91
PRODUCE,VALUE ADDED VEGETABLES,67,112.77
PRODUCE,VALUE ADDED VEGETABLES,68,40.93
PRODUCE,VALUE ADDED VEGETABLES,69,76.08
PRODUCE,VALUE ADDED VEGETABLES,70,48.11
PRODUCE,VALUE ADDED VEGETABLES,71,67.04
PRODUCE,VALUE ADDED VEGETABLES,72,69.85
PRODUCE,VALUE ADDED VEGETABLES,73,42.98
PRODUCE,VALUE ADDED VEGETABLES,74,30.21
PRODUCE,VALUE ADDED VEGETABLES,75,43.35
PRODUCE,VALUE ADDED VEGETABLES,76,91.57
PRODUCE,VALUE ADDED VEGETABLES,77,107.37
PRODUCE,VALUE ADDED VEGETABLES,78,66.47
PRODUCE,VALUE ADDED VEGETABLES,79,60.61
PRODUCE,VALUE ADDED VEGETABLES,80,61.38
PRODUCE,VALUE ADDED VEGETABLES,81,70.36
PRODUCE,VALUE ADDED VEGETABLES,82,65.48
PRODUCE,VALUE ADDED VEGETABLES,83,56.1
PRODUCE,VALUE ADDED VEGETABLES,84,55.49
PRODUCE,VALUE ADDED VEGETABLES,85,41.42
PRODUCE,VALUE ADDED VEGETABLES,86,56.51
PRODUCE,VALUE ADDED VEGETABLES,87,115.07
PRODUCE,VALUE ADDED VEGETABLES,88,60.22
PRODUCE,VALUE ADDED VEGETABLES,89,51.71
PRODUCE,VALUE ADDED VEGETABLES,90,59.72
PRODUCE,VALUE ADDED VEGETABLES,91,119.99
PRODUCE,VALUE ADDED VEGETABLES,92,228.49
PRODUCE,VALUE ADDED VEGETABLES,93,86.79
PRODUCE,VALUE ADDED VEGETABLES,94,133.96
PRODUCE,VALUE ADDED VEGETABLES,95,71.08
PRODUCE,VALUE ADDED VEGETABLES,96,71.41
PRODUCE,VALUE ADDED VEGETABLES,97,95.25
PRODUCE,VALUE ADDED VEGETABLES,98,82.86
PRODUCE,VALUE ADDED VEGETABLES,99,93.01
PRODUCE,VALUE ADDED VEGETABLES,100,44.68
PRODUCE,VALUE ADDED VEGETABLES,101,116.05
PRODUCE,VALUE ADDED VEGETABLES,102,44.86
PRODUCE,VEGETABLES - ALL OTHERS,1,41.79
PRODUCE,VEGETABLES - ALL OTHERS,2,43.16
PRODUCE,VEGETABLES - ALL OTHERS,3,54.35
PRODUCE,VEGETABLES - ALL OTHERS,4,43.67
PRODUCE,VEGETABLES - ALL OTHERS,5,116.3
PRODUCE,VEGETABLES - ALL OTHERS,6,102.18
PRODUCE,VEGETABLES - ALL OTHERS,7,133.95
PRODUCE,VEGETABLES - ALL OTHERS,8,92.8
PRODUCE,VEGETABLES - ALL OTHERS,9,153.78
PRODUCE,VEGETABLES - ALL OTHERS,10,193.5
PRODUCE,VEGETABLES - ALL OTHERS,11,168.72
PRODUCE,VEGETABLES - ALL OTHERS,12,208.13
PRODUCE,VEGETABLES - ALL OTHERS,13,242.88
PRODUCE,VEGETABLES - ALL OTHERS,14,245.69
PRODUCE,VEGETABLES - ALL OTHERS,15,263.17
PRODUCE,VEGETABLES - ALL OTHERS,16,274.12
PRODUCE,VEGETABLES - ALL OTHERS,17,291.68
PRODUCE,VEGETABLES - ALL OTHERS,18,291.56
PRODUCE,VEGETABLES - ALL OTHERS,19,290.71
PRODUCE,VEGETABLES - ALL OTHERS,20,342.03
PRODUCE,VEGETABLES - ALL OTHERS,21,312.58
PRODUCE,VEGETABLES - ALL OTHERS,22,366.52
PRODUCE,VEGETABLES - ALL OTHERS,23,270.1
PRODUCE,VEGETABLES - ALL OTHERS,24,348.62
PRODUCE,VEGETABLES - ALL OTHERS,25,267.82
PRODUCE,VEGETABLES - ALL OTHERS,26,303.54
PRODUCE,VEGETABLES - ALL OTHERS,27,274.36
PRODUCE,VEGETABLES - ALL OTHERS,28,333.73
PRODUCE,VEGETABLES - ALL OTHERS,29,359.96
PRODUCE,VEGETABLES - ALL OTHERS,30,321.48
PRODUCE,VEGETABLES - ALL OTHERS,31,321.97
PRODUCE,VEGETABLES - ALL OTHERS,32,269.09
PRODUCE,VEGETABLES - ALL OTHERS,33,316.63
PRODUCE,VEGETABLES - ALL OTHERS,34,285.16
PRODUCE,VEGETABLES - ALL OTHERS,35,498.57
PRODUCE,VEGETABLES - ALL OTHERS,36,402.24
PRODUCE,VEGETABLES - ALL OTHERS,37,307.86
PRODUCE,VEGETABLES - ALL OTHERS,38,276.59
PRODUCE,VEGETABLES - ALL OTHERS,39,340.5
PRODUCE,VEGETABLES - ALL OTHERS,40,462.29
PRODUCE,VEGETABLES - ALL OTHERS,41,431.65
PRODUCE,VEGETABLES - ALL OTHERS,42,399.64
PRODUCE,VEGETABLES - ALL OTHERS,43,389.29
PRODUCE,VEGETABLES - ALL OTHERS,44,315.55
PRODUCE,VEGETABLES - ALL OTHERS,45,330.47
PRODUCE,VEGETABLES - ALL OTHERS,46,381.64
PRODUCE,VEGETABLES - ALL OTHERS,47,359.01
PRODUCE,VEGETABLES - ALL OTHERS,48,283.81
PRODUCE,VEGETABLES - ALL OTHERS,49,377.16
PRODUCE,VEGETABLES - ALL OTHERS,50,427.52
PRODUCE,VEGETABLES - ALL OTHERS,51,308.35
PRODUCE,VEGETABLES - ALL OTHERS,52,439.26
PRODUCE,VEGETABLES - ALL OTHERS,53,385.75
PRODUCE,VEGETABLES - ALL OTHERS,54,347.35
PRODUCE,VEGETABLES - ALL OTHERS,55,353.66
PRODUCE,VEGETABLES - ALL OTHERS,56,464.52
PRODUCE,VEGETABLES - ALL OTHERS,57,359.99
PRODUCE,VEGETABLES - ALL OTHERS,58,354.9
PRODUCE,VEGETABLES - ALL OTHERS,59,393.88
PRODUCE,VEGETABLES - ALL OTHERS,60,308.64
PRODUCE,VEGETABLES - ALL OTHERS,61,304.24
PRODUCE,VEGETABLES - ALL OTHERS,62,389.21
PRODUCE,VEGETABLES - ALL OTHERS,63,416.67
PRODUCE,VEGETABLES - ALL OTHERS,64,309.66
PRODUCE,VEGETABLES - ALL OTHERS,65,334.02
PRODUCE,VEGETABLES - ALL OTHERS,66,321.34
PRODUCE,VEGETABLES - ALL OTHERS,67,392.52
PRODUCE,VEGETABLES - ALL OTHERS,68,364.66
PRODUCE,VEGETABLES - ALL OTHERS,69,329.21
PRODUCE,VEGETABLES - ALL OTHERS,70,313.5
PRODUCE,VEGETABLES - ALL OTHERS,71,324.96
PRODUCE,VEGETABLES - ALL OTHERS,72,358.76
PRODUCE,VEGETABLES - ALL OTHERS,73,311.15
PRODUCE,VEGETABLES - ALL OTHERS,74,305.61
PRODUCE,VEGETABLES - ALL OTHERS,75,273.44
PRODUCE,VEGETABLES - ALL OTHERS,76,341.85
PRODUCE,VEGETABLES - ALL OTHERS,77,357.9
PRODUCE,VEGETABLES - ALL OTHERS,78,352.31
PRODUCE,VEGETABLES - ALL OTHERS,79,327.53
PRODUCE,VEGETABLES - ALL OTHERS,80,363.18
PRODUCE,VEGETABLES - ALL OTHERS,81,398.13
PRODUCE,VEGETABLES - ALL OTHERS,82,316.92
PRODUCE,VEGETABLES - ALL OTHERS,83,330.59
PRODUCE,VEGETABLES - ALL OTHERS,84,310.2
PRODUCE,VEGETABLES - ALL OTHERS,85,383.62
PRODUCE,VEGETABLES - ALL OTHERS,86,350.83
PRODUCE,VEGETABLES - ALL OTHERS,87,594.62
PRODUCE,VEGETABLES - ALL OTHERS,88,397.29
PRODUCE,VEGETABLES - ALL OTHERS,89,308.42
PRODUCE,VEGETABLES - ALL OTHERS,90,327.28
PRODUCE,VEGETABLES - ALL OTHERS,91,303.58
PRODUCE,VEGETABLES - ALL OTHERS,92,598.86
PRODUCE,VEGETABLES - ALL OTHERS,93,453.43
PRODUCE,VEGETABLES - ALL OTHERS,94,468.42
PRODUCE,VEGETABLES - ALL OTHERS,95,431.7
PRODUCE,VEGETABLES - ALL OTHERS,96,390.87
PRODUCE,VEGETABLES - ALL OTHERS,97,383.45
PRODUCE,VEGETABLES - ALL OTHERS,98,465.78
PRODUCE,VEGETABLES - ALL OTHERS,99,470.35
PRODUCE,VEGETABLES - ALL OTHERS,100,354.89
PRODUCE,VEGETABLES - ALL OTHERS,101,468.78
PRODUCE,VEGETABLES - ALL OTHERS,102,192.01
PRODUCE,VEGETABLES SALAD,1,16.23
PRODUCE,VEGETABLES SALAD,2,27.43
PRODUCE,VEGETABLES SALAD,3,28.6
PRODUCE,VEGETABLES SALAD,4,31.18
PRODUCE,VEGETABLES SALAD,5,54.98
PRODUCE,VEGETABLES SALAD,6,51.83
PRODUCE,VEGETABLES SALAD,7,66.47
PRODUCE,VEGETABLES SALAD,8,66.43
PRODUCE,VEGETABLES SALAD,9,70.52
PRODUCE,VEGETABLES SALAD,10,91.27
PRODUCE,VEGETABLES SALAD,11,103.74
PRODUCE,VEGETABLES SALAD,12,101.56
PRODUCE,VEGETABLES SALAD,13,119.66
PRODUCE,VEGETABLES SALAD,14,141.11
PRODUCE,VEGETABLES SALAD,15,137.63
PRODUCE,VEGETABLES SALAD,16,170.4
PRODUCE,VEGETABLES SALAD,17,142.73
PRODUCE,VEGETABLES SALAD,18,165.53
PRODUCE,VEGETABLES SALAD,19,140.89
PRODUCE,VEGETABLES SALAD,20,163.83
PRODUCE,VEGETABLES SALAD,21,153.38
PRODUCE,VEGETABLES SALAD,22,148.98
PRODUCE,VEGETABLES SALAD,23,150.47
PRODUCE,VEGETABLES SALAD,24,152.1
PRODUCE,VEGETABLES SALAD,25,144.06
PRODUCE,VEGETABLES SALAD,26,159.82
PRODUCE,VEGETABLES SALAD,27,117.72
PRODUCE,VEGETABLES SALAD,28,161.25
PRODUCE,VEGETABLES SALAD,29,133.05
PRODUCE,VEGETABLES SALAD,30,120.03
PRODUCE,VEGETABLES SALAD,31,120.63
PRODUCE,VEGETABLES SALAD,32,135.8
PRODUCE,VEGETABLES SALAD,33,128.85
PRODUCE,VEGETABLES SALAD,34,138.8
PRODUCE,VEGETABLES SALAD,35,126.15
PRODUCE,VEGETABLES SALAD,36,106.18
PRODUCE,VEGETABLES SALAD,37,133.51
PRODUCE,VEGETABLES SALAD,38,130.56
PRODUCE,VEGETABLES SALAD,39,117.67
PRODUCE,VEGETABLES SALAD,40,123.0
PRODUCE,VEGETABLES SALAD,41,144.04
PRODUCE,VEGETABLES SALAD,42,149.62
PRODUCE,VEGETABLES SALAD,43,138.61
PRODUCE,VEGETABLES SALAD,44,148.29
PRODUCE,VEGETABLES SALAD,45,124.03
PRODUCE,VEGETABLES SALAD,46,162.3
PRODUCE,VEGETABLES SALAD,47,133.13
PRODUCE,VEGETABLES SALAD,48,116.27
PRODUCE,VEGETABLES SALAD,49,138.93
PRODUCE,VEGETABLES SALAD,50,137.71
PRODUCE,VEGETABLES SALAD,51,150.04
PRODUCE,VEGETABLES SALAD,52,123.46
PRODUCE,VEGETABLES SALAD,53,112.28
PRODUCE,VEGETABLES SALAD,54,144.92
PRODUCE,VEGETABLES SALAD,55,131.83
PRODUCE,VEGETABLES SALAD,56,143.38
PRODUCE,VEGETABLES SALAD,57,156.61
PRODUCE,VEGETABLES SALAD,58,169.66
PRODUCE,VEGETABLES SALAD,59,184.01
PRODUCE,VEGETABLES SALAD,60,181.39
PRODUCE,VEGETABLES SALAD,61,197.81
PRODUCE,VEGETABLES SALAD,62,169.29
PRODUCE,VEGETABLES SALAD,63,165.07
PRODUCE,VEGETABLES SALAD,64,150.94
PRODUCE,VEGETABLES SALAD,65,153.95
PRODUCE,VEGETABLES SALAD,66,160.8
PRODUCE,VEGETABLES SALAD,67,143.74
PRODUCE,VEGETABLES SALAD,68,177.09
PRODUCE,VEGETABLES SALAD,69,136.24
PRODUCE,VEGETABLES SALAD,70,176.95
PRODUCE,VEGETABLES SALAD,71,211.35
PRODUCE,VEGETABLES SALAD,72,189.63
PRODUCE,VEGETABLES SALAD,73,195.76
PRODUCE,VEGETABLES SALAD,74,165.99
PRODUCE,VEGETABLES SALAD,75,150.33
PRODUCE,VEGETABLES SALAD,76,197.59
PRODUCE,VEGETABLES SALAD,77,153.38
PRODUCE,VEGETABLES SALAD,78,161.99
PRODUCE,VEGETABLES SALAD,79,114.9
PRODUCE,VEGETABLES SALAD,80,160.89
PRODUCE,VEGETABLES SALAD,81,170.03
PRODUCE,VEGETABLES SALAD,82,109.57
PRODUCE,VEGETABLES SALAD,83,147.07
PRODUCE,VEGETABLES SALAD,84,103.1
PRODUCE,VEGETABLES SALAD,85,168.42
PRODUCE,VEGETABLES SALAD,86,139.52
PRODUCE,VEGETABLES SALAD,87,156.14
PRODUCE,VEGETABLES SALAD,88,115.31
PRODUCE,VEGETABLES SALAD,89,106.4
PRODUCE,VEGETABLES SALAD,90,160.26
PRODUCE,VEGETABLES SALAD,91,117.88
PRODUCE,VEGETABLES SALAD,92,120.45
PRODUCE,VEGETABLES SALAD,93,145.75
PRODUCE,VEGETABLES SALAD,94,176.91
PRODUCE,VEGETABLES SALAD,95,166.63
PRODUCE,VEGETABLES SALAD,96,162.2
PRODUCE,VEGETABLES SALAD,97,157.32
PRODUCE,VEGETABLES SALAD,98,183.07
PRODUCE,VEGETABLES SALAD,99,194.9
PRODUCE,VEGETABLES SALAD,100,162.04
PRODUCE,VEGETABLES SALAD,101,180.38
PRODUCE,VEGETABLES SALAD,102,71.3
SALAD BAR,PROD SUPPLIES,3,5.99
SALAD BAR,PROD SUPPLIES,4,0.0
SALAD BAR,PROD SUPPLIES,6,35.22
SALAD BAR,PROD SUPPLIES,23,4.69
SALAD BAR,PROD SUPPLIES,31,0.29
SALAD BAR,PROD SUPPLIES,35,13.96
SALAD BAR,PROD SUPPLIES,39,0.29
SALAD BAR,PROD SUPPLIES,41,1.47
SALAD BAR,PROD SUPPLIES,58,0.0
SALAD BAR,PROD SUPPLIES,66,0.29
SALAD BAR,PROD SUPPLIES,68,0.0
SALAD BAR,PROD SUPPLIES,70,4.33
SALAD BAR,PROD SUPPLIES,76,0.09
SALAD BAR,PROD SUPPLIES,80,0.0
SALAD BAR,PROD SUPPLIES,87,0.0
SALAD BAR,PROD SUPPLIES,94,0.0
SALAD BAR,PROD SUPPLIES,95,7.85
SALAD BAR,SALAD BAR,1,27.02
SALAD BAR,SALAD BAR,2,78.35
SALAD BAR,SALAD BAR,3,80.69
SALAD BAR,SALAD BAR,4,117.58
SALAD BAR,SALAD BAR,5,108.75
SALAD BAR,SALAD BAR,6,105.74
SALAD BAR,SALAD BAR,7,147.7
SALAD BAR,SALAD BAR,8,209.92
SALAD BAR,SALAD BAR,9,196.43
SALAD BAR,SALAD BAR,10,175.6
SALAD BAR,SALAD BAR,11,265.85
SALAD BAR,SALAD BAR,12,243.93
SALAD BAR,SALAD BAR,13,281.98
SALAD BAR,SALAD BAR,14,258.86
SALAD BAR,SALAD BAR,15,330.91
SALAD BAR,SALAD BAR,16,385.77
SALAD BAR,SALAD BAR,17,302.85
SALAD BAR,SALAD BAR,18,329.08
SALAD BAR,SALAD BAR,19,325.8
SALAD BAR,SALAD BAR,20,308.78
SALAD BAR,SALAD BAR,21,355.46
SALAD BAR,SALAD BAR,22,245.48
SALAD BAR,SALAD BAR,23,275.15
SALAD BAR,SALAD BAR,24,358.53
SALAD BAR,SALAD BAR,25,390.03
SALAD BAR,SALAD BAR,26,197.5
SALAD BAR,SALAD BAR,27,261.86
SALAD BAR,SALAD BAR,28,255.81
SALAD BAR,SALAD BAR,29,305.27
SALAD BAR,SALAD BAR,30,204.69
SALAD BAR,SALAD BAR,31,195.9
SALAD BAR,SALAD BAR,32,281.13
SALAD BAR,SALAD BAR,33,317.6
SALAD BAR,SALAD BAR,34,261.83
SALAD BAR,SALAD BAR,35,286.28
SALAD BAR,SALAD BAR,36,197.55
SALAD BAR,SALAD BAR,37,238.72
SALAD BAR,SALAD BAR,38,332.33
SALAD BAR,SALAD BAR,39,238.56
SALAD BAR,SALAD BAR,40,178.94
SALAD BAR,SALAD BAR,41,288.91
SALAD BAR,SALAD BAR,42,395.25
SALAD BAR,SALAD BAR,43,331.75
SALAD BAR,SALAD BAR,44,331.3
SALAD BAR,SALAD BAR,45,290.71
SALAD BAR,SALAD BAR,46,390.71
SALAD BAR,SALAD BAR,47,327.76
SALAD BAR,SALAD BAR,48,429.27
SALAD BAR,SALAD BAR,49,413.08
SALAD BAR,SALAD BAR,50,333.4
SALAD BAR,SALAD BAR,51,452.56
SALAD BAR,SALAD BAR,52,350.23
SALAD BAR,SALAD BAR,53,288.44
SALAD BAR,SALAD BAR,54,284.24
SALAD BAR,SALAD BAR,55,315.91
SALAD BAR,SALAD BAR,56,319.31
SALAD BAR,SALAD BAR,57,331.56
SALAD BAR,SALAD BAR,58,364.58
SALAD BAR,SALAD BAR,59,453.67
SALAD BAR,SALAD BAR,60,297.92
SALAD BAR,SALAD BAR,61,396.63
SALAD BAR,SALAD BAR,62,434.95
SALAD BAR,SALAD BAR,63,404.23
SALAD BAR,SALAD BAR,64,420.62
SALAD BAR,SALAD BAR,65,311.25
SALAD BAR,SALAD BAR,66,350.73
SALAD BAR,SALAD BAR,67,293.23
SALAD BAR,SALAD BAR,68,417.79
SALAD BAR,SALAD BAR,69,363.28
SALAD BAR,SALAD BAR,70,278.73
SALAD BAR,SALAD BAR,71,305.55
SALAD BAR,SALAD BAR,72,400.84
SALAD BAR,SALAD BAR,73,339.81
SALAD BAR,SALAD BAR,74,229.52
SALAD BAR,SALAD BAR,75,263.59
SALAD BAR,SALAD BAR,76,278.8
SALAD BAR,SALAD BAR,77,352.05
SALAD BAR,SALAD BAR,78,237.56
SALAD BAR,SALAD BAR,79,288.49
SALAD BAR,SALAD BAR,80,359.92
SALAD BAR,SALAD BAR,81,362.1
SALAD BAR,SALAD BAR,82,302.1
SALAD BAR,SALAD BAR,83,295.92
SALAD BAR,SALAD BAR,84,378.68
SALAD BAR,SALAD BAR,85,417.81
SALAD BAR,SALAD BAR,86,275.37
SALAD BAR,SALAD BAR,87,366.8
SALAD BAR,SALAD BAR,88,254.66
SALAD BAR,SALAD BAR,89,279.91
SALAD BAR,SALAD BAR,90,345.52
SALAD BAR,SALAD BAR,91,447.07
SALAD BAR,SALAD BAR,92,259.82
SALAD BAR,SALAD BAR,93,284.36
SALAD BAR,SALAD BAR,94,498.87
SALAD BAR,SALAD BAR,95,339.24
SALAD BAR,SALAD BAR,96,394.76
SALAD BAR,SALAD BAR,97,310.0
SALAD BAR,SALAD BAR,98,453.96
SALAD BAR,SALAD BAR,99,370.03
SALAD BAR,SALAD BAR,100,316.17
SALAD BAR,SALAD BAR,101,403.28
SALAD BAR,SALAD BAR,102,144.06
SEAFOOD,MEAT SUPPLIES,4,5.06
SEAFOOD,MEAT SUPPLIES,17,2.99
SEAFOOD,MEAT SUPPLIES,20,5.1
SEAFOOD,MEAT SUPPLIES,23,6.19
SEAFOOD,MEAT SUPPLIES,29,0.0
SEAFOOD,MEAT SUPPLIES,31,4.58
SEAFOOD,MEAT SUPPLIES,41,36.78
SEAFOOD,MEAT SUPPLIES,42,4.99
SEAFOOD,MEAT SUPPLIES,43,3.99
SEAFOOD,MEAT SUPPLIES,53,11.99
SEAFOOD,MEAT SUPPLIES,59,9.13
SEAFOOD,MEAT SUPPLIES,61,8.59
SEAFOOD,MEAT SUPPLIES,65,1.5
SEAFOOD,MEAT SUPPLIES,66,4.99
SEAFOOD,MEAT SUPPLIES,67,9.27
SEAFOOD,MEAT SUPPLIES,73,12.51
SEAFOOD,MEAT SUPPLIES,74,2.99
SEAFOOD,MEAT SUPPLIES,77,28.72
SEAFOOD,MEAT SUPPLIES,79,0.0
SEAFOOD,MEAT SUPPLIES,80,4.99
SEAFOOD,MEAT SUPPLIES,82,2.25
SEAFOOD,MEAT SUPPLIES,84,29.94
SEAFOOD,MEAT SUPPLIES,91,1.49
SEAFOOD,MEAT SUPPLIES,99,3.91
SEAFOOD,SEAFOOD - FROZEN,1,42.27
SEAFOOD,SEAFOOD - FROZEN,2,12.39
SEAFOOD,SEAFOOD - FROZEN,3,2.98
SEAFOOD,SEAFOOD - FROZEN,4,10.39
SEAFOOD,SEAFOOD - FROZEN,5,14.72
SEAFOOD,SEAFOOD - FROZEN,6,3.67
SEAFOOD,SEAFOOD - FROZEN,7,41.8
SEAFOOD,SEAFOOD - FROZEN,8,46.73
SEAFOOD,SEAFOOD - FROZEN,9,22.47
SEAFOOD,SEAFOOD - FROZEN,10,62.89
SEAFOOD,SEAFOOD - FROZEN,11,19.05
SEAFOOD,SEAFOOD - FROZEN,12,39.5
SEAFOOD,SEAFOOD - FROZEN,13,113.57
SEAFOOD,SEAFOOD - FROZEN,14,56.13
SEAFOOD,SEAFOOD - FROZEN,15,47.8
SEAFOOD,SEAFOOD - FROZEN,16,93.73
SEAFOOD,SEAFOOD - FROZEN,17,75.71
SEAFOOD,SEAFOOD - FROZEN,18,68.63
SEAFOOD,SEAFOOD - FROZEN,19,30.42
SEAFOOD,SEAFOOD - FROZEN,20,140.63
SEAFOOD,SEAFOOD - FROZEN,21,106.11
SEAFOOD,SEAFOOD - FROZEN,22,51.09
SEAFOOD,SEAFOOD - FROZEN,23,82.16
SEAFOOD,SEAFOOD - FROZEN,24,140.03
SEAFOOD,SEAFOOD - FROZEN,25,69.24
SEAFOOD,SEAFOOD - FROZEN,26,55.16
SEAFOOD,SEAFOOD - FROZEN,27,50.24
SEAFOOD,SEAFOOD - FROZEN,28,57.88
SEAFOOD,SEAFOOD - FROZEN,29,90.61
SEAFOOD,SEAFOOD - FROZEN,30,25.33
SEAFOOD,SEAFOOD - FROZEN,31,53.47
SEAFOOD,SEAFOOD - FROZEN,32,170.13
SEAFOOD,SEAFOOD - FROZEN,33,132.27
SEAFOOD,SEAFOOD - FROZEN,34,56.54
SEAFOOD,SEAFOOD - FROZEN,35,96.64
SEAFOOD,SEAFOOD - FROZEN,36,85.35
SEAFOOD,SEAFOOD - FROZEN,37,54.56
SEAFOOD,SEAFOOD - FROZEN,38,60.84
SEAFOOD,SEAFOOD - FROZEN,39,81.31
SEAFOOD,SEAFOOD - FROZEN,40,214.62
SEAFOOD,SEAFOOD - FROZEN,41,140.69
SEAFOOD,SEAFOOD - FROZEN,42,182.23
SEAFOOD,SEAFOOD - FROZEN,43,87.52
SEAFOOD,SEAFOOD - FROZEN,44,67.91
SEAFOOD,SEAFOOD - FROZEN,45,81.2
SEAFOOD,SEAFOOD - FROZEN,46,73.54
SEAFOOD,SEAFOOD - FROZEN,47,71.19
SEAFOOD,SEAFOOD - FROZEN,48,98.3
SEAFOOD,SEAFOOD - FROZEN,49,46.92
SEAFOOD,SEAFOOD - FROZEN,50,78.2
SEAFOOD,SEAFOOD - FROZEN,51,107.29
SEAFOOD,SEAFOOD - FROZEN,52,55.01
SEAFOOD,SEAFOOD - FROZEN,53,185.06
SEAFOOD,SEAFOOD - FROZEN,54,68.49
SEAFOOD,SEAFOOD - FROZEN,55,91.44
SEAFOOD,SEAFOOD - FROZEN,56,60.51
SEAFOOD,SEAFOOD - FROZEN,57,102.63
SEAFOOD,SEAFOOD - FROZEN,58,81.59
SEAFOOD,SEAFOOD - FROZEN,59,167.77
SEAFOOD,SEAFOOD - FROZEN,60,85.83
SEAFOOD,SEAFOOD - FROZEN,61,69.57
SEAFOOD,SEAFOOD - FROZEN,62,71.3
SEAFOOD,SEAFOOD - FROZEN,63,104.32
SEAFOOD,SEAFOOD - FROZEN,64,154.31
SEAFOOD,SEAFOOD - FROZEN,65,83.54
SEAFOOD,SEAFOOD - FROZEN,66,83.63
SEAFOOD,SEAFOOD - FROZEN,67,296.7
SEAFOOD,SEAFOOD - FROZEN,68,133.68
SEAFOOD,SEAFOOD - FROZEN,69,70.4
SEAFOOD,SEAFOOD - FROZEN,70,229.6
SEAFOOD,SEAFOOD - FROZEN,71,130.57
SEAFOOD,SEAFOOD - FROZEN,72,301.8
SEAFOOD,SEAFOOD - FROZEN,73,137.12
SEAFOOD,SEAFOOD - FROZEN,74,81.9
SEAFOOD,SEAFOOD - FROZEN,75,98.24
SEAFOOD,SEAFOOD - FROZEN,76,173.7
SEAFOOD,SEAFOOD - FROZEN,77,113.17
SEAFOOD,SEAFOOD - FROZEN,78,54.2
SEAFOOD,SEAFOOD - FROZEN,79,30.06
SEAFOOD,SEAFOOD - FROZEN,80,110.73
SEAFOOD,SEAFOOD - FROZEN,81,106.1
SEAFOOD,SEAFOOD - FROZEN,82,275.82
SEAFOOD,SEAFOOD - FROZEN,83,139.68
SEAFOOD,SEAFOOD - FROZEN,84,98.36
SEAFOOD,SEAFOOD - FROZEN,85,125.18
SEAFOOD,SEAFOOD - FROZEN,86,82.32
SEAFOOD,SEAFOOD - FROZEN,87,75.95
SEAFOOD,SEAFOOD - FROZEN,88,22.54
SEAFOOD,SEAFOOD - FROZEN,89,52.0
SEAFOOD,SEAFOOD - FROZEN,90,70.12
SEAFOOD,SEAFOOD - FROZEN,91,13.09
SEAFOOD,SEAFOOD - FROZEN,92,124.34
SEAFOOD,SEAFOOD - FROZEN,93,51.25
SEAFOOD,SEAFOOD - FROZEN,94,132.3
SEAFOOD,SEAFOOD - FROZEN,95,89.34
SEAFOOD,SEAFOOD - FROZEN,96,151.31
SEAFOOD,SEAFOOD - FROZEN,97,92.26
SEAFOOD,SEAFOOD - FROZEN,98,98.35
SEAFOOD,SEAFOOD - FROZEN,99,83.76
SEAFOOD,SEAFOOD - FROZEN,100,116.45
SEAFOOD,SEAFOOD - FROZEN,101,198.76
SEAFOOD,SEAFOOD - FROZEN,102,99.56
SEAFOOD,SEAFOOD - MISC,84,1.0
SEAFOOD,SEAFOOD - MISC,95,4.19
SEAFOOD,SEAFOOD - MISC,99,5.94
SEAFOOD,SEAFOOD - MISC,100,5.3
SEAFOOD,SEAFOOD-FRESH,1,12.15
SEAFOOD,SEAFOOD-FRESH,2,26.48
SEAFOOD,SEAFOOD-FRESH,3,25.47
SEAFOOD,SEAFOOD-FRESH,4,59.16
SEAFOOD,SEAFOOD-FRESH,5,30.07
SEAFOOD,SEAFOOD-FRESH,6,80.44
SEAFOOD,SEAFOOD-FRESH,7,25.15
SEAFOOD,SEAFOOD-FRESH,8,75.9
SEAFOOD,SEAFOOD-FRESH,9,50.98
SEAFOOD,SEAFOOD-FRESH,10,184.23
SEAFOOD,SEAFOOD-FRESH,11,129.82
SEAFOOD,SEAFOOD-FRESH,12,169.95
SEAFOOD,SEAFOOD-FRESH,13,206.1
SEAFOOD,SEAFOOD-FRESH,14,264.75
SEAFOOD,SEAFOOD-FRESH,15,163.13
SEAFOOD,SEAFOOD-FRESH,16,134.78
SEAFOOD,SEAFOOD-FRESH,17,170.38
SEAFOOD,SEAFOOD-FRESH,18,140.25
SEAFOOD,SEAFOOD-FRESH,19,147.08
SEAFOOD,SEAFOOD-FRESH,20,284.94
SEAFOOD,SEAFOOD-FRESH,21,208.63
SEAFOOD,SEAFOOD-FRESH,22,197.12
SEAFOOD,SEAFOOD-FRESH,23,161.8
SEAFOOD,SEAFOOD-FRESH,24,144.29
SEAFOOD,SEAFOOD-FRESH,25,232.07
SEAFOOD,SEAFOOD-FRESH,26,156.22
SEAFOOD,SEAFOOD-FRESH,27,164.44
SEAFOOD,SEAFOOD-FRESH,28,163.73
SEAFOOD,SEAFOOD-FRESH,29,160.25
SEAFOOD,SEAFOOD-FRESH,30,172.74
SEAFOOD,SEAFOOD-FRESH,31,156.65
SEAFOOD,SEAFOOD-FRESH,32,147.34
SEAFOOD,SEAFOOD-FRESH,33,315.26
SEAFOOD,SEAFOOD-FRESH,34,228.25
SEAFOOD,SEAFOOD-FRESH,35,139.82
SEAFOOD,SEAFOOD-FRESH,36,164.13
SEAFOOD,SEAFOOD-FRESH,37,165.0
SEAFOOD,SEAFOOD-FRESH,38,111.33
SEAFOOD,SEAFOOD-FRESH,39,82.42
SEAFOOD,SEAFOOD-FRESH,40,392.15
SEAFOOD,SEAFOOD-FRESH,41,184.53
SEAFOOD,SEAFOOD-FRESH,42,237.04
SEAFOOD,SEAFOOD-FRESH,43,186.45
SEAFOOD,SEAFOOD-FRESH,44,196.68
SEAFOOD,SEAFOOD-FRESH,45,176.54
SEAFOOD,SEAFOOD-FRESH,46,307.71
SEAFOOD,SEAFOOD-FRESH,47,195.75
SEAFOOD,SEAFOOD-FRESH,48,239.8
SEAFOOD,SEAFOOD-FRESH,49,210.62
SEAFOOD,SEAFOOD-FRESH,50,273.07
SEAFOOD,SEAFOOD-FRESH,51,292.02
SEAFOOD,SEAFOOD-FRESH,52,241.55
SEAFOOD,SEAFOOD-FRESH,53,271.0
SEAFOOD,SEAFOOD-FRESH,54,263.63
SEAFOOD,SEAFOOD-FRESH,55,254.85
SEAFOOD,SEAFOOD-FRESH,56,168.73
SEAFOOD,SEAFOOD-FRESH,57,233.6
SEAFOOD,SEAFOOD-FRESH,58,189.73
SEAFOOD,SEAFOOD-FRESH,59,270.17
SEAFOOD,SEAFOOD-FRESH,60,245.4
SEAFOOD,SEAFOOD-FRESH,61,203.35
SEAFOOD,SEAFOOD-FRESH,62,182.63
SEAFOOD,SEAFOOD-FRESH,63,254.77
SEAFOOD,SEAFOOD-FRESH,64,215.81
SEAFOOD,SEAFOOD-FRESH,65,274.74
SEAFOOD,SEAFOOD-FRESH,66,187.73
SEAFOOD,SEAFOOD-FRESH,67,273.23
SEAFOOD,SEAFOOD-FRESH,68,223.15
SEAFOOD,SEAFOOD-FRESH,69,201.81
SEAFOOD,SEAFOOD-FRESH,70,262.83
SEAFOOD,SEAFOOD-FRESH,71,154.24
SEAFOOD,SEAFOOD-FRESH,72,183.91
SEAFOOD,SEAFOOD-FRESH,73,174.07
SEAFOOD,SEAFOOD-FRESH,74,204.2
SEAFOOD,SEAFOOD-FRESH,75,232.35
SEAFOOD,SEAFOOD-FRESH,76,249.25
SEAFOOD,SEAFOOD-FRESH,77,179.61
SEAFOOD,SEAFOOD-FRESH,78,156.45
SEAFOOD,SEAFOOD-FRESH,79,178.81
SEAFOOD,SEAFOOD-FRESH,80,116.87
SEAFOOD,SEAFOOD-FRESH,81,163.22
SEAFOOD,SEAFOOD-FRESH,82,152.1
SEAFOOD,SEAFOOD-FRESH,83,215.87
SEAFOOD,SEAFOOD-FRESH,84,236.22
SEAFOOD,SEAFOOD-FRESH,85,189.37
SEAFOOD,SEAFOOD-FRESH,86,174.2
SEAFOOD,SEAFOOD-FRESH,87,199.23
SEAFOOD,SEAFOOD-FRESH,88,265.58
SEAFOOD,SEAFOOD-FRESH,89,223.59
SEAFOOD,SEAFOOD-FRESH,90,267.42
SEAFOOD,SEAFOOD-FRESH,91,211.93
SEAFOOD,SEAFOOD-FRESH,92,236.5
SEAFOOD,SEAFOOD-FRESH,93,265.1
SEAFOOD,SEAFOOD-FRESH,94,223.83
SEAFOOD,SEAFOOD-FRESH,95,233.53
SEAFOOD,SEAFOOD-FRESH,96,198.19
SEAFOOD,SEAFOOD-FRESH,97,265.86
SEAFOOD,SEAFOOD-FRESH,98,353.0
SEAFOOD,SEAFOOD-FRESH,99,221.52
SEAFOOD,SEAFOOD-FRESH,100,330.11
SEAFOOD,SEAFOOD-FRESH,101,292.83
SEAFOOD,SEAFOOD-FRESH,102,126.05
SEAFOOD-PCKGD,FROZEN - BOXED(GROCERY),1,10.68
SEAFOOD-PCKGD,FROZEN - BOXED(GROCERY),3,13.38
SEAFOOD-PCKGD,FROZEN - BOXED(GROCERY),6,4.99
SEAFOOD-PCKGD,FROZEN - BOXED(GROCERY),7,16.97
SEAFOOD-PCKGD,FROZEN - BOXED(GROCERY),8,9.98
SEAFOOD-PCKGD,FROZEN - BOXED(GROCERY),10,15.97
SEAFOOD-PCKGD,FROZEN - BOXED(GROCERY),11,39.52
SEAFOOD-PCKGD,FROZEN - BOXED(GROCERY),12,4.99
SEAFOOD-PCKGD,FROZEN - BOXED(GROCERY),13,38.33
SEAFOOD-PCKGD,FROZEN - BOXED(GROCERY),14,65.89
SEAFOOD-PCKGD,FROZEN - BOXED(GROCERY),15,32.94
SEAFOOD-PCKGD,FROZEN - BOXED(GROCERY),16,12.98
SEAFOOD-PCKGD,FROZEN - BOXED(GROCERY),17,28.93
SEAFOOD-PCKGD,FROZEN - BOXED(GROCERY),18,38.95
SEAFOOD-PCKGD,FROZEN - BOXED(GROCERY),19,38.71
SEAFOOD-PCKGD,FROZEN - BOXED(GROCERY),20,83.04
SEAFOOD-PCKGD,FROZEN - BOXED(GROCERY),21,57.89
SEAFOOD-PCKGD,FROZEN - BOXED(GROCERY),22,29.95
SEAFOOD-PCKGD,FROZEN - BOXED(GROCERY),23,59.89
SEAFOOD-PCKGD,FROZEN - BOXED(GROCERY),24,31.94
SEAFOOD-PCKGD,FROZEN - BOXED(GROCERY),25,100.8
SEAFOOD-PCKGD,FROZEN - BOXED(GROCERY),26,49.88
SEAFOOD-PCKGD,FROZEN - BOXED(GROCERY),27,72.85
SEAFOOD-PCKGD,FROZEN - BOXED(GROCERY),28,81.83
SEAFOOD-PCKGD,FROZEN - BOXED(GROCERY),29,84.42
SEAFOOD-PCKGD,FROZEN - BOXED(GROCERY),30,35.73
SEAFOOD-PCKGD,FROZEN - BOXED(GROCERY),31,40.42
SEAFOOD-PCKGD,FROZEN - BOXED(GROCERY),32,48.71
SEAFOOD-PCKGD,FROZEN - BOXED(GROCERY),33,33.93
SEAFOOD-PCKGD,FROZEN - BOXED(GROCERY),34,42.94
SEAFOOD-PCKGD,FROZEN - BOXED(GROCERY),35,25.94
SEAFOOD-PCKGD,FROZEN - BOXED(GROCERY),36,61.88
SEAFOOD-PCKGD,FROZEN - BOXED(GROCERY),37,39.95
SEAFOOD-PCKGD,FROZEN - BOXED(GROCERY),38,49.92
SEAFOOD-PCKGD,FROZEN - BOXED(GROCERY),39,61.9
SEAFOOD-PCKGD,FROZEN - BOXED(GROCERY),40,33.93
SEAFOOD-PCKGD,FROZEN - BOXED(GROCERY),41,69.87
SEAFOOD-PCKGD,FROZEN - BOXED(GROCERY),42,33.92
SEAFOOD-PCKGD,FROZEN - BOXED(GROCERY),43,27.95
SEAFOOD-PCKGD,FROZEN - BOXED(GROCERY),44,46.9
SEAFOOD-PCKGD,FROZEN - BOXED(GROCERY),45,37.93
SEAFOOD-PCKGD,FROZEN - BOXED(GROCERY),46,78.87
SEAFOOD-PCKGD,FROZEN - BOXED(GROCERY),47,31.95
SEAFOOD-PCKGD,FROZEN - BOXED(GROCERY),48,39.72
SEAFOOD-PCKGD,FROZEN - BOXED(GROCERY),49,87.92
SEAFOOD-PCKGD,FROZEN - BOXED(GROCERY),50,174.5
SEAFOOD-PCKGD,FROZEN - BOXED(GROCERY),51,70.14
SEAFOOD-PCKGD,FROZEN - BOXED(GROCERY),52,104.5
SEAFOOD-PCKGD,FROZEN - BOXED(GROCERY),53,76.37
SEAFOOD-PCKGD,FROZEN - BOXED(GROCERY),54,62.78
SEAFOOD-PCKGD,FROZEN - BOXED(GROCERY),55,47.29
SEAFOOD-PCKGD,FROZEN - BOXED(GROCERY),56,52.75
SEAFOOD-PCKGD,FROZEN - BOXED(GROCERY),57,63.37
SEAFOOD-PCKGD,FROZEN - BOXED(GROCERY),58,62.61
SEAFOOD-PCKGD,FROZEN - BOXED(GROCERY),59,103.81
SEAFOOD-PCKGD,FROZEN - BOXED(GROCERY),60,72.15
SEAFOOD-PCKGD,FROZEN - BOXED(GROCERY),61,77.36
SEAFOOD-PCKGD,FROZEN - BOXED(GROCERY),62,44.97
SEAFOOD-PCKGD,FROZEN - BOXED(GROCERY),63,45.9
SEAFOOD-PCKGD,FROZEN - BOXED(GROCERY),64,82.81
SEAFOOD-PCKGD,FROZEN - BOXED(GROCERY),65,43.67
SEAFOOD-PCKGD,FROZEN - BOXED(GROCERY),66,30.45
SEAFOOD-PCKGD,FROZEN - BOXED(GROCERY),67,43.5
SEAFOOD-PCKGD,FROZEN - BOXED(GROCERY),68,41.92
SEAFOOD-PCKGD,FROZEN - BOXED(GROCERY),69,9.98
SEAFOOD-PCKGD,FROZEN - BOXED(GROCERY),70,77.84
SEAFOOD-PCKGD,FROZEN - BOXED(GROCERY),71,38.92
SEAFOOD-PCKGD,FROZEN - BOXED(GROCERY),72,86.3
SEAFOOD-PCKGD,FROZEN - BOXED(GROCERY),73,94.85
SEAFOOD-PCKGD,FROZEN - BOXED(GROCERY),74,55.87
SEAFOOD-PCKGD,FROZEN - BOXED(GROCERY),75,54.26
SEAFOOD-PCKGD,FROZEN - BOXED(GROCERY),76,52.31
SEAFOOD-PCKGD,FROZEN - BOXED(GROCERY),77,91.91
SEAFOOD-PCKGD,FROZEN - BOXED(GROCERY),78,36.93
SEAFOOD-PCKGD,FROZEN - BOXED(GROCERY),79,48.6
SEAFOOD-PCKGD,FROZEN - BOXED(GROCERY),80,56.93
SEAFOOD-PCKGD,FROZEN - BOXED(GROCERY),81,77.35
SEAFOOD-PCKGD,FROZEN - BOXED(GROCERY),82,113.8
SEAFOOD-PCKGD,FROZEN - BOXED(GROCERY),83,58.96
SEAFOOD-PCKGD,FROZEN - BOXED(GROCERY),84,42.69
SEAFOOD-PCKGD,FROZEN - BOXED(GROCERY),85,67.65
SEAFOOD-PCKGD,FROZEN - BOXED(GROCERY),86,37.42
SEAFOOD-PCKGD,FROZEN - BOXED(GROCERY),87,62.67
SEAFOOD-PCKGD,FROZEN - BOXED(GROCERY),88,20.98
SEAFOOD-PCKGD,FROZEN - BOXED(GROCERY),89,53.91
SEAFOOD-PCKGD,FROZEN - BOXED(GROCERY),90,69.83
SEAFOOD-PCKGD,FROZEN - BOXED(GROCERY),91,58.16
SEAFOOD-PCKGD,FROZEN - BOXED(GROCERY),92,74.56
SEAFOOD-PCKGD,FROZEN - BOXED(GROCERY),93,44.6
SEAFOOD-PCKGD,FROZEN - BOXED(GROCERY),94,65.87
SEAFOOD-PCKGD,FROZEN - BOXED(GROCERY),95,62.87
SEAFOOD-PCKGD,FROZEN - BOXED(GROCERY),96,131.43
SEAFOOD-PCKGD,FROZEN - BOXED(GROCERY),97,91.82
SEAFOOD-PCKGD,FROZEN - BOXED(GROCERY),98,81.86
SEAFOOD-PCKGD,FROZEN - BOXED(GROCERY),99,140.28
SEAFOOD-PCKGD,FROZEN - BOXED(GROCERY),100,163.8
SEAFOOD-PCKGD,FROZEN - BOXED(GROCERY),101,91.81
SEAFOOD-PCKGD,FROZEN - BOXED(GROCERY),102,79.35
SEAFOOD-PCKGD,PKG.SEAFOOD MISC,54,6.98
SEAFOOD-PCKGD,PKG.SEAFOOD MISC,56,6.98
SEAFOOD-PCKGD,PKG.SEAFOOD MISC,58,3.49
SEAFOOD-PCKGD,PKG.SEAFOOD MISC,63,3.49
SEAFOOD-PCKGD,PKG.SEAFOOD MISC,64,3.49
SEAFOOD-PCKGD,PKG.SEAFOOD MISC,65,3.49
SEAFOOD-PCKGD,SEAFOOD - FROZEN,1,72.04
SEAFOOD-PCKGD,SEAFOOD - FROZEN,2,68.5
SEAFOOD-PCKGD,SEAFOOD - FROZEN,3,100.53
SEAFOOD-PCKGD,SEAFOOD - FROZEN,4,67.11
SEAFOOD-PCKGD,SEAFOOD - FROZEN,5,134.69
SEAFOOD-PCKGD,SEAFOOD - FROZEN,6,197.34
SEAFOOD-PCKGD,SEAFOOD - FROZEN,7,211.13
SEAFOOD-PCKGD,SEAFOOD - FROZEN,8,139.26
SEAFOOD-PCKGD,SEAFOOD - FROZEN,9,169.86
SEAFOOD-PCKGD,SEAFOOD - FROZEN,10,248.21
SEAFOOD-PCKGD,SEAFOOD - FROZEN,11,264.71
SEAFOOD-PCKGD,SEAFOOD - FROZEN,12,322.79
SEAFOOD-PCKGD,SEAFOOD - FROZEN,13,440.29
SEAFOOD-PCKGD,SEAFOOD - FROZEN,14,313.62
SEAFOOD-PCKGD,SEAFOOD - FROZEN,15,466.8
SEAFOOD-PCKGD,SEAFOOD - FROZEN,16,387.75
SEAFOOD-PCKGD,SEAFOOD - FROZEN,17,499.53
SEAFOOD-PCKGD,SEAFOOD - FROZEN,18,416.96
SEAFOOD-PCKGD,SEAFOOD - FROZEN,19,349.06
SEAFOOD-PCKGD,SEAFOOD - FROZEN,20,565.82
SEAFOOD-PCKGD,SEAFOOD - FROZEN,21,493.97
SEAFOOD-PCKGD,SEAFOOD - FROZEN,22,396.62
SEAFOOD-PCKGD,SEAFOOD - FROZEN,23,545.55
SEAFOOD-PCKGD,SEAFOOD - FROZEN,24,483.98
SEAFOOD-PCKGD,SEAFOOD - FROZEN,25,578.34
SEAFOOD-PCKGD,SEAFOOD - FROZEN,26,485.77
SEAFOOD-PCKGD,SEAFOOD - FROZEN,27,314.14
SEAFOOD-PCKGD,SEAFOOD - FROZEN,28,482.14
SEAFOOD-PCKGD,SEAFOOD - FROZEN,29,550.55
SEAFOOD-PCKGD,SEAFOOD - FROZEN,30,283.44
SEAFOOD-PCKGD,SEAFOOD - FROZEN,31,414.72
SEAFOOD-PCKGD,SEAFOOD - FROZEN,32,360.33
SEAFOOD-PCKGD,SEAFOOD - FROZEN,33,706.29
SEAFOOD-PCKGD,SEAFOOD - FROZEN,34,393.92
SEAFOOD-PCKGD,SEAFOOD - FROZEN,35,530.91
SEAFOOD-PCKGD,SEAFOOD - FROZEN,36,351.27
SEAFOOD-PCKGD,SEAFOOD - FROZEN,37,477.97
SEAFOOD-PCKGD,SEAFOOD - FROZEN,38,537.22
SEAFOOD-PCKGD,SEAFOOD - FROZEN,39,486.25
SEAFOOD-PCKGD,SEAFOOD - FROZEN,40,836.96
SEAFOOD-PCKGD,SEAFOOD - FROZEN,41,1030.23
SEAFOOD-PCKGD,SEAFOOD - FROZEN,42,515.49
SEAFOOD-PCKGD,SEAFOOD - FROZEN,43,561.86
SEAFOOD-PCKGD,SEAFOOD - FROZEN,44,621.64
SEAFOOD-PCKGD,SEAFOOD - FROZEN,45,482.62
SEAFOOD-PCKGD,SEAFOOD - FROZEN,46,875.81
SEAFOOD-PCKGD,SEAFOOD - FROZEN,47,650.19
SEAFOOD-PCKGD,SEAFOOD - FROZEN,48,490.01
SEAFOOD-PCKGD,SEAFOOD - FROZEN,49,663.01
SEAFOOD-PCKGD,SEAFOOD - FROZEN,50,952.1
SEAFOOD-PCKGD,SEAFOOD - FROZEN,51,812.32
SEAFOOD-PCKGD,SEAFOOD - FROZEN,52,678.83
SEAFOOD-PCKGD,SEAFOOD - FROZEN,53,770.3
SEAFOOD-PCKGD,SEAFOOD - FROZEN,54,608.3
SEAFOOD-PCKGD,SEAFOOD - FROZEN,55,638.96
SEAFOOD-PCKGD,SEAFOOD - FROZEN,56,592.52
SEAFOOD-PCKGD,SEAFOOD - FROZEN,57,366.6
SEAFOOD-PCKGD,SEAFOOD - FROZEN,58,469.23
SEAFOOD-PCKGD,SEAFOOD - FROZEN,59,623.93
SEAFOOD-PCKGD,SEAFOOD - FROZEN,60,449.07
SEAFOOD-PCKGD,SEAFOOD - FROZEN,61,572.53
SEAFOOD-PCKGD,SEAFOOD - FROZEN,62,549.66
SEAFOOD-PCKGD,SEAFOOD - FROZEN,63,559.91
SEAFOOD-PCKGD,SEAFOOD - FROZEN,64,569.43
SEAFOOD-PCKGD,SEAFOOD - FROZEN,65,353.88
SEAFOOD-PCKGD,SEAFOOD - FROZEN,66,396.82
SEAFOOD-PCKGD,SEAFOOD - FROZEN,67,567.83
SEAFOOD-PCKGD,SEAFOOD - FROZEN,68,535.79
SEAFOOD-PCKGD,SEAFOOD - FROZEN,69,306.72
SEAFOOD-PCKGD,SEAFOOD - FROZEN,70,461.85
SEAFOOD-PCKGD,SEAFOOD - FROZEN,71,553.79
SEAFOOD-PCKGD,SEAFOOD - FROZEN,72,412.02
SEAFOOD-PCKGD,SEAFOOD - FROZEN,73,441.32
SEAFOOD-PCKGD,SEAFOOD - FROZEN,74,400.54
SEAFOOD-PCKGD,SEAFOOD - FROZEN,75,479.82
SEAFOOD-PCKGD,SEAFOOD - FROZEN,76,506.87
SEAFOOD-PCKGD,SEAFOOD - FROZEN,77,612.08
SEAFOOD-PCKGD,SEAFOOD - FROZEN,78,366.12
SEAFOOD-PCKGD,SEAFOOD - FROZEN,79,494.54
SEAFOOD-PCKGD,SEAFOOD - FROZEN,80,411.34
SEAFOOD-PCKGD,SEAFOOD - FROZEN,81,712.21
SEAFOOD-PCKGD,SEAFOOD - FROZEN,82,597.39
SEAFOOD-PCKGD,SEAFOOD - FROZEN,83,464.89
SEAFOOD-PCKGD,SEAFOOD - FROZEN,84,453.05
SEAFOOD-PCKGD,SEAFOOD - FROZEN,85,646.21
SEAFOOD-PCKGD,SEAFOOD - FROZEN,86,400.14
SEAFOOD-PCKGD,SEAFOOD - FROZEN,87,411.2
SEAFOOD-PCKGD,SEAFOOD - FROZEN,88,363.43
SEAFOOD-PCKGD,SEAFOOD - FROZEN,89,620.58
SEAFOOD-PCKGD,SEAFOOD - FROZEN,90,584.43
SEAFOOD-PCKGD,SEAFOOD - FROZEN,91,576.68
SEAFOOD-PCKGD,SEAFOOD - FROZEN,92,827.96
SEAFOOD-PCKGD,SEAFOOD - FROZEN,93,830.03
SEAFOOD-PCKGD,SEAFOOD - FROZEN,94,831.12
SEAFOOD-PCKGD,SEAFOOD - FROZEN,95,575.42
SEAFOOD-PCKGD,SEAFOOD - FROZEN,96,480.3
SEAFOOD-PCKGD,SEAFOOD - FROZEN,97,537.08
SEAFOOD-PCKGD,SEAFOOD - FROZEN,98,685.95
SEAFOOD-PCKGD,SEAFOOD - FROZEN,99,655.48
SEAFOOD-PCKGD,SEAFOOD - FROZEN,100,456.69
SEAFOOD-PCKGD,SEAFOOD - FROZEN,101,850.24
SEAFOOD-PCKGD,SEAFOOD - FROZEN,102,448.28
SEAFOOD-PCKGD,SEAFOOD - MISC,1,3.58
SEAFOOD-PCKGD,SEAFOOD - MISC,2,3.28
SEAFOOD-PCKGD,SEAFOOD - MISC,3,3.98
SEAFOOD-PCKGD,SEAFOOD - MISC,4,7.75
SEAFOOD-PCKGD,SEAFOOD - MISC,5,1.69
SEAFOOD-PCKGD,SEAFOOD - MISC,6,11.56
SEAFOOD-PCKGD,SEAFOOD - MISC,7,8.15
SEAFOOD-PCKGD,SEAFOOD - MISC,8,6.96
SEAFOOD-PCKGD,SEAFOOD - MISC,9,8.66
SEAFOOD-PCKGD,SEAFOOD - MISC,10,12.43
SEAFOOD-PCKGD,SEAFOOD - MISC,11,16.08
SEAFOOD-PCKGD,SEAFOOD - MISC,12,12.5
SEAFOOD-PCKGD,SEAFOOD - MISC,13,20.42
SEAFOOD-PCKGD,SEAFOOD - MISC,14,13.6
SEAFOOD-PCKGD,SEAFOOD - MISC,15,22.67
SEAFOOD-PCKGD,SEAFOOD - MISC,16,18.05
SEAFOOD-PCKGD,SEAFOOD - MISC,17,23.79
SEAFOOD-PCKGD,SEAFOOD - MISC,18,13.74
SEAFOOD-PCKGD,SEAFOOD - MISC,19,14.55
SEAFOOD-PCKGD,SEAFOOD - MISC,20,30.38
SEAFOOD-PCKGD,SEAFOOD - MISC,21,15.56
SEAFOOD-PCKGD,SEAFOOD - MISC,22,16.95
SEAFOOD-PCKGD,SEAFOOD - MISC,23,18.59
SEAFOOD-PCKGD,SEAFOOD - MISC,24,28.77
SEAFOOD-PCKGD,SEAFOOD - MISC,25,34.82
SEAFOOD-PCKGD,SEAFOOD - MISC,26,8.26
SEAFOOD-PCKGD,SEAFOOD - MISC,27,12.32
SEAFOOD-PCKGD,SEAFOOD - MISC,28,22.15
SEAFOOD-PCKGD,SEAFOOD - MISC,29,21.69
SEAFOOD-PCKGD,SEAFOOD - MISC,30,16.29
SEAFOOD-PCKGD,SEAFOOD - MISC,31,11.3
SEAFOOD-PCKGD,SEAFOOD - MISC,32,18.47
SEAFOOD-PCKGD,SEAFOOD - MISC,33,22.43
SEAFOOD-PCKGD,SEAFOOD - MISC,34,17.1
SEAFOOD-PCKGD,SEAFOOD - MISC,35,20.39
SEAFOOD-PCKGD,SEAFOOD - MISC,36,17.86
SEAFOOD-PCKGD,SEAFOOD - MISC,37,27.78
SEAFOOD-PCKGD,SEAFOOD - MISC,38,20.13
SEAFOOD-PCKGD,SEAFOOD - MISC,39,30.79
SEAFOOD-PCKGD,SEAFOOD - MISC,40,35.58
SEAFOOD-PCKGD,SEAFOOD - MISC,41,51.21
SEAFOOD-PCKGD,SEAFOOD - MISC,42,33.98
SEAFOOD-PCKGD,SEAFOOD - MISC,43,20.92
SEAFOOD-PCKGD,SEAFOOD - MISC,44,9.97
SEAFOOD-PCKGD,SEAFOOD - MISC,45,24.92
SEAFOOD-PCKGD,SEAFOOD - MISC,46,43.15
SEAFOOD-PCKGD,SEAFOOD - MISC,47,30.57
SEAFOOD-PCKGD,SEAFOOD - MISC,48,13.65
SEAFOOD-PCKGD,SEAFOOD - MISC,49,29.14
SEAFOOD-PCKGD,SEAFOOD - MISC,50,30.15
SEAFOOD-PCKGD,SEAFOOD - MISC,51,43.41
SEAFOOD-PCKGD,SEAFOOD - MISC,52,23.72
SEAFOOD-PCKGD,SEAFOOD - MISC,53,21.92
SEAFOOD-PCKGD,SEAFOOD - MISC,54,24.7
SEAFOOD-PCKGD,SEAFOOD - MISC,55,22.15
SEAFOOD-PCKGD,SEAFOOD - MISC,56,26.58
SEAFOOD-PCKGD,SEAFOOD - MISC,57,22.67
SEAFOOD-PCKGD,SEAFOOD - MISC,58,20.29
SEAFOOD-PCKGD,SEAFOOD - MISC,59,36.91
SEAFOOD-PCKGD,SEAFOOD - MISC,60,21.78
SEAFOOD-PCKGD,SEAFOOD - MISC,61,17.51
SEAFOOD-PCKGD,SEAFOOD - MISC,62,24.28
SEAFOOD-PCKGD,SEAFOOD - MISC,63,32.05
SEAFOOD-PCKGD,SEAFOOD - MISC,64,25.49
SEAFOOD-PCKGD,SEAFOOD - MISC,65,31.76
SEAFOOD-PCKGD,SEAFOOD - MISC,66,24.03
SEAFOOD-PCKGD,SEAFOOD - MISC,67,36.25
SEAFOOD-PCKGD,SEAFOOD - MISC,68,21.99
SEAFOOD-PCKGD,SEAFOOD - MISC,69,22.56
SEAFOOD-PCKGD,SEAFOOD - MISC,70,35.35
SEAFOOD-PCKGD,SEAFOOD - MISC,71,28.96
SEAFOOD-PCKGD,SEAFOOD - MISC,72,25.09
SEAFOOD-PCKGD,SEAFOOD - MISC,73,25.28
SEAFOOD-PCKGD,SEAFOOD - MISC,74,11.99
SEAFOOD-PCKGD,SEAFOOD - MISC,75,32.43
SEAFOOD-PCKGD,SEAFOOD - MISC,76,23.99
SEAFOOD-PCKGD,SEAFOOD - MISC,77,48.46
SEAFOOD-PCKGD,SEAFOOD - MISC,78,20.22
SEAFOOD-PCKGD,SEAFOOD - MISC,79,13.56
SEAFOOD-PCKGD,SEAFOOD - MISC,80,24.23
SEAFOOD-PCKGD,SEAFOOD - MISC,81,31.35
SEAFOOD-PCKGD,SEAFOOD - MISC,82,24.45
SEAFOOD-PCKGD,SEAFOOD - MISC,83,18.9
SEAFOOD-PCKGD,SEAFOOD - MISC,84,25.52
SEAFOOD-PCKGD,SEAFOOD - MISC,85,22.74
SEAFOOD-PCKGD,SEAFOOD - MISC,86,17.14
SEAFOOD-PCKGD,SEAFOOD - MISC,87,14.4
SEAFOOD-PCKGD,SEAFOOD - MISC,88,25.65
SEAFOOD-PCKGD,SEAFOOD - MISC,89,12.96
SEAFOOD-PCKGD,SEAFOOD - MISC,90,29.08
SEAFOOD-PCKGD,SEAFOOD - MISC,91,8.46
SEAFOOD-PCKGD,SEAFOOD - MISC,92,38.78
SEAFOOD-PCKGD,SEAFOOD - MISC,93,45.34
SEAFOOD-PCKGD,SEAFOOD - MISC,94,50.08
SEAFOOD-PCKGD,SEAFOOD - MISC,95,22.0
SEAFOOD-PCKGD,SEAFOOD - MISC,96,37.89
SEAFOOD-PCKGD,SEAFOOD - MISC,97,29.42
SEAFOOD-PCKGD,SEAFOOD - MISC,98,48.02
SEAFOOD-PCKGD,SEAFOOD - MISC,99,26.06
SEAFOOD-PCKGD,SEAFOOD - MISC,100,27.51
SEAFOOD-PCKGD,SEAFOOD - MISC,101,29.63
SEAFOOD-PCKGD,SEAFOOD - MISC,102,21.04
SEAFOOD-PCKGD,SEAFOOD-FRESH,1,26.46
SEAFOOD-PCKGD,SEAFOOD-FRESH,2,21.99
SEAFOOD-PCKGD,SEAFOOD-FRESH,3,13.99
SEAFOOD-PCKGD,SEAFOOD-FRESH,4,12.5
SEAFOOD-PCKGD,SEAFOOD-FRESH,6,2.99
SEAFOOD-PCKGD,SEAFOOD-FRESH,7,28.4
SEAFOOD-PCKGD,SEAFOOD-FRESH,8,13.97
SEAFOOD-PCKGD,SEAFOOD-FRESH,9,25.92
SEAFOOD-PCKGD,SEAFOOD-FRESH,10,26.06
SEAFOOD-PCKGD,SEAFOOD-FRESH,11,7.99
SEAFOOD-PCKGD,SEAFOOD-FRESH,12,19.45
SEAFOOD-PCKGD,SEAFOOD-FRESH,13,12.86
SEAFOOD-PCKGD,SEAFOOD-FRESH,14,18.99
SEAFOOD-PCKGD,SEAFOOD-FRESH,15,43.97
SEAFOOD-PCKGD,SEAFOOD-FRESH,16,64.45
SEAFOOD-PCKGD,SEAFOOD-FRESH,17,35.98
SEAFOOD-PCKGD,SEAFOOD-FRESH,18,31.41
SEAFOOD-PCKGD,SEAFOOD-FRESH,19,30.24
SEAFOOD-PCKGD,SEAFOOD-FRESH,20,28.45
SEAFOOD-PCKGD,SEAFOOD-FRESH,21,85.66
SEAFOOD-PCKGD,SEAFOOD-FRESH,22,54.18
SEAFOOD-PCKGD,SEAFOOD-FRESH,23,47.61
SEAFOOD-PCKGD,SEAFOOD-FRESH,24,62.44
SEAFOOD-PCKGD,SEAFOOD-FRESH,25,64.8
SEAFOOD-PCKGD,SEAFOOD-FRESH,26,28.94
SEAFOOD-PCKGD,SEAFOOD-FRESH,27,56.81
SEAFOOD-PCKGD,SEAFOOD-FRESH,28,95.58
SEAFOOD-PCKGD,SEAFOOD-FRESH,29,38.09
SEAFOOD-PCKGD,SEAFOOD-FRESH,30,36.23
SEAFOOD-PCKGD,SEAFOOD-FRESH,31,33.44
SEAFOOD-PCKGD,SEAFOOD-FRESH,32,44.33
SEAFOOD-PCKGD,SEAFOOD-FRESH,33,52.45
SEAFOOD-PCKGD,SEAFOOD-FRESH,34,49.65
SEAFOOD-PCKGD,SEAFOOD-FRESH,35,97.1
SEAFOOD-PCKGD,SEAFOOD-FRESH,36,63.12
SEAFOOD-PCKGD,SEAFOOD-FRESH,37,37.13
SEAFOOD-PCKGD,SEAFOOD-FRESH,38,61.89
SEAFOOD-PCKGD,SEAFOOD-FRESH,39,74.93
SEAFOOD-PCKGD,SEAFOOD-FRESH,40,98.92
SEAFOOD-PCKGD,SEAFOOD-FRESH,41,90.18
SEAFOOD-PCKGD,SEAFOOD-FRESH,42,85.49
SEAFOOD-PCKGD,SEAFOOD-FRESH,43,59.14
SEAFOOD-PCKGD,SEAFOOD-FRESH,44,22.16
SEAFOOD-PCKGD,SEAFOOD-FRESH,45,34.52
SEAFOOD-PCKGD,SEAFOOD-FRESH,46,37.18
SEAFOOD-PCKGD,SEAFOOD-FRESH,47,51.16
SEAFOOD-PCKGD,SEAFOOD-FRESH,48,20.34
SEAFOOD-PCKGD,SEAFOOD-FRESH,49,65.14
SEAFOOD-PCKGD,SEAFOOD-FRESH,50,28.74
SEAFOOD-PCKGD,SEAFOOD-FRESH,51,48.47
SEAFOOD-PCKGD,SEAFOOD-FRESH,52,58.14
SEAFOOD-PCKGD,SEAFOOD-FRESH,53,58.92
SEAFOOD-PCKGD,SEAFOOD-FRESH,54,48.51
SEAFOOD-PCKGD,SEAFOOD-FRESH,55,20.2
SEAFOOD-PCKGD,SEAFOOD-FRESH,56,25.33
SEAFOOD-PCKGD,SEAFOOD-FRESH,57,27.68
SEAFOOD-PCKGD,SEAFOOD-FRESH,58,46.67
SEAFOOD-PCKGD,SEAFOOD-FRESH,59,22.68
SEAFOOD-PCKGD,SEAFOOD-FRESH,60,37.15
SEAFOOD-PCKGD,SEAFOOD-FRESH,61,26.42
SEAFOOD-PCKGD,SEAFOOD-FRESH,62,30.45
SEAFOOD-PCKGD,SEAFOOD-FRESH,63,52.98
SEAFOOD-PCKGD,SEAFOOD-FRESH,64,43.94
SEAFOOD-PCKGD,SEAFOOD-FRESH,65,48.47
SEAFOOD-PCKGD,SEAFOOD-FRESH,66,19.34
SEAFOOD-PCKGD,SEAFOOD-FRESH,67,36.22
SEAFOOD-PCKGD,SEAFOOD-FRESH,68,40.06
SEAFOOD-PCKGD,SEAFOOD-FRESH,69,44.51
SEAFOOD-PCKGD,SEAFOOD-FRESH,70,56.22
SEAFOOD-PCKGD,SEAFOOD-FRESH,71,47.39
SEAFOOD-PCKGD,SEAFOOD-FRESH,72,40.55
SEAFOOD-PCKGD,SEAFOOD-FRESH,73,42.89
SEAFOOD-PCKGD,SEAFOOD-FRESH,74,34.95
SEAFOOD-PCKGD,SEAFOOD-FRESH,75,18.64
SEAFOOD-PCKGD,SEAFOOD-FRESH,76,45.41
SEAFOOD-PCKGD,SEAFOOD-FRESH,77,18.46
SEAFOOD-PCKGD,SEAFOOD-FRESH,78,24.71
SEAFOOD-PCKGD,SEAFOOD-FRESH,79,24.02
SEAFOOD-PCKGD,SEAFOOD-FRESH,80,31.91
SEAFOOD-PCKGD,SEAFOOD-FRESH,81,21.55
SEAFOOD-PCKGD,SEAFOOD-FRESH,82,32.93
SEAFOOD-PCKGD,SEAFOOD-FRESH,83,13.1
SEAFOOD-PCKGD,SEAFOOD-FRESH,84,24.94
SEAFOOD-PCKGD,SEAFOOD-FRESH,85,51.04
SEAFOOD-PCKGD,SEAFOOD-FRESH,86,49.23
SEAFOOD-PCKGD,SEAFOOD-FRESH,87,173.46
SEAFOOD-PCKGD,SEAFOOD-FRESH,88,114.74
SEAFOOD-PCKGD,SEAFOOD-FRESH,89,22.68
SEAFOOD-PCKGD,SEAFOOD-FRESH,90,26.68
SEAFOOD-PCKGD,SEAFOOD-FRESH,91,83.5
SEAFOOD-PCKGD,SEAFOOD-FRESH,92,145.77
SEAFOOD-PCKGD,SEAFOOD-FRESH,93,74.47
SEAFOOD-PCKGD,SEAFOOD-FRESH,94,42.54
SEAFOOD-PCKGD,SEAFOOD-FRESH,95,33.97
SEAFOOD-PCKGD,SEAFOOD-FRESH,96,46.27
SEAFOOD-PCKGD,SEAFOOD-FRESH,97,90.25
SEAFOOD-PCKGD,SEAFOOD-FRESH,98,37.7
SEAFOOD-PCKGD,SEAFOOD-FRESH,99,52.75
SEAFOOD-PCKGD,SEAFOOD-FRESH,100,44.46
SEAFOOD-PCKGD,SEAFOOD-FRESH,101,30.34
SEAFOOD-PCKGD,SEAFOOD-FRESH,102,19.7
